catalog_id,time_utc,year,month,latitude,longitude,depth_km,magnitude_original,magnitude_type_original,magnitude_type_std,mw_reference,mw_reference_method,mw_reference_source,mw_reference_status,primary_source,sources,source_count,isc_event_id,usgs_event_id,spatial_qc,match_qc,event_qc_ready,mw_analysis_ready,qc_notes
MZA-00001,2000-01-04T15:10:56.560Z,2000,1,-33.3217,-68.5246,43.4,4.3,MD,MD,4.2735,Mendoza2022_Meq_to_Mw,Mendoza/YPF 2022,converted_regional,ISC,ISC,1,2058043,,inside_rectangle,single_source,yes,yes,
MZA-00002,2000-01-05T16:05:52.120Z,2000,1,-32.167,-69.873,147.3,3.7,MD,MD,3.6915,Mendoza2022_Meq_to_Mw,Mendoza/YPF 2022,converted_regional,ISC,ISC,1,2058065,,inside_rectangle,single_source,yes,yes,
MZA-00003,2000-01-08T08:02:59.740Z,2000,1,-33.252,-68.87,13.3,3.4,MD,MD,3.4005,Mendoza2022_Meq_to_Mw,Mendoza/YPF 2022,converted_regional,ISC,ISC,1,2058098,,inside_rectangle,single_source,yes,yes,
MZA-00004,2000-01-16T22:23:55.840Z,2000,1,-33.168,-68.433,24.3,3.6,MD,MD,3.5945,Mendoza2022_Meq_to_Mw,Mendoza/YPF 2022,converted_regional,ISC,ISC,1,2058198,,inside_rectangle,single_source,yes,yes,
MZA-00005,2000-01-17T00:55:43.270Z,2000,1,-32.168,-69.615,133.9,3.3,MD,MD,3.3035,Mendoza2022_Meq_to_Mw,Mendoza/YPF 2022,converted_regional,ISC,ISC,1,2058200,,inside_rectangle,single_source,yes,yes,
MZA-00006,2000-01-18T11:27:35.040Z,2000,1,-33.004,-69.274,11.9,4.2,MD,MD,4.1765,Mendoza2022_Meq_to_Mw,Mendoza/YPF 2022,converted_regional,ISC,ISC,1,2058210,,inside_rectangle,single_source,yes,yes,
MZA-00007,2000-01-23T08:31:49.490Z,2000,1,-32.984,-69.796,129.3,,,,,not_harmonized,,excluded_missing_or_invalid,ISC,ISC + USGS,2,1786103,usp0009mjp,inside_rectangle,accepted_auto,yes,no,Magnitud QC: missing.
MZA-00008,2000-01-31T06:36:46.110Z,2000,1,-33.143,-69.711,3.8,4,MD,MD,3.9825,Mendoza2022_Meq_to_Mw,Mendoza/YPF 2022,converted_regional,ISC,ISC,1,2058309,,inside_rectangle,single_source,yes,yes,
MZA-00009,2000-02-09T04:10:35.420Z,2000,2,-32.356,-69.717,130.6,,,,,not_harmonized,,excluded_missing_or_invalid,ISC,ISC + USGS,2,1787517,usp0009n80,inside_rectangle,accepted_auto,yes,no,Magnitud QC: missing.
MZA-00010,2000-02-18T23:28:35.660Z,2000,2,-33.424,-68.694,27.8,,,,,not_harmonized,,excluded_missing_or_invalid,ISC,ISC,1,2058516,,inside_rectangle,single_source,yes,no,Magnitud QC: missing.
MZA-00011,2000-02-22T23:54:50.600Z,2000,2,-32.306,-69.776,135.9,4.1,md,MD,4.0795,Mendoza2022_Meq_to_Mw,Mendoza/YPF 2022,converted_regional,USGS,USGS,1,,usp0009nus,inside_rectangle,single_source,yes,yes,
MZA-00012,2000-02-23T18:56:39.880Z,2000,2,-32.204,-69.871,100,4.1,md,MD,4.0795,Mendoza2022_Meq_to_Mw,Mendoza/YPF 2022,converted_regional,USGS,USGS,1,,usp0009nvk,inside_rectangle,single_source,yes,yes,
MZA-00013,2000-02-24T03:29:00.630Z,2000,2,-33.251,-68.638,3.9,4.3,MD,MD,4.2735,Mendoza2022_Meq_to_Mw,Mendoza/YPF 2022,converted_regional,ISC,ISC + USGS,2,1789039,usp0009nw3,inside_rectangle,accepted_auto,yes,yes,
MZA-00014,2000-02-25T01:38:51.950Z,2000,2,-32.303,-69.883,135.9,3.2,MD,MD,3.2065,Mendoza2022_Meq_to_Mw,Mendoza/YPF 2022,converted_regional,ISC,ISC + USGS,2,1789113,usp0009nxf,inside_rectangle,accepted_auto,yes,yes,
MZA-00015,2000-03-05T01:02:20.600Z,2000,3,-33.024,-69.598,161.9,2.6,MD,MD,2.6245,Mendoza2022_Meq_to_Mw,Mendoza/YPF 2022,converted_regional,ISC,ISC + USGS,2,1789751,usp0009p9c,inside_rectangle,accepted_auto,yes,yes,
MZA-00016,2000-03-11T11:03:58.050Z,2000,3,-33.153,-69.027,11.4,,,,,not_harmonized,,excluded_missing_or_invalid,ISC,ISC + USGS,2,1790306,usp0009pjk,inside_rectangle,accepted_auto,yes,no,Magnitud QC: missing.
MZA-00017,2000-03-15T17:48:03.560Z,2000,3,-32.7671,-69.1268,28.1,3.7,mb,mb,3.8148,Mendoza2022_mb_to_Mw,Mendoza/YPF 2022,converted_regional,ISC,ISC,1,2058872,,inside_rectangle,single_source,yes,yes,
MZA-00018,2000-03-15T17:48:22.710Z,2000,3,-32.5864,-69.0357,28.4,4.7,mb,mb,4.3688,Mendoza2022_mb_to_Mw,Mendoza/YPF 2022,converted_regional,ISC,ISC + USGS,2,1790629,usp0009prg,inside_rectangle,accepted_manual_location_uncertainty,yes,yes,Match con discrepancia espacial moderada.
MZA-00019,2000-03-15T20:13:58.440Z,2000,3,-32.437,-69.139,185.2,3.7,MD,MD,3.6915,Mendoza2022_Meq_to_Mw,Mendoza/YPF 2022,converted_regional,ISC,ISC,1,1790636,,inside_rectangle,single_source,yes,yes,
MZA-00020,2000-03-15T20:13:58.970Z,2000,3,-32.482,-68.558,100,3.7,md,MD,3.6915,Mendoza2022_Meq_to_Mw,Mendoza/YPF 2022,converted_regional,USGS,USGS,1,,usp0009prm,inside_rectangle,single_source,yes,yes,
MZA-00021,2000-03-16T20:05:25.090Z,2000,3,-33.933,-68.573,0.3,4.3,MD,MD,4.2735,Mendoza2022_Meq_to_Mw,Mendoza/YPF 2022,converted_regional,ISC,ISC + USGS,2,1790702,usp0009psu,inside_rectangle,accepted_auto,yes,yes,
MZA-00022,2000-03-18T20:36:33.190Z,2000,3,-32.034,-68.497,0.5,4,MD,MD,3.9825,Mendoza2022_Meq_to_Mw,Mendoza/YPF 2022,converted_regional,ISC,ISC + USGS,2,1790868,usp0009pvu,inside_rectangle,accepted_auto,yes,yes,
MZA-00023,2000-03-20T10:32:05.530Z,2000,3,-32.181,-69.851,153.3,,,,,not_harmonized,,excluded_missing_or_invalid,ISC,ISC + USGS,2,1791014,usp0009pyg,inside_rectangle,accepted_manual_caution,no,no,Match cauteloso; excluir del análisis espacial primario. Magnitud QC: missing.
MZA-00024,2000-03-22T17:46:59.089Z,2000,3,-32.278,-69.421,166.4,2.9,MD,MD,2.9155,Mendoza2022_Meq_to_Mw,Mendoza/YPF 2022,converted_regional,ISC,ISC + USGS,2,1791168,usp0009q1b,inside_rectangle,accepted_auto,yes,yes,
MZA-00025,2000-03-27T10:43:16.360Z,2000,3,-33.139,-69.012,14.9,3.4,MD,MD,3.4005,Mendoza2022_Meq_to_Mw,Mendoza/YPF 2022,converted_regional,ISC,ISC + USGS,2,1791627,usp0009q9a,inside_rectangle,accepted_auto,yes,yes,
MZA-00026,2000-03-31T01:36:22.490Z,2000,3,-32.244,-69.955,144.1,3.2,MD,MD,3.2065,Mendoza2022_Meq_to_Mw,Mendoza/YPF 2022,converted_regional,ISC,ISC + USGS,2,1792099,usp0009qhy,inside_rectangle,accepted_auto,yes,yes,
MZA-00027,2000-04-02T06:57:02.300Z,2000,4,-32.404,-69.918,111.2,3.5,MD,MD,3.4975,Mendoza2022_Meq_to_Mw,Mendoza/YPF 2022,converted_regional,ISC,ISC + USGS,2,1793191,usp0009qpa,inside_rectangle,accepted_auto,yes,yes,
MZA-00028,2000-04-03T00:30:55.820Z,2000,4,-32.65,-69.246,20.2,3.7,MD,MD,3.6915,Mendoza2022_Meq_to_Mw,Mendoza/YPF 2022,converted_regional,ISC,ISC + USGS,2,1793287,usp0009qqv,inside_rectangle,accepted_auto,yes,yes,
MZA-00029,2000-04-10T01:00:33.550Z,2000,4,-32.994,-69.74,138.1,2.8,MD,MD,2.8185,Mendoza2022_Meq_to_Mw,Mendoza/YPF 2022,converted_regional,ISC,ISC + USGS,2,1794158,usp0009r2t,inside_rectangle,accepted_auto,yes,yes,
MZA-00030,2000-04-11T14:05:30.769Z,2000,4,-32.919,-69.131,3.5,3.5,MD,MD,3.4975,Mendoza2022_Meq_to_Mw,Mendoza/YPF 2022,converted_regional,ISC,ISC + USGS,2,1794301,usp0009r58,inside_rectangle,accepted_auto,yes,yes,
MZA-00031,2000-04-13T19:03:09.740Z,2000,4,-32.483,-69.953,133,2.9,MD,MD,2.9155,Mendoza2022_Meq_to_Mw,Mendoza/YPF 2022,converted_regional,ISC,ISC + USGS,2,1794483,usp0009r86,inside_rectangle,accepted_auto,yes,yes,
MZA-00032,2000-04-24T13:51:31.160Z,2000,4,-32.041,-69.79,145.4,3.4,MD,MD,3.4005,Mendoza2022_Meq_to_Mw,Mendoza/YPF 2022,converted_regional,ISC,ISC + USGS,2,1795494,usp0009rtj,inside_rectangle,accepted_auto,yes,yes,
MZA-00033,2000-05-14T01:46:00.780Z,2000,5,-33.01,-68.992,15,,,,,not_harmonized,,excluded_missing_or_invalid,ISC,ISC,1,2059577,,inside_rectangle,single_source,yes,no,Magnitud QC: missing.
MZA-00034,2000-05-15T09:38:41.140Z,2000,5,-34.042,-68.52,16.8,3.4,MD,MD,3.4005,Mendoza2022_Meq_to_Mw,Mendoza/YPF 2022,converted_regional,ISC,ISC + USGS,2,1802345,usp0009t05,inside_rectangle,accepted_auto,yes,yes,
MZA-00035,2000-05-17T17:54:13.580Z,2000,5,-35.3347,-69.9166,155.8,3.7,mb,mb,3.8148,Mendoza2022_mb_to_Mw,Mendoza/YPF 2022,converted_regional,ISC,ISC + USGS,2,1802521,usp0009t3e,inside_rectangle,accepted_auto,yes,yes,
MZA-00036,2000-05-18T18:10:11.230Z,2000,5,-32.457,-69.957,130.6,3.3,MD,MD,3.3035,Mendoza2022_Meq_to_Mw,Mendoza/YPF 2022,converted_regional,ISC,ISC + USGS,2,1802615,usp0009t54,inside_rectangle,accepted_auto,yes,yes,
MZA-00037,2000-05-22T18:54:00.840Z,2000,5,-32.5308,-69.9529,106.7,4.3,mb,mb,4.1472,Mendoza2022_mb_to_Mw,Mendoza/YPF 2022,converted_regional,ISC,ISC + USGS,2,1802956,usp0009tbf,inside_rectangle,accepted_auto,yes,yes,
MZA-00038,2000-05-24T00:42:36.240Z,2000,5,-35.06,-69.93,23.9,3.8,MD,MD,3.7885,Mendoza2022_Meq_to_Mw,Mendoza/YPF 2022,converted_regional,ISC,ISC + USGS,2,1803095,usp0009td7,inside_rectangle,accepted_auto,yes,yes,
MZA-00039,2000-05-29T02:30:56.399Z,2000,5,-33.402,-68.598,11.9,4.3,MD,MD,4.2735,Mendoza2022_Meq_to_Mw,Mendoza/YPF 2022,converted_regional,ISC,ISC + USGS,2,1803586,usp0009tkn,inside_rectangle,accepted_auto,yes,yes,
MZA-00040,2000-05-29T15:06:14.030Z,2000,5,-32.1941,-69.5909,132.2,3.5,mb,mb,3.704,Mendoza2022_mb_to_Mw,Mendoza/YPF 2022,converted_regional,ISC,ISC + USGS,2,1803624,usp0009tma,inside_rectangle,accepted_manual_location_uncertainty,yes,yes,Match con discrepancia espacial moderada.
MZA-00041,2000-06-04T21:36:00.420Z,2000,6,-32.222,-69.953,142.5,2.7,MD,MD,2.7215,Mendoza2022_Meq_to_Mw,Mendoza/YPF 2022,converted_regional,ISC,ISC + USGS,2,1807265,usp0009tza,inside_rectangle,accepted_auto,yes,yes,
MZA-00042,2000-06-06T21:53:07.850Z,2000,6,-32.861,-68.547,20,3.9,MD,MD,3.8855,Mendoza2022_Meq_to_Mw,Mendoza/YPF 2022,converted_regional,ISC,ISC + USGS,2,1807565,usp0009u52,inside_rectangle,accepted_auto,yes,yes,
MZA-00043,2000-06-09T11:42:29.140Z,2000,6,-33.446,-69.96,7.2,3.8,MD,MD,3.7885,Mendoza2022_Meq_to_Mw,Mendoza/YPF 2022,converted_regional,ISC,ISC + USGS,2,1807837,usp0009uaf,inside_rectangle,accepted_auto,yes,yes,
MZA-00044,2000-06-14T04:12:36.140Z,2000,6,-32.171,-69.773,144.2,3.1,MD,MD,3.1095,Mendoza2022_Meq_to_Mw,Mendoza/YPF 2022,converted_regional,ISC,ISC,1,2059689,,inside_rectangle,single_source,yes,yes,
MZA-00045,2000-06-15T03:34:26.850Z,2000,6,-32.23,-69.909,139.2,2.7,MD,MD,2.7215,Mendoza2022_Meq_to_Mw,Mendoza/YPF 2022,converted_regional,ISC,ISC + USGS,2,1808343,usp0009um3,inside_rectangle,accepted_auto,yes,yes,
MZA-00046,2000-06-17T20:43:18.590Z,2000,6,-32.173,-69.06,0.2,4.1,MD,MD,4.0795,Mendoza2022_Meq_to_Mw,Mendoza/YPF 2022,converted_regional,ISC,ISC + USGS,2,1808604,usp0009urv,inside_rectangle,accepted_auto,yes,yes,
MZA-00047,2000-07-16T23:30:55.210Z,2000,7,-32.042,-69.902,150,3.9,md,MD,3.8855,Mendoza2022_Meq_to_Mw,Mendoza/YPF 2022,converted_regional,USGS,USGS,1,,usp0009wn0,inside_rectangle,single_source,yes,yes,
MZA-00048,2000-07-26T20:08:56.650Z,2000,7,-32.768,-69.003,207.2,3.5,MD,MD,3.4975,Mendoza2022_Meq_to_Mw,Mendoza/YPF 2022,converted_regional,ISC,ISC,1,1816608,,inside_rectangle,single_source,yes,yes,
MZA-00049,2000-07-26T20:08:57.050Z,2000,7,-32.839,-68.467,145.8,3.5,md,MD,3.4975,Mendoza2022_Meq_to_Mw,Mendoza/YPF 2022,converted_regional,USGS,USGS,1,,usp0009x7w,inside_rectangle,single_source,yes,yes,
MZA-00050,2000-08-05T15:16:23.409Z,2000,8,-34.218,-68.5335,43,4.4,mb,mb,4.2026,Mendoza2022_mb_to_Mw,Mendoza/YPF 2022,converted_regional,ISC,ISC + USGS,2,1908902,usp0009xyv,inside_rectangle,accepted_auto,yes,yes,
MZA-00051,2000-08-09T23:13:21.790Z,2000,8,-32.237,-69.831,147.7,2.9,MD,MD,2.9155,Mendoza2022_Meq_to_Mw,Mendoza/YPF 2022,converted_regional,ISC,ISC + USGS,2,1909154,usp0009y78,inside_rectangle,accepted_auto,yes,yes,
MZA-00052,2000-08-12T17:23:03.930Z,2000,8,-32.8677,-68.7095,144.9,3.9,MD,MD,3.8855,Mendoza2022_Meq_to_Mw,Mendoza/YPF 2022,converted_regional,ISC,ISC + USGS,2,1909262,usp0009yb4,inside_rectangle,accepted_auto,yes,yes,
MZA-00053,2000-08-15T21:07:22.160Z,2000,8,-32.725,-69.25,170.8,,,,,not_harmonized,,excluded_missing_or_invalid,ISC,ISC + USGS,2,1909741,usp0009yje,inside_rectangle,accepted_auto,yes,no,Magnitud QC: missing.
MZA-00054,2000-08-20T01:32:56.870Z,2000,8,-34.2776,-68.7528,15.5,4.2,mb,mb,4.0918,Mendoza2022_mb_to_Mw,Mendoza/YPF 2022,converted_regional,ISC,ISC + USGS,2,1910153,usp0009ytd,inside_rectangle,accepted_auto,yes,yes,
MZA-00055,2000-08-25T13:05:16.630Z,2000,8,-33.715,-69.905,1.6,3.7,MD,MD,3.6915,Mendoza2022_Meq_to_Mw,Mendoza/YPF 2022,converted_regional,ISC,ISC + USGS,2,1910548,usp0009z51,inside_rectangle,accepted_auto,yes,yes,
MZA-00056,2000-09-07T13:16:18.500Z,2000,9,-32.38,-69.891,134.4,3.8,MD,MD,3.7885,Mendoza2022_Meq_to_Mw,Mendoza/YPF 2022,converted_regional,ISC,ISC + USGS,2,1911012,usp0009zuu,inside_rectangle,accepted_auto,yes,yes,
MZA-00057,2000-09-08T17:57:30.100Z,2000,9,-32.697,-68.808,19.9,,,,,not_harmonized,,excluded_missing_or_invalid,ISC,ISC + USGS,2,1911049,usp0009zx2,inside_rectangle,accepted_auto,yes,no,Magnitud QC: missing.
MZA-00058,2000-09-19T15:17:17.300Z,2000,9,-32.875,-68.679,8.2,4.2,MD,MD,4.1765,Mendoza2022_Meq_to_Mw,Mendoza/YPF 2022,converted_regional,ISC,ISC + USGS,2,1911420,usp000a0he,inside_rectangle,accepted_auto,yes,yes,
MZA-00059,2000-09-24T00:17:26.700Z,2000,9,-34.83,-69.798,0,3.8,MD,MD,3.7885,Mendoza2022_Meq_to_Mw,Mendoza/YPF 2022,converted_regional,ISC,ISC + USGS,2,1911533,usp000a0qp,inside_rectangle,accepted_auto,yes,yes,
MZA-00060,2000-10-01T04:11:46.700Z,2000,10,-33.486,-68.714,0,4,MD,MD,3.9825,Mendoza2022_Meq_to_Mw,Mendoza/YPF 2022,converted_regional,ISC,ISC + USGS,2,1911794,usp000a131,inside_rectangle,accepted_auto,yes,yes,
MZA-00061,2000-10-01T19:42:25.400Z,2000,10,-33.232,-69.201,15,4.2,MD,MD,4.1765,Mendoza2022_Meq_to_Mw,Mendoza/YPF 2022,converted_regional,ISC,ISC + USGS,2,1911824,usp000a14a,inside_rectangle,accepted_auto,yes,yes,
MZA-00062,2000-10-03T16:36:04.000Z,2000,10,-33.935,-68.481,0,4.1,MD,MD,4.0795,Mendoza2022_Meq_to_Mw,Mendoza/YPF 2022,converted_regional,ISC,ISC + USGS,2,1911877,usp000a175,inside_rectangle,accepted_auto,yes,yes,
MZA-00063,2000-10-07T10:53:32.870Z,2000,10,-32.3942,-67.5012,145.3,4.6,mb,mb,4.3134,Mendoza2022_mb_to_Mw,Mendoza/YPF 2022,converted_regional,ISC,ISC + USGS,2,1911996,usp000a1db,inside_rectangle,accepted_auto,yes,yes,
MZA-00064,2000-10-08T15:58:59.200Z,2000,10,-32.114,-69.73,141.7,3.2,MD,MD,3.2065,Mendoza2022_Meq_to_Mw,Mendoza/YPF 2022,converted_regional,ISC,ISC + USGS,2,1912041,usp000a1fs,inside_rectangle,accepted_auto,yes,yes,
MZA-00065,2000-10-09T06:54:37.400Z,2000,10,-33.578,-69.986,1.6,3.4,MD,MD,3.4005,Mendoza2022_Meq_to_Mw,Mendoza/YPF 2022,converted_regional,ISC,ISC,1,3155065,,inside_rectangle,single_source,yes,yes,
MZA-00066,2000-10-13T01:31:09.500Z,2000,10,-32.465,-69.704,145.8,2.8,MD,MD,2.8185,Mendoza2022_Meq_to_Mw,Mendoza/YPF 2022,converted_regional,ISC,ISC + USGS,2,1912164,usp000a1pp,inside_rectangle,accepted_auto,yes,yes,
MZA-00067,2000-10-15T15:21:37.200Z,2000,10,-33.137,-69.538,30.5,,,,,not_harmonized,,excluded_missing_or_invalid,ISC,ISC,1,3155124,,inside_rectangle,single_source,yes,no,Magnitud QC: missing.
MZA-00068,2000-10-25T19:40:51.900Z,2000,10,-32.581,-69.051,0,3.8,MD,MD,3.7885,Mendoza2022_Meq_to_Mw,Mendoza/YPF 2022,converted_regional,ISC,ISC + USGS,2,1912643,usp000a2dg,inside_rectangle,accepted_auto,yes,yes,
MZA-00069,2000-10-28T04:53:03.299Z,2000,10,-32.459,-69.193,0.1,4.3,MD,MD,4.2735,Mendoza2022_Meq_to_Mw,Mendoza/YPF 2022,converted_regional,ISC,ISC + USGS,2,1912711,usp000a2j5,inside_rectangle,accepted_auto,yes,yes,
MZA-00070,2000-11-03T06:21:34.160Z,2000,11,-32.671,-69.985,105,4.5,mb,mb,4.258,Mendoza2022_mb_to_Mw,Mendoza/YPF 2022,converted_regional,USGS,USGS,1,,usp000a2we,inside_rectangle,single_source,yes,yes,
MZA-00071,2000-11-19T19:09:50.500Z,2000,11,-33.389,-68.125,0,,,,,not_harmonized,,excluded_missing_or_invalid,ISC,ISC,1,3155463,,inside_rectangle,single_source,yes,no,Magnitud QC: missing.
MZA-00072,2000-11-22T17:38:07.900Z,2000,11,-32.738,-68.919,1.3,4.7,MD,MD,4.6615,Mendoza2022_Meq_to_Mw,Mendoza/YPF 2022,converted_regional,ISC,ISC + USGS,2,1914106,usp000a4p0,inside_rectangle,accepted_auto,yes,yes,
MZA-00073,2000-11-26T06:45:15.999Z,2000,11,-33.173,-69.972,108.7,2.5,MD,MD,2.5275,Mendoza2022_Meq_to_Mw,Mendoza/YPF 2022,converted_regional,ISC,ISC + USGS,2,1914314,usp000a4zp,inside_rectangle,accepted_auto,yes,yes,
MZA-00074,2000-11-27T08:55:00.500Z,2000,11,-32.882,-69.669,117.5,3.1,MD,MD,3.1095,Mendoza2022_Meq_to_Mw,Mendoza/YPF 2022,converted_regional,ISC,ISC + USGS,2,1914358,usp000a521,inside_rectangle,accepted_auto,yes,yes,
MZA-00075,2000-11-29T22:26:57.200Z,2000,11,-32.016,-69.945,142.2,3.7,MD,MD,3.6915,Mendoza2022_Meq_to_Mw,Mendoza/YPF 2022,converted_regional,ISC,ISC + USGS,2,1914479,usp000a57m,inside_rectangle,accepted_auto,yes,yes,
MZA-00076,2000-11-30T07:29:30.400Z,2000,11,-32.105,-69.681,135.2,3.6,MD,MD,3.5945,Mendoza2022_Meq_to_Mw,Mendoza/YPF 2022,converted_regional,ISC,ISC + USGS,2,1914498,usp000a58j,inside_rectangle,accepted_auto,yes,yes,
MZA-00077,2000-12-01T14:37:33.300Z,2000,12,-33.402,-68.264,0,4.1,MD,MD,4.0795,Mendoza2022_Meq_to_Mw,Mendoza/YPF 2022,converted_regional,ISC,ISC + USGS,2,1914551,usp000a5b3,inside_rectangle,accepted_auto,yes,yes,
MZA-00078,2000-12-06T21:16:11.130Z,2000,12,-32.002,-69.137,33,,,,,not_harmonized,,excluded_missing_or_invalid,USGS,USGS,1,,usp000a5mk,inside_rectangle,single_source,yes,no,Magnitud QC: missing.
MZA-00079,2000-12-09T05:05:34.800Z,2000,12,-32.559,-69.822,97.7,2.5,MD,MD,2.5275,Mendoza2022_Meq_to_Mw,Mendoza/YPF 2022,converted_regional,ISC,ISC + USGS,2,1914832,usp000a5rk,inside_rectangle,accepted_auto,yes,yes,
MZA-00080,2000-12-14T05:22:00.500Z,2000,12,-32.543,-68.761,20,3.5,MD,MD,3.4975,Mendoza2022_Meq_to_Mw,Mendoza/YPF 2022,converted_regional,ISC,ISC + USGS,2,1915037,usp000a61r,inside_rectangle,accepted_auto,yes,yes,
MZA-00081,2000-12-16T10:38:22.000Z,2000,12,-33.261,-69.786,2.9,3.4,MD,MD,3.4005,Mendoza2022_Meq_to_Mw,Mendoza/YPF 2022,converted_regional,ISC,ISC + USGS,2,1915116,usp000a65j,inside_rectangle,accepted_auto,yes,yes,
MZA-00082,2000-12-23T09:41:30.900Z,2000,12,-32.048,-69.911,154.3,3.1,MD,MD,3.1095,Mendoza2022_Meq_to_Mw,Mendoza/YPF 2022,converted_regional,ISC,ISC + USGS,2,2056084,usp000a6kw,inside_rectangle,accepted_auto,yes,yes,
MZA-00083,2000-12-29T08:58:35.100Z,2000,12,-33.492,-68.571,0,3.8,MD,MD,3.7885,Mendoza2022_Meq_to_Mw,Mendoza/YPF 2022,converted_regional,ISC,ISC,1,2056211,,inside_rectangle,single_source,yes,yes,
MZA-00084,2000-12-29T08:58:39.240Z,2000,12,-34.003,-68.679,33,3.8,md,MD,3.7885,Mendoza2022_Meq_to_Mw,Mendoza/YPF 2022,converted_regional,USGS,USGS,1,,usp000a6vv,inside_rectangle,single_source,yes,yes,
MZA-00085,2000-12-30T11:08:45.600Z,2000,12,-32.543,-68.984,160,3,MD,MD,3.0125,Mendoza2022_Meq_to_Mw,Mendoza/YPF 2022,converted_regional,ISC,ISC + USGS,2,2056249,usp000a6xm,inside_rectangle,accepted_auto,yes,yes,
MZA-00086,2001-01-06T05:33:41.400Z,2001,1,-32.755,-69.025,157.8,2.9,MD,MD,2.9155,Mendoza2022_Meq_to_Mw,Mendoza/YPF 2022,converted_regional,ISC,ISC + USGS,2,2039072,usp000a76x,inside_rectangle,accepted_auto,yes,yes,
MZA-00087,2001-01-06T15:18:40.800Z,2001,1,-32.269,-69.121,17,3.8,MD,MD,3.7885,Mendoza2022_Meq_to_Mw,Mendoza/YPF 2022,converted_regional,ISC,ISC + USGS,2,2039091,usp000a77c,inside_rectangle,accepted_auto,yes,yes,
MZA-00088,2001-01-06T18:04:18.000Z,2001,1,-32.235,-68.027,257.4,3.6,MD,MD,3.5945,Mendoza2022_Meq_to_Mw,Mendoza/YPF 2022,converted_regional,ISC,ISC + USGS,2,2039101,usp000a77k,inside_rectangle,accepted_auto,yes,yes,
MZA-00089,2001-01-17T08:46:03.500Z,2001,1,-33.283,-68.57,0,3.8,MD,MD,3.7885,Mendoza2022_Meq_to_Mw,Mendoza/YPF 2022,converted_regional,ISC,ISC + USGS,2,2039796,usp000a7v6,inside_rectangle,accepted_auto,yes,yes,
MZA-00090,2001-01-24T08:38:24.300Z,2001,1,-33.334,-68.452,0,3.8,MD,MD,3.7885,Mendoza2022_Meq_to_Mw,Mendoza/YPF 2022,converted_regional,ISC,ISC + USGS,2,2039937,usp000a89z,inside_rectangle,accepted_auto,yes,yes,
MZA-00091,2001-01-24T10:49:58.800Z,2001,1,-33.39,-68.869,0,3.3,MD,MD,3.3035,Mendoza2022_Meq_to_Mw,Mendoza/YPF 2022,converted_regional,ISC,ISC + USGS,2,2039955,usp000a8ac,inside_rectangle,accepted_auto,yes,yes,
MZA-00092,2001-02-04T14:17:27.500Z,2001,2,-33.389,-68.67,3,3.8,MD,MD,3.7885,Mendoza2022_Meq_to_Mw,Mendoza/YPF 2022,converted_regional,ISC,ISC + USGS,2,2041001,usp000a92a,inside_rectangle,accepted_auto,yes,yes,
MZA-00093,2001-02-06T20:18:40.200Z,2001,2,-33.459,-69.495,2.8,4.1,MD,MD,4.0795,Mendoza2022_Meq_to_Mw,Mendoza/YPF 2022,converted_regional,ISC,ISC + USGS,2,2041114,usp000a96h,inside_rectangle,accepted_auto,yes,yes,
MZA-00094,2001-02-09T07:20:08.500Z,2001,2,-33.229,-69.988,106.2,2.4,MD,MD,2.4305,Mendoza2022_Meq_to_Mw,Mendoza/YPF 2022,converted_regional,ISC,ISC,1,2041259,,inside_rectangle,single_source,yes,yes,
MZA-00095,2001-02-16T13:08:20.200Z,2001,2,-33.284,-68.31,16,3.3,MD,MD,3.3035,Mendoza2022_Meq_to_Mw,Mendoza/YPF 2022,converted_regional,ISC,ISC + USGS,2,3013807,usp000a9r0,inside_rectangle,accepted_auto,yes,yes,
MZA-00096,2001-03-15T01:29:25.800Z,2001,3,-32.435,-69.751,127.3,3.1,MD,MD,3.1095,Mendoza2022_Meq_to_Mw,Mendoza/YPF 2022,converted_regional,ISC,ISC + USGS,2,2043557,usp000abdz,inside_rectangle,accepted_auto,yes,yes,
MZA-00097,2001-03-15T11:06:23.650Z,2001,3,-34.8556,-69.7066,51.5,4.7,mb,mb,4.3688,Mendoza2022_mb_to_Mw,Mendoza/YPF 2022,converted_regional,ISC,ISC + USGS,2,2043589,usp000abex,inside_rectangle,accepted_auto,yes,yes,
MZA-00098,2001-03-16T09:52:06.399Z,2001,3,-32.038,-69.297,212,,,,,not_harmonized,,excluded_missing_or_invalid,ISC,ISC,1,3203379,,inside_rectangle,single_source,yes,no,Magnitud QC: missing.
MZA-00099,2001-03-20T03:51:37.900Z,2001,3,-32.727,-69.921,106.6,2.8,MD,MD,2.8185,Mendoza2022_Meq_to_Mw,Mendoza/YPF 2022,converted_regional,ISC,ISC + USGS,2,2043949,usp000abrs,inside_rectangle,accepted_auto,yes,yes,
MZA-00100,2001-03-24T08:14:21.300Z,2001,3,-35.113,-69.6,12.1,3.6,MD,MD,3.5945,Mendoza2022_Meq_to_Mw,Mendoza/YPF 2022,converted_regional,ISC,ISC + USGS,2,2044133,usp000abyk,inside_rectangle,accepted_auto,yes,yes,
MZA-00101,2001-03-26T12:15:14.400Z,2001,3,-32.189,-69.612,127.1,3.3,MD,MD,3.3035,Mendoza2022_Meq_to_Mw,Mendoza/YPF 2022,converted_regional,ISC,ISC,1,2044281,,inside_rectangle,single_source,yes,yes,
MZA-00102,2001-04-01T16:57:58.000Z,2001,4,-32.521,-69.541,119.8,3,MD,MD,3.0125,Mendoza2022_Meq_to_Mw,Mendoza/YPF 2022,converted_regional,ISC,ISC + USGS,2,2044793,usp000acd2,inside_rectangle,accepted_auto,yes,yes,
MZA-00103,2001-04-02T06:53:02.600Z,2001,4,-32.007,-69.544,156.9,3.4,MD,MD,3.4005,Mendoza2022_Meq_to_Mw,Mendoza/YPF 2022,converted_regional,ISC,ISC + USGS,2,2044821,usp000acdz,inside_rectangle,accepted_auto,yes,yes,
MZA-00104,2001-04-04T15:58:57.300Z,2001,4,-33.373,-68.56,0,4,MD,MD,3.9825,Mendoza2022_Meq_to_Mw,Mendoza/YPF 2022,converted_regional,ISC,ISC,1,3203531,,inside_rectangle,single_source,yes,yes,
MZA-00105,2001-04-08T11:23:10.700Z,2001,4,-32.881,-68.376,0,3.9,MD,MD,3.8855,Mendoza2022_Meq_to_Mw,Mendoza/YPF 2022,converted_regional,ISC,ISC + USGS,2,3018498,usp000act8,inside_rectangle,accepted_auto,yes,yes,
MZA-00106,2001-04-09T06:41:14.100Z,2001,4,-33.282,-68.569,12,3.4,MD,MD,3.4005,Mendoza2022_Meq_to_Mw,Mendoza/YPF 2022,converted_regional,ISC,ISC + USGS,2,3018575,usp000acus,inside_rectangle,accepted_auto,yes,yes,
MZA-00107,2001-04-14T06:53:14.500Z,2001,4,-32.072,-69.789,141.5,3.4,MD,MD,3.4005,Mendoza2022_Meq_to_Mw,Mendoza/YPF 2022,converted_regional,ISC,ISC + USGS,2,3019201,usp000ad7p,inside_rectangle,accepted_auto,yes,yes,
MZA-00108,2001-04-16T12:04:51.300Z,2001,4,-32.902,-69.05,7.5,4.4,MD,MD,4.3705,Mendoza2022_Meq_to_Mw,Mendoza/YPF 2022,converted_regional,ISC,ISC + USGS,2,3019414,usp000adc4,inside_rectangle,accepted_auto,yes,yes,
MZA-00109,2001-04-18T05:31:30.700Z,2001,4,-33.348,-68.818,15,3.5,MD,MD,3.4975,Mendoza2022_Meq_to_Mw,Mendoza/YPF 2022,converted_regional,ISC,ISC + USGS,2,3019588,usp000adfw,inside_rectangle,accepted_auto,yes,yes,
MZA-00110,2001-04-18T09:29:07.200Z,2001,4,-33.421,-68.201,272.4,3.9,MD,MD,3.8855,Mendoza2022_Meq_to_Mw,Mendoza/YPF 2022,converted_regional,ISC,ISC + USGS,2,3019596,usp000adg1,inside_rectangle,accepted_auto,yes,yes,
MZA-00111,2001-04-26T09:47:56.000Z,2001,4,-33.967,-69.462,176.7,3.2,MD,MD,3.2065,Mendoza2022_Meq_to_Mw,Mendoza/YPF 2022,converted_regional,ISC,ISC + USGS,2,3020399,usp000adzk,inside_rectangle,accepted_auto,yes,yes,
MZA-00112,2001-04-30T06:40:33.900Z,2001,4,-34.119,-68.425,0,4.1,MD,MD,4.0795,Mendoza2022_Meq_to_Mw,Mendoza/YPF 2022,converted_regional,ISC,ISC + USGS,2,3020771,usp000ae7c,inside_rectangle,accepted_auto,yes,yes,
MZA-00113,2001-05-04T20:15:19.700Z,2001,5,-32.653,-69.911,122.9,2.9,MD,MD,2.9155,Mendoza2022_Meq_to_Mw,Mendoza/YPF 2022,converted_regional,ISC,ISC + USGS,2,3150329,usp000aeed,inside_rectangle,accepted_auto,yes,yes,
MZA-00114,2001-05-07T05:40:07.520Z,2001,5,-33.0138,-69.0875,14.3,4.7,MD,MD,4.6615,Mendoza2022_Meq_to_Mw,Mendoza/YPF 2022,converted_regional,ISC,ISC + USGS,2,3150591,usp000aej7,inside_rectangle,accepted_auto,yes,yes,
MZA-00115,2001-05-10T15:00:26.100Z,2001,5,-32.072,-67.956,10.9,4.1,MD,MD,4.0795,Mendoza2022_Meq_to_Mw,Mendoza/YPF 2022,converted_regional,ISC,ISC + USGS,2,3150912,usp000aeqv,inside_rectangle,accepted_auto,yes,yes,
MZA-00116,2001-05-21T01:13:22.600Z,2001,5,-35.166,-69.886,1.7,,,,,not_harmonized,,excluded_missing_or_invalid,ISC,ISC + USGS,2,2047427,usp000af99,inside_rectangle,accepted_auto,yes,no,Magnitud QC: missing.
MZA-00117,2001-05-30T06:41:46.600Z,2001,5,-33.596,-68.667,3.7,3.7,MD,MD,3.6915,Mendoza2022_Meq_to_Mw,Mendoza/YPF 2022,converted_regional,ISC,ISC + USGS,2,2047931,usp000afsd,inside_rectangle,accepted_auto,yes,yes,
MZA-00118,2001-06-02T04:12:49.400Z,2001,6,-32.062,-69.972,126.1,3.4,MD,MD,3.4005,Mendoza2022_Meq_to_Mw,Mendoza/YPF 2022,converted_regional,ISC,ISC + USGS,2,2048083,usp000afww,inside_rectangle,accepted_auto,yes,yes,
MZA-00119,2001-06-04T18:16:17.600Z,2001,6,-32.727,-69.908,113.3,3.1,MD,MD,3.1095,Mendoza2022_Meq_to_Mw,Mendoza/YPF 2022,converted_regional,ISC,ISC + USGS,2,2048184,usp000ag1r,inside_rectangle,accepted_auto,yes,yes,
MZA-00120,2001-06-04T23:54:53.000Z,2001,6,-32.223,-69.927,123.9,3.8,MD,MD,3.7885,Mendoza2022_Meq_to_Mw,Mendoza/YPF 2022,converted_regional,ISC,ISC,1,2048204,,inside_rectangle,single_source,yes,yes,
MZA-00121,2001-06-15T01:27:38.300Z,2001,6,-32.108,-69.425,163.2,3,MD,MD,3.0125,Mendoza2022_Meq_to_Mw,Mendoza/YPF 2022,converted_regional,ISC,ISC,1,3204373,,inside_rectangle,single_source,yes,yes,
MZA-00122,2001-06-20T22:57:12.280Z,2001,6,-33.3049,-68.6801,45.8,4.2,mb,mb,4.0918,Mendoza2022_mb_to_Mw,Mendoza/YPF 2022,converted_regional,ISC,ISC + USGS,2,2048824,usp000agzw,inside_rectangle,accepted_auto,yes,yes,
MZA-00123,2001-07-02T18:40:52.199Z,2001,7,-33.177,-68.196,0.2,4,MD,MD,3.9825,Mendoza2022_Meq_to_Mw,Mendoza/YPF 2022,converted_regional,ISC,ISC + USGS,2,3204606,usp000ahvy,inside_rectangle,accepted_auto,yes,yes,
MZA-00124,2001-07-08T00:37:28.199Z,2001,7,-32.165,-68.259,5,4,MD,MD,3.9825,Mendoza2022_Meq_to_Mw,Mendoza/YPF 2022,converted_regional,ISC,ISC,1,3204670,,inside_rectangle,single_source,yes,yes,
MZA-00125,2001-07-08T17:16:30.499Z,2001,7,-33.093,-68.865,5,4.2,MD,MD,4.1765,Mendoza2022_Meq_to_Mw,Mendoza/YPF 2022,converted_regional,ISC,ISC + USGS,2,3204679,usp000aj7v,inside_rectangle,accepted_auto,yes,yes,
MZA-00126,2001-07-10T09:00:00.000Z,2001,7,-32.277,-69.948,126.9,3.7,MD,MD,3.6915,Mendoza2022_Meq_to_Mw,Mendoza/YPF 2022,converted_regional,ISC,ISC + USGS,2,3204692,usp000ajad,inside_rectangle,accepted_auto,yes,yes,
MZA-00127,2001-07-23T05:31:47.299Z,2001,7,-33.849,-69.691,95.3,3.2,MD,MD,3.2065,Mendoza2022_Meq_to_Mw,Mendoza/YPF 2022,converted_regional,ISC,ISC + USGS,2,3204834,usp000ak0h,inside_rectangle,accepted_auto,yes,yes,
MZA-00128,2001-08-04T20:22:19.330Z,2001,8,-33.2911,-68.3919,45.4,4.3,mb,mb,4.1472,Mendoza2022_mb_to_Mw,Mendoza/YPF 2022,converted_regional,ISC,ISC + USGS,2,2050934,usp000akum,inside_rectangle,accepted_auto,yes,yes,
MZA-00129,2001-08-15T00:22:31.600Z,2001,8,-32.03,-69.8,140.5,3.1,MD,MD,3.1095,Mendoza2022_Meq_to_Mw,Mendoza/YPF 2022,converted_regional,ISC,ISC + USGS,2,2051643,usp000amg3,inside_rectangle,accepted_auto,yes,yes,
MZA-00130,2001-08-17T13:22:18.890Z,2001,8,-32.6339,-69.8094,114.9,4.1,mb,mb,4.0364,Mendoza2022_mb_to_Mw,Mendoza/YPF 2022,converted_regional,ISC,ISC + USGS,2,2051770,usp000amm4,inside_rectangle,accepted_auto,yes,yes,
MZA-00131,2001-08-19T03:30:59.600Z,2001,8,-32.568,-69.105,158.4,3.4,MD,MD,3.4005,Mendoza2022_Meq_to_Mw,Mendoza/YPF 2022,converted_regional,ISC,ISC + USGS,2,3205151,usp000amp4,inside_rectangle,accepted_auto,yes,yes,
MZA-00132,2001-08-21T00:18:21.600Z,2001,8,-32.178,-69.447,16.7,,,,,not_harmonized,,excluded_missing_or_invalid,ISC,ISC,1,3205179,,inside_rectangle,single_source,yes,no,Magnitud QC: missing.
MZA-00133,2001-09-06T21:15:03.600Z,2001,9,-32.866,-69.953,104.7,3,MD,MD,3.0125,Mendoza2022_Meq_to_Mw,Mendoza/YPF 2022,converted_regional,ISC,ISC + USGS,2,3205420,usp000anrs,inside_rectangle,accepted_auto,yes,yes,
MZA-00134,2001-09-19T08:15:21.799Z,2001,9,-32.29,-69.677,141.6,3.4,MD,MD,3.4005,Mendoza2022_Meq_to_Mw,Mendoza/YPF 2022,converted_regional,ISC,ISC + USGS,2,2105406,usp000apfb,inside_rectangle,accepted_auto,yes,yes,
MZA-00135,2001-09-24T06:07:03.700Z,2001,9,-32.93,-69.936,118.7,3.3,MD,MD,3.3035,Mendoza2022_Meq_to_Mw,Mendoza/YPF 2022,converted_regional,ISC,ISC + USGS,2,2118888,usp000apq1,inside_rectangle,accepted_auto,yes,yes,
MZA-00136,2001-09-28T19:53:16.000Z,2001,9,-32.347,-69.97,116.4,3.2,MD,MD,3.2065,Mendoza2022_Meq_to_Mw,Mendoza/YPF 2022,converted_regional,ISC,ISC + USGS,2,2146264,usp000apya,inside_rectangle,accepted_auto,yes,yes,
MZA-00137,2001-10-03T13:53:31.450Z,2001,10,-35.986,-69.832,172.3,4.1,mb,mb,4.0364,Mendoza2022_mb_to_Mw,Mendoza/YPF 2022,converted_regional,USGS,USGS,1,,usp000aq6g,inside_rectangle,single_source,yes,yes,
MZA-00138,2001-10-04T01:51:12.900Z,2001,10,-32.196,-67.938,237,3.6,MD,MD,3.5945,Mendoza2022_Meq_to_Mw,Mendoza/YPF 2022,converted_regional,ISC,ISC + USGS,2,3205607,usp000aq6x,inside_rectangle,accepted_auto,yes,yes,
MZA-00139,2001-10-12T04:21:33.730Z,2001,10,-33.3315,-69.7339,10,5.1,mb,mb,4.5904,Mendoza2022_mb_to_Mw,Mendoza/YPF 2022,converted_regional,ISC,ISC + USGS,2,2170887,usp000aqrc,inside_rectangle,accepted_auto,yes,yes,
MZA-00140,2001-10-12T04:33:03.440Z,2001,10,-33.3446,-69.7266,10,4.6,mb,mb,4.3134,Mendoza2022_mb_to_Mw,Mendoza/YPF 2022,converted_regional,ISC,ISC + USGS,2,3205734,usp000aqrd,inside_rectangle,accepted_auto,yes,yes,
MZA-00141,2001-10-12T04:38:37.300Z,2001,10,-33.296,-69.777,2.7,3.7,MD,MD,3.6915,Mendoza2022_Meq_to_Mw,Mendoza/YPF 2022,converted_regional,ISC,ISC + USGS,2,3205736,usp000aqre,inside_rectangle,accepted_auto,yes,yes,
MZA-00142,2001-10-12T04:55:22.300Z,2001,10,-33.308,-69.788,0,3.8,MD,MD,3.7885,Mendoza2022_Meq_to_Mw,Mendoza/YPF 2022,converted_regional,ISC,ISC + USGS,2,3205738,usp000aqrf,inside_rectangle,accepted_auto,yes,yes,
MZA-00143,2001-10-12T05:08:15.099Z,2001,10,-33.329,-69.775,0,3.7,MD,MD,3.6915,Mendoza2022_Meq_to_Mw,Mendoza/YPF 2022,converted_regional,ISC,ISC + USGS,2,3205740,usp000aqrh,inside_rectangle,accepted_auto,yes,yes,
MZA-00144,2001-10-12T05:22:18.200Z,2001,10,-33.304,-69.755,1.6,3.7,MD,MD,3.6915,Mendoza2022_Meq_to_Mw,Mendoza/YPF 2022,converted_regional,ISC,ISC + USGS,2,3205742,usp000aqrj,inside_rectangle,accepted_auto,yes,yes,
MZA-00145,2001-10-12T05:34:09.400Z,2001,10,-33.298,-69.809,0,3.9,MD,MD,3.8855,Mendoza2022_Meq_to_Mw,Mendoza/YPF 2022,converted_regional,ISC,ISC + USGS,2,3205744,usp000aqrm,inside_rectangle,accepted_auto,yes,yes,
MZA-00146,2001-10-12T06:20:49.300Z,2001,10,-33.316,-69.793,2.3,3.8,MD,MD,3.7885,Mendoza2022_Meq_to_Mw,Mendoza/YPF 2022,converted_regional,ISC,ISC + USGS,2,3205746,usp000aqrn,inside_rectangle,accepted_auto,yes,yes,
MZA-00147,2001-10-12T06:35:24.100Z,2001,10,-33.282,-69.806,3.3,3.7,MD,MD,3.6915,Mendoza2022_Meq_to_Mw,Mendoza/YPF 2022,converted_regional,ISC,ISC + USGS,2,3205748,usp000aqrq,inside_rectangle,accepted_auto,yes,yes,
MZA-00148,2001-10-12T06:50:15.300Z,2001,10,-33.29,-69.789,5.8,3.7,MD,MD,3.6915,Mendoza2022_Meq_to_Mw,Mendoza/YPF 2022,converted_regional,ISC,ISC + USGS,2,3205750,usp000aqrt,inside_rectangle,accepted_auto,yes,yes,
MZA-00149,2001-10-12T07:04:46.700Z,2001,10,-33.319,-69.786,0,4,MD,MD,3.9825,Mendoza2022_Meq_to_Mw,Mendoza/YPF 2022,converted_regional,ISC,ISC + USGS,2,3205752,usp000aqru,inside_rectangle,accepted_auto,yes,yes,
MZA-00150,2001-10-12T07:12:13.300Z,2001,10,-33.296,-69.759,1.5,3.8,MD,MD,3.7885,Mendoza2022_Meq_to_Mw,Mendoza/YPF 2022,converted_regional,ISC,ISC + USGS,2,3205754,usp000aqrv,inside_rectangle,accepted_auto,yes,yes,
MZA-00151,2001-10-12T08:24:02.799Z,2001,10,-33.282,-69.786,1.7,3.8,MD,MD,3.7885,Mendoza2022_Meq_to_Mw,Mendoza/YPF 2022,converted_regional,ISC,ISC + USGS,2,3205756,usp000aqrx,inside_rectangle,accepted_auto,yes,yes,
MZA-00152,2001-10-12T08:32:21.200Z,2001,10,-33.315,-69.789,0,4,MD,MD,3.9825,Mendoza2022_Meq_to_Mw,Mendoza/YPF 2022,converted_regional,ISC,ISC + USGS,2,3205758,usp000aqrz,inside_rectangle,accepted_auto,yes,yes,
MZA-00153,2001-10-12T08:59:52.300Z,2001,10,-33.307,-69.795,0,3.7,MD,MD,3.6915,Mendoza2022_Meq_to_Mw,Mendoza/YPF 2022,converted_regional,ISC,ISC + USGS,2,3205760,usp000aqs1,inside_rectangle,accepted_auto,yes,yes,
MZA-00154,2001-10-12T09:24:16.100Z,2001,10,-33.31,-69.803,3.3,4,MD,MD,3.9825,Mendoza2022_Meq_to_Mw,Mendoza/YPF 2022,converted_regional,ISC,ISC + USGS,2,3205764,usp000aqs3,inside_rectangle,accepted_auto,yes,yes,
MZA-00155,2001-10-12T09:30:05.600Z,2001,10,-33.308,-69.815,0,3.9,MD,MD,3.8855,Mendoza2022_Meq_to_Mw,Mendoza/YPF 2022,converted_regional,ISC,ISC + USGS,2,3205766,usp000aqs4,inside_rectangle,accepted_auto,yes,yes,
MZA-00156,2001-10-12T11:46:18.500Z,2001,10,-33.341,-69.832,0,3.7,MD,MD,3.6915,Mendoza2022_Meq_to_Mw,Mendoza/YPF 2022,converted_regional,ISC,ISC + USGS,2,3205773,usp000aqse,inside_rectangle,accepted_auto,yes,yes,
MZA-00157,2001-10-12T12:41:57.400Z,2001,10,-33.303,-69.781,4,3.7,MD,MD,3.6915,Mendoza2022_Meq_to_Mw,Mendoza/YPF 2022,converted_regional,ISC,ISC + USGS,2,3205775,usp000aqsg,inside_rectangle,accepted_auto,yes,yes,
MZA-00158,2001-10-12T13:00:28.900Z,2001,10,-33.307,-69.81,6.4,4,MD,MD,3.9825,Mendoza2022_Meq_to_Mw,Mendoza/YPF 2022,converted_regional,ISC,ISC + USGS,2,3205777,usp000aqsh,inside_rectangle,accepted_auto,yes,yes,
MZA-00159,2001-10-12T13:06:48.100Z,2001,10,-33.311,-69.807,5.4,4.1,MD,MD,4.0795,Mendoza2022_Meq_to_Mw,Mendoza/YPF 2022,converted_regional,ISC,ISC + USGS,2,3205779,usp000aqsj,inside_rectangle,accepted_auto,yes,yes,
MZA-00160,2001-10-12T15:07:04.100Z,2001,10,-33.277,-69.782,6.6,3.5,MD,MD,3.4975,Mendoza2022_Meq_to_Mw,Mendoza/YPF 2022,converted_regional,ISC,ISC + USGS,2,2170902,usp000aqsv,inside_rectangle,accepted_auto,yes,yes,
MZA-00161,2001-10-12T17:04:20.000Z,2001,10,-33.3,-69.842,7.8,3.3,MD,MD,3.3035,Mendoza2022_Meq_to_Mw,Mendoza/YPF 2022,converted_regional,ISC,ISC + USGS,2,2170904,usp000aqsz,inside_rectangle,accepted_auto,yes,yes,
MZA-00162,2001-10-12T20:21:19.700Z,2001,10,-33.278,-69.804,0.6,3.7,MD,MD,3.6915,Mendoza2022_Meq_to_Mw,Mendoza/YPF 2022,converted_regional,ISC,ISC + USGS,2,3205788,usp000aqta,inside_rectangle,accepted_auto,yes,yes,
MZA-00163,2001-10-12T21:13:24.500Z,2001,10,-33.287,-69.778,3,3.8,MD,MD,3.7885,Mendoza2022_Meq_to_Mw,Mendoza/YPF 2022,converted_regional,ISC,ISC + USGS,2,3205790,usp000aqte,inside_rectangle,accepted_auto,yes,yes,
MZA-00164,2001-10-12T22:58:28.400Z,2001,10,-33.299,-69.785,2,,,,,not_harmonized,,excluded_missing_or_invalid,ISC,ISC + USGS,2,3205792,usp000aqtp,inside_rectangle,accepted_auto,yes,no,Magnitud QC: missing.
MZA-00165,2001-10-13T00:28:05.000Z,2001,10,-33.289,-69.789,5.2,3.6,MD,MD,3.5945,Mendoza2022_Meq_to_Mw,Mendoza/YPF 2022,converted_regional,ISC,ISC + USGS,2,3205794,usp000aqts,inside_rectangle,accepted_auto,yes,yes,
MZA-00166,2001-10-13T07:05:24.399Z,2001,10,-33.306,-69.823,4.4,3.3,MD,MD,3.3035,Mendoza2022_Meq_to_Mw,Mendoza/YPF 2022,converted_regional,ISC,ISC + USGS,2,3205802,usp000aqu4,inside_rectangle,accepted_manual_strong,yes,yes,
MZA-00167,2001-10-13T07:06:15.100Z,2001,10,-33.29,-69.851,2,4,MD,MD,3.9825,Mendoza2022_Meq_to_Mw,Mendoza/YPF 2022,converted_regional,ISC,ISC + USGS,2,3205800,usp000aqu5,inside_rectangle,accepted_manual_strong,yes,yes,
MZA-00168,2001-10-13T10:27:57.500Z,2001,10,-33.326,-69.772,5.1,3.6,MD,MD,3.5945,Mendoza2022_Meq_to_Mw,Mendoza/YPF 2022,converted_regional,ISC,ISC + USGS,2,3205810,usp000aque,inside_rectangle,accepted_auto,yes,yes,
MZA-00169,2001-10-13T10:56:00.900Z,2001,10,-33.295,-69.804,4.4,3.3,MD,MD,3.3035,Mendoza2022_Meq_to_Mw,Mendoza/YPF 2022,converted_regional,ISC,ISC + USGS,2,3205812,usp000aqug,inside_rectangle,accepted_auto,yes,yes,
MZA-00170,2001-10-13T11:25:44.100Z,2001,10,-33.286,-69.802,3.9,3.8,MD,MD,3.7885,Mendoza2022_Meq_to_Mw,Mendoza/YPF 2022,converted_regional,ISC,ISC + USGS,2,3205814,usp000aquk,inside_rectangle,accepted_auto,yes,yes,
MZA-00171,2001-10-13T12:22:37.500Z,2001,10,-33.336,-69.773,2.1,4,MD,MD,3.9825,Mendoza2022_Meq_to_Mw,Mendoza/YPF 2022,converted_regional,ISC,ISC + USGS,2,3205816,usp000aqup,inside_rectangle,accepted_auto,yes,yes,
MZA-00172,2001-10-13T18:25:34.700Z,2001,10,-33.29,-69.806,5.4,3.1,MD,MD,3.1095,Mendoza2022_Meq_to_Mw,Mendoza/YPF 2022,converted_regional,ISC,ISC + USGS,2,3205818,usp000aqv5,inside_rectangle,accepted_auto,yes,yes,
MZA-00173,2001-10-14T01:08:12.000Z,2001,10,-33.281,-69.758,6.5,3.6,MD,MD,3.5945,Mendoza2022_Meq_to_Mw,Mendoza/YPF 2022,converted_regional,ISC,ISC + USGS,2,2170958,usp000aqw4,inside_rectangle,accepted_auto,yes,yes,
MZA-00174,2001-10-14T04:24:03.000Z,2001,10,-33.286,-69.748,6.2,3.4,MD,MD,3.4005,Mendoza2022_Meq_to_Mw,Mendoza/YPF 2022,converted_regional,ISC,ISC + USGS,2,2170971,usp000aqwd,inside_rectangle,accepted_auto,yes,yes,
MZA-00175,2001-10-14T08:51:33.800Z,2001,10,-33.275,-69.824,5,3.5,MD,MD,3.4975,Mendoza2022_Meq_to_Mw,Mendoza/YPF 2022,converted_regional,ISC,ISC + USGS,2,3205829,usp000aqwk,inside_rectangle,accepted_auto,yes,yes,
MZA-00176,2001-10-14T12:41:04.830Z,2001,10,-33.3028,-69.8095,2.6,4.4,MD,MD,4.3705,Mendoza2022_Meq_to_Mw,Mendoza/YPF 2022,converted_regional,ISC,ISC + USGS,2,2170981,usp000aqwz,inside_rectangle,accepted_auto,yes,yes,
MZA-00177,2001-10-14T14:53:43.000Z,2001,10,-33.29,-69.819,1.5,4.1,MD,MD,4.0795,Mendoza2022_Meq_to_Mw,Mendoza/YPF 2022,converted_regional,ISC,ISC + USGS,2,2170989,usp000aqx6,inside_rectangle,accepted_auto,yes,yes,
MZA-00178,2001-10-14T14:58:46.400Z,2001,10,-33.31,-69.761,2.4,3.7,MD,MD,3.6915,Mendoza2022_Meq_to_Mw,Mendoza/YPF 2022,converted_regional,ISC,ISC + USGS,2,2170991,usp000aqx7,inside_rectangle,accepted_auto,yes,yes,
MZA-00179,2001-10-14T16:37:49.200Z,2001,10,-33.305,-69.828,5.1,3.9,MD,MD,3.8855,Mendoza2022_Meq_to_Mw,Mendoza/YPF 2022,converted_regional,ISC,ISC + USGS,2,2170998,usp000aqxg,inside_rectangle,accepted_auto,yes,yes,
MZA-00180,2001-10-14T17:28:33.900Z,2001,10,-33.28,-69.797,6.2,3,MD,MD,3.0125,Mendoza2022_Meq_to_Mw,Mendoza/YPF 2022,converted_regional,ISC,ISC + USGS,2,3205862,usp000aqxq,inside_rectangle,accepted_auto,yes,yes,
MZA-00181,2001-10-14T17:42:29.600Z,2001,10,-33.295,-69.783,5,3.4,MD,MD,3.4005,Mendoza2022_Meq_to_Mw,Mendoza/YPF 2022,converted_regional,ISC,ISC + USGS,2,3205864,usp000aqxs,inside_rectangle,accepted_auto,yes,yes,
MZA-00182,2001-10-15T05:50:40.200Z,2001,10,-33.28,-69.805,4.1,3.7,MD,MD,3.6915,Mendoza2022_Meq_to_Mw,Mendoza/YPF 2022,converted_regional,ISC,ISC + USGS,2,2184403,usp000aqyz,inside_rectangle,accepted_auto,yes,yes,
MZA-00183,2001-10-15T15:35:10.900Z,2001,10,-33.301,-69.791,2.6,4.1,MD,MD,4.0795,Mendoza2022_Meq_to_Mw,Mendoza/YPF 2022,converted_regional,ISC,ISC + USGS,2,3205881,usp000aqzn,inside_rectangle,accepted_auto,yes,yes,
MZA-00184,2001-10-16T04:58:37.500Z,2001,10,-33.295,-69.794,2,3.7,MD,MD,3.6915,Mendoza2022_Meq_to_Mw,Mendoza/YPF 2022,converted_regional,ISC,ISC + USGS,2,3205908,usp000ar0r,inside_rectangle,accepted_auto,yes,yes,
MZA-00185,2001-10-16T05:32:46.700Z,2001,10,-33.309,-69.75,2.8,3.4,MD,MD,3.4005,Mendoza2022_Meq_to_Mw,Mendoza/YPF 2022,converted_regional,ISC,ISC + USGS,2,3205910,usp000ar0u,inside_rectangle,accepted_auto,yes,yes,
MZA-00186,2001-10-16T08:49:01.300Z,2001,10,-33.32,-69.759,1.9,3.7,MD,MD,3.6915,Mendoza2022_Meq_to_Mw,Mendoza/YPF 2022,converted_regional,ISC,ISC + USGS,2,3205918,usp000ar15,inside_rectangle,accepted_auto,yes,yes,
MZA-00187,2001-10-16T19:54:19.300Z,2001,10,-32.156,-69.009,199.5,3.4,MD,MD,3.4005,Mendoza2022_Meq_to_Mw,Mendoza/YPF 2022,converted_regional,ISC,ISC + USGS,2,3205924,usp000ar25,inside_rectangle,accepted_auto,yes,yes,
MZA-00188,2001-10-17T16:52:05.500Z,2001,10,-33.302,-69.794,5.9,3.5,MD,MD,3.4975,Mendoza2022_Meq_to_Mw,Mendoza/YPF 2022,converted_regional,ISC,ISC + USGS,2,3205943,usp000ar4e,inside_rectangle,accepted_auto,yes,yes,
MZA-00189,2001-10-17T18:02:06.000Z,2001,10,-33.317,-69.811,9.4,3.3,MD,MD,3.3035,Mendoza2022_Meq_to_Mw,Mendoza/YPF 2022,converted_regional,ISC,ISC + USGS,2,3205945,usp000ar4n,inside_rectangle,accepted_auto,yes,yes,
MZA-00190,2001-10-17T18:24:59.600Z,2001,10,-33.313,-69.783,6.7,4,MD,MD,3.9825,Mendoza2022_Meq_to_Mw,Mendoza/YPF 2022,converted_regional,ISC,ISC + USGS,2,3205947,usp000ar4q,inside_rectangle,accepted_auto,yes,yes,
MZA-00191,2001-10-18T02:19:10.600Z,2001,10,-33.301,-69.793,4.5,,,,,not_harmonized,,excluded_missing_or_invalid,ISC,ISC + USGS,2,3205957,usp000ar5k,inside_rectangle,accepted_auto,yes,no,Magnitud QC: missing.
MZA-00192,2001-10-19T20:09:59.200Z,2001,10,-33.291,-69.775,3.1,3.3,MD,MD,3.3035,Mendoza2022_Meq_to_Mw,Mendoza/YPF 2022,converted_regional,ISC,ISC + USGS,2,3205974,usp000ar8n,inside_rectangle,accepted_auto,yes,yes,
MZA-00193,2001-10-20T08:48:02.300Z,2001,10,-33.303,-69.8,1.6,3.7,MD,MD,3.6915,Mendoza2022_Meq_to_Mw,Mendoza/YPF 2022,converted_regional,ISC,ISC + USGS,2,3205982,usp000ar9c,inside_rectangle,accepted_auto,yes,yes,
MZA-00194,2001-10-21T06:56:54.099Z,2001,10,-33.312,-69.784,6.5,3.2,MD,MD,3.2065,Mendoza2022_Meq_to_Mw,Mendoza/YPF 2022,converted_regional,ISC,ISC + USGS,2,3206010,usp000arb7,inside_rectangle,accepted_auto,yes,yes,
MZA-00195,2001-10-22T01:18:50.800Z,2001,10,-33.124,-69.687,6.9,3.6,MD,MD,3.5945,Mendoza2022_Meq_to_Mw,Mendoza/YPF 2022,converted_regional,ISC,ISC + USGS,2,2253024,usp000ardf,inside_rectangle,accepted_auto,yes,yes,
MZA-00196,2001-10-22T07:22:52.000Z,2001,10,-33.286,-69.793,2.4,4,MD,MD,3.9825,Mendoza2022_Meq_to_Mw,Mendoza/YPF 2022,converted_regional,ISC,ISC + USGS,2,2253046,usp000are1,inside_rectangle,accepted_auto,yes,yes,
MZA-00197,2001-10-22T07:42:07.800Z,2001,10,-33.302,-69.788,4.7,3.8,MD,MD,3.7885,Mendoza2022_Meq_to_Mw,Mendoza/YPF 2022,converted_regional,ISC,ISC + USGS,2,2253048,usp000are2,inside_rectangle,accepted_auto,yes,yes,
MZA-00198,2001-10-22T07:47:05.600Z,2001,10,-33.303,-69.779,5.8,4,MD,MD,3.9825,Mendoza2022_Meq_to_Mw,Mendoza/YPF 2022,converted_regional,ISC,ISC + USGS,2,2253050,usp000are3,inside_rectangle,accepted_auto,yes,yes,
MZA-00199,2001-10-22T09:19:54.600Z,2001,10,-33.32,-69.777,1.9,,,,,not_harmonized,,excluded_missing_or_invalid,ISC,ISC + USGS,2,2253054,usp000are8,inside_rectangle,accepted_auto,yes,no,Magnitud QC: missing.
MZA-00200,2001-10-22T14:30:17.900Z,2001,10,-33.333,-69.794,0,,,,,not_harmonized,,excluded_missing_or_invalid,ISC,ISC,1,2253066,,inside_rectangle,single_source,yes,no,Magnitud QC: missing.
MZA-00201,2001-10-22T23:26:45.300Z,2001,10,-33.346,-69.813,0,,,,,not_harmonized,,excluded_missing_or_invalid,ISC,ISC,1,2253101,,inside_rectangle,single_source,yes,no,Magnitud QC: missing.
MZA-00202,2001-10-23T00:28:05.000Z,2001,10,-33.323,-69.772,0.4,,,,,not_harmonized,,excluded_missing_or_invalid,ISC,ISC + USGS,2,2254760,usp000arfg,inside_rectangle,accepted_auto,yes,no,Magnitud QC: missing.
MZA-00203,2001-10-23T04:29:26.600Z,2001,10,-33.114,-69.074,0,,,,,not_harmonized,,excluded_missing_or_invalid,ISC,ISC + USGS,2,2254782,usp000arfv,inside_rectangle,accepted_auto,yes,no,Magnitud QC: missing.
MZA-00204,2001-10-25T03:41:43.099Z,2001,10,-33.274,-69.808,0,3.8,MD,MD,3.7885,Mendoza2022_Meq_to_Mw,Mendoza/YPF 2022,converted_regional,ISC,ISC + USGS,2,2284404,usp000arkw,inside_rectangle,accepted_auto,yes,yes,
MZA-00205,2001-10-25T13:47:40.400Z,2001,10,-33.277,-69.807,2.8,,,,,not_harmonized,,excluded_missing_or_invalid,ISC,ISC + USGS,2,2284425,usp000armk,inside_rectangle,accepted_auto,yes,no,Magnitud QC: missing.
MZA-00206,2001-10-27T12:45:59.800Z,2001,10,-32.387,-69.817,122.4,3.7,MD,MD,3.6915,Mendoza2022_Meq_to_Mw,Mendoza/YPF 2022,converted_regional,ISC,ISC + USGS,2,2770133,usp000arr8,inside_rectangle,accepted_auto,yes,yes,
MZA-00207,2001-10-27T22:40:20.500Z,2001,10,-33.284,-69.799,6.5,3.5,MD,MD,3.4975,Mendoza2022_Meq_to_Mw,Mendoza/YPF 2022,converted_regional,ISC,ISC + USGS,2,2770162,usp000ars2,inside_rectangle,accepted_auto,yes,yes,
MZA-00208,2001-10-28T01:22:22.000Z,2001,10,-33.31,-69.806,3,4,MD,MD,3.9825,Mendoza2022_Meq_to_Mw,Mendoza/YPF 2022,converted_regional,ISC,ISC + USGS,2,2770188,usp000arsj,inside_rectangle,accepted_auto,yes,yes,
MZA-00209,2001-10-28T10:43:43.500Z,2001,10,-33.304,-69.795,1,3.9,MD,MD,3.8855,Mendoza2022_Meq_to_Mw,Mendoza/YPF 2022,converted_regional,ISC,ISC + USGS,2,2770210,usp000art6,inside_rectangle,accepted_auto,yes,yes,
MZA-00210,2001-10-28T21:52:31.200Z,2001,10,-33.305,-69.822,0.4,3.8,MD,MD,3.7885,Mendoza2022_Meq_to_Mw,Mendoza/YPF 2022,converted_regional,ISC,ISC + USGS,2,2770244,usp000aru6,inside_rectangle,accepted_auto,yes,yes,
MZA-00211,2001-10-31T08:01:21.800Z,2001,10,-33.322,-69.769,0.6,,,,,not_harmonized,,excluded_missing_or_invalid,ISC,ISC,1,3206149,,inside_rectangle,single_source,yes,no,Magnitud QC: missing.
MZA-00212,2001-10-31T18:30:41.600Z,2001,10,-33.325,-69.799,3.8,3.9,MD,MD,3.8855,Mendoza2022_Meq_to_Mw,Mendoza/YPF 2022,converted_regional,ISC,ISC + USGS,2,2307496,usp000arzu,inside_rectangle,accepted_auto,yes,yes,
MZA-00213,2001-11-03T11:23:01.100Z,2001,11,-32.91,-69.297,8.2,3.9,MD,MD,3.8855,Mendoza2022_Meq_to_Mw,Mendoza/YPF 2022,converted_regional,ISC,ISC + USGS,2,3206216,usp000as53,inside_rectangle,accepted_auto,yes,yes,
MZA-00214,2001-11-03T15:27:06.100Z,2001,11,-33.301,-69.81,5.9,3.4,MD,MD,3.4005,Mendoza2022_Meq_to_Mw,Mendoza/YPF 2022,converted_regional,ISC,ISC + USGS,2,3206223,usp000as5j,inside_rectangle,accepted_auto,yes,yes,
MZA-00215,2001-11-03T19:09:09.200Z,2001,11,-33.07,-69.756,112.9,2.8,MD,MD,2.8185,Mendoza2022_Meq_to_Mw,Mendoza/YPF 2022,converted_regional,ISC,ISC + USGS,2,3206233,usp000as61,inside_rectangle,accepted_auto,yes,yes,
MZA-00216,2001-11-03T19:15:08.700Z,2001,11,-33.317,-69.825,6.3,3.6,MD,MD,3.5945,Mendoza2022_Meq_to_Mw,Mendoza/YPF 2022,converted_regional,ISC,ISC + USGS,2,3206235,usp000as63,inside_rectangle,accepted_auto,yes,yes,
MZA-00217,2001-11-05T22:02:38.800Z,2001,11,-32.044,-68.968,195.6,3.9,MD,MD,3.8855,Mendoza2022_Meq_to_Mw,Mendoza/YPF 2022,converted_regional,ISC,ISC,1,2931264,,inside_rectangle,single_source,yes,yes,
MZA-00218,2001-11-06T08:35:53.900Z,2001,11,-32.119,-69.67,145.6,3.4,MD,MD,3.4005,Mendoza2022_Meq_to_Mw,Mendoza/YPF 2022,converted_regional,ISC,ISC + USGS,2,2327521,usp000asb3,inside_rectangle,accepted_auto,yes,yes,
MZA-00219,2001-11-10T05:58:25.100Z,2001,11,-32.268,-69.917,127.5,3.3,MD,MD,3.3035,Mendoza2022_Meq_to_Mw,Mendoza/YPF 2022,converted_regional,ISC,ISC + USGS,2,2931766,usp000ask7,inside_rectangle,accepted_auto,yes,yes,
MZA-00220,2001-11-10T17:36:47.300Z,2001,11,-33.126,-69.96,103.7,3.1,MD,MD,3.1095,Mendoza2022_Meq_to_Mw,Mendoza/YPF 2022,converted_regional,ISC,ISC + USGS,2,2931826,usp000asme,inside_rectangle,accepted_auto,yes,yes,
MZA-00221,2001-11-11T05:18:41.800Z,2001,11,-33.282,-69.841,5.5,3.5,MD,MD,3.4975,Mendoza2022_Meq_to_Mw,Mendoza/YPF 2022,converted_regional,ISC,ISC,1,3206412,,inside_rectangle,single_source,yes,yes,
MZA-00222,2001-11-11T14:10:50.100Z,2001,11,-32.298,-69.92,126.4,3.8,MD,MD,3.7885,Mendoza2022_Meq_to_Mw,Mendoza/YPF 2022,converted_regional,ISC,ISC + USGS,2,2931945,usp000aspf,inside_rectangle,accepted_auto,yes,yes,
MZA-00223,2001-11-12T13:15:08.930Z,2001,11,-33.1498,-67.3933,11.2,4.4,mb,mb,4.2026,Mendoza2022_mb_to_Mw,Mendoza/YPF 2022,converted_regional,ISC,ISC + USGS,2,2335733,usp000asra,inside_rectangle,accepted_auto,yes,yes,
MZA-00224,2001-11-12T14:27:28.300Z,2001,11,-32.028,-68.263,6.4,4.2,MD,MD,4.1765,Mendoza2022_Meq_to_Mw,Mendoza/YPF 2022,converted_regional,ISC,ISC + USGS,2,2335739,usp000asre,inside_rectangle,accepted_auto,yes,yes,
MZA-00225,2001-11-13T09:52:53.099Z,2001,11,-33.456,-68.404,233.7,3.6,MD,MD,3.5945,Mendoza2022_Meq_to_Mw,Mendoza/YPF 2022,converted_regional,ISC,ISC + USGS,2,2932131,usp000astc,inside_rectangle,accepted_auto,yes,yes,
MZA-00226,2001-11-14T21:12:29.900Z,2001,11,-32.161,-69.733,149.2,3.1,MD,MD,3.1095,Mendoza2022_Meq_to_Mw,Mendoza/YPF 2022,converted_regional,ISC,ISC + USGS,2,2932340,usp000aswx,inside_rectangle,accepted_auto,yes,yes,
MZA-00227,2001-11-15T13:44:38.800Z,2001,11,-35.012,-69.603,9.9,3.8,MD,MD,3.7885,Mendoza2022_Meq_to_Mw,Mendoza/YPF 2022,converted_regional,ISC,ISC,1,3206476,,inside_rectangle,single_source,yes,yes,
MZA-00228,2001-11-17T16:16:14.600Z,2001,11,-32.01,-69.071,209.3,3.8,MD,MD,3.7885,Mendoza2022_Meq_to_Mw,Mendoza/YPF 2022,converted_regional,ISC,ISC + USGS,2,2932576,usp000at13,inside_rectangle,accepted_auto,yes,yes,
MZA-00229,2001-11-20T13:22:39.500Z,2001,11,-32.48,-69.786,151.4,3.6,MD,MD,3.5945,Mendoza2022_Meq_to_Mw,Mendoza/YPF 2022,converted_regional,ISC,ISC + USGS,2,2368225,usp000at6t,inside_rectangle,accepted_auto,yes,yes,
MZA-00230,2001-11-24T11:14:20.190Z,2001,11,-33.3323,-67.2818,1.9,4.2,MD,MD,4.1765,Mendoza2022_Meq_to_Mw,Mendoza/YPF 2022,converted_regional,ISC,ISC + USGS,2,2936114,usp000atdf,inside_rectangle,accepted_auto,yes,yes,
MZA-00231,2001-11-24T14:32:56.400Z,2001,11,-33.071,-68.898,26,3.7,MD,MD,3.6915,Mendoza2022_Meq_to_Mw,Mendoza/YPF 2022,converted_regional,ISC,ISC,1,3206610,,inside_rectangle,single_source,yes,yes,
MZA-00232,2001-11-25T07:50:38.400Z,2001,11,-32.797,-69.422,148.2,3.5,MD,MD,3.4975,Mendoza2022_Meq_to_Mw,Mendoza/YPF 2022,converted_regional,ISC,ISC + USGS,2,2383343,usp000atez,inside_rectangle,accepted_auto,yes,yes,
MZA-00233,2001-11-25T12:27:55.000Z,2001,11,-33.182,-69.901,12,3.4,MD,MD,3.4005,Mendoza2022_Meq_to_Mw,Mendoza/YPF 2022,converted_regional,ISC,ISC + USGS,2,2383349,usp000atf7,inside_rectangle,accepted_auto,yes,yes,
MZA-00234,2001-11-26T22:07:36.790Z,2001,11,-33.4026,-68.706,15,3.9,mb,mb,3.9256,Mendoza2022_mb_to_Mw,Mendoza/YPF 2022,converted_regional,ISC,ISC + USGS,2,2936327,usp000athy,inside_rectangle,accepted_auto,yes,yes,
MZA-00235,2001-11-28T17:57:35.700Z,2001,11,-33.293,-69.773,9,3.5,MD,MD,3.4975,Mendoza2022_Meq_to_Mw,Mendoza/YPF 2022,converted_regional,ISC,ISC + USGS,2,3206685,usp000atne,inside_rectangle,accepted_auto,yes,yes,
MZA-00236,2001-11-28T19:34:52.200Z,2001,11,-32.342,-69.868,123.9,3.8,MD,MD,3.7885,Mendoza2022_Meq_to_Mw,Mendoza/YPF 2022,converted_regional,ISC,ISC + USGS,2,3206689,usp000atnj,inside_rectangle,accepted_auto,yes,yes,
MZA-00237,2001-11-29T11:36:31.550Z,2001,11,-32.0982,-67.0568,35,3.9,mb,mb,3.9256,Mendoza2022_mb_to_Mw,Mendoza/YPF 2022,converted_regional,ISC,ISC,1,2936658,,inside_rectangle,single_source,yes,yes,
MZA-00238,2001-11-30T22:32:38.200Z,2001,11,-32.54,-69.997,125,3.5,MD,MD,3.4975,Mendoza2022_Meq_to_Mw,Mendoza/YPF 2022,converted_regional,ISC,ISC + USGS,2,3206732,usp000atsa,inside_rectangle,accepted_auto,yes,yes,
MZA-00239,2001-12-02T01:16:12.970Z,2001,12,-34.1808,-69.1227,218.6,3.6,MD,MD,3.5945,Mendoza2022_Meq_to_Mw,Mendoza/YPF 2022,converted_regional,ISC,ISC + USGS,2,2413925,usp000atv5,inside_rectangle,accepted_auto,yes,yes,
MZA-00240,2001-12-02T05:41:48.500Z,2001,12,-33.279,-69.768,3.9,3.3,MD,MD,3.3035,Mendoza2022_Meq_to_Mw,Mendoza/YPF 2022,converted_regional,ISC,ISC + USGS,2,2413933,usp000atvf,inside_rectangle,accepted_auto,yes,yes,
MZA-00241,2001-12-02T14:12:30.700Z,2001,12,-34.648,-69.884,0,4.1,MD,MD,4.0795,Mendoza2022_Meq_to_Mw,Mendoza/YPF 2022,converted_regional,ISC,ISC + USGS,2,3206764,usp000atw0,inside_rectangle,accepted_auto,yes,yes,
MZA-00242,2001-12-04T02:44:43.300Z,2001,12,-33.6332,-69.9367,2.4,4.2,MD,MD,4.1765,Mendoza2022_Meq_to_Mw,Mendoza/YPF 2022,converted_regional,ISC,ISC + USGS,2,3206797,usp000atys,inside_rectangle,accepted_auto,yes,yes,
MZA-00243,2001-12-04T07:55:24.200Z,2001,12,-33.594,-69.926,7.4,3.2,MD,MD,3.2065,Mendoza2022_Meq_to_Mw,Mendoza/YPF 2022,converted_regional,ISC,ISC + USGS,2,3206810,usp000atzf,inside_rectangle,accepted_auto,yes,yes,
MZA-00244,2001-12-04T09:09:47.300Z,2001,12,-32.61,-69.893,131.4,3.8,MD,MD,3.7885,Mendoza2022_Meq_to_Mw,Mendoza/YPF 2022,converted_regional,ISC,ISC + USGS,2,3206812,usp000atzj,inside_rectangle,accepted_auto,yes,yes,
MZA-00245,2001-12-04T13:10:51.300Z,2001,12,-33.626,-69.96,0,3.9,MD,MD,3.8855,Mendoza2022_Meq_to_Mw,Mendoza/YPF 2022,converted_regional,ISC,ISC + USGS,2,3206820,usp000au02,inside_rectangle,accepted_auto,yes,yes,
MZA-00246,2001-12-05T11:15:18.100Z,2001,12,-32.388,-69.771,141.5,3.7,MD,MD,3.6915,Mendoza2022_Meq_to_Mw,Mendoza/YPF 2022,converted_regional,ISC,ISC + USGS,2,3206834,usp000au1x,inside_rectangle,accepted_auto,yes,yes,
MZA-00247,2001-12-05T16:42:57.400Z,2001,12,-33.62,-69.973,0,3.5,MD,MD,3.4975,Mendoza2022_Meq_to_Mw,Mendoza/YPF 2022,converted_regional,ISC,ISC + USGS,2,3206836,usp000au2e,inside_rectangle,accepted_auto,yes,yes,
MZA-00248,2001-12-06T17:25:56.600Z,2001,12,-33.611,-69.956,6.5,3.7,MD,MD,3.6915,Mendoza2022_Meq_to_Mw,Mendoza/YPF 2022,converted_regional,ISC,ISC + USGS,2,2419194,usp000au4b,inside_rectangle,accepted_auto,yes,yes,
MZA-00249,2001-12-06T23:49:39.300Z,2001,12,-33.62,-69.944,5.5,3.3,MD,MD,3.3035,Mendoza2022_Meq_to_Mw,Mendoza/YPF 2022,converted_regional,ISC,ISC + USGS,2,2419205,usp000au4z,inside_rectangle,accepted_auto,yes,yes,
MZA-00250,2001-12-08T13:53:58.600Z,2001,12,-34.301,-69.481,15,3.7,MD,MD,3.6915,Mendoza2022_Meq_to_Mw,Mendoza/YPF 2022,converted_regional,ISC,ISC + USGS,2,2420029,usp000au8k,inside_rectangle,accepted_auto,yes,yes,
MZA-00251,2001-12-10T23:42:34.500Z,2001,12,-32.88,-68.983,193.7,3.3,MD,MD,3.3035,Mendoza2022_Meq_to_Mw,Mendoza/YPF 2022,converted_regional,ISC,ISC + USGS,2,2426016,usp000aude,inside_rectangle,accepted_auto,yes,yes,
MZA-00252,2001-12-11T09:30:27.400Z,2001,12,-32.822,-69.316,0,4,MD,MD,3.9825,Mendoza2022_Meq_to_Mw,Mendoza/YPF 2022,converted_regional,ISC,ISC + USGS,2,3206987,usp000aue0,inside_rectangle,accepted_auto,yes,yes,
MZA-00253,2001-12-15T16:16:42.800Z,2001,12,-33.254,-68.768,16.6,3.9,MD,MD,3.8855,Mendoza2022_Meq_to_Mw,Mendoza/YPF 2022,converted_regional,ISC,ISC,1,3207065,,inside_rectangle,single_source,yes,yes,
MZA-00254,2001-12-18T06:06:05.000Z,2001,12,-33.305,-69.803,5.7,3.4,MD,MD,3.4005,Mendoza2022_Meq_to_Mw,Mendoza/YPF 2022,converted_regional,ISC,ISC + USGS,2,2430979,usp000autj,inside_rectangle,accepted_auto,yes,yes,
MZA-00255,2001-12-21T08:16:49.500Z,2001,12,-32.522,-68.965,7,3.6,MD,MD,3.5945,Mendoza2022_Meq_to_Mw,Mendoza/YPF 2022,converted_regional,ISC,ISC,1,3207181,,inside_rectangle,single_source,yes,yes,
MZA-00256,2001-12-24T10:00:09.920Z,2001,12,-33.4019,-67.9124,192.4,3.5,mb,mb,3.704,Mendoza2022_mb_to_Mw,Mendoza/YPF 2022,converted_regional,ISC,ISC + USGS,2,3207250,usp000av6c,inside_rectangle,accepted_auto,yes,yes,
MZA-00257,2001-12-25T22:05:27.800Z,2001,12,-33.838,-68.463,21.2,3.9,MD,MD,3.8855,Mendoza2022_Meq_to_Mw,Mendoza/YPF 2022,converted_regional,ISC,ISC + USGS,2,2712139,usp000av9h,inside_rectangle,accepted_auto,yes,yes,
MZA-00258,2001-12-27T17:22:37.700Z,2001,12,-32.113,-69.703,144.5,3.1,MD,MD,3.1095,Mendoza2022_Meq_to_Mw,Mendoza/YPF 2022,converted_regional,ISC,ISC + USGS,2,3207326,usp000avcm,inside_rectangle,accepted_auto,yes,yes,
MZA-00259,2002-01-01T06:23:44.400Z,2002,1,-32.33,-69.392,161,3.2,MD,MD,3.2065,Mendoza2022_Meq_to_Mw,Mendoza/YPF 2022,converted_regional,ISC,ISC + USGS,2,2517781,usp000avmp,inside_rectangle,accepted_auto,yes,yes,
MZA-00260,2002-01-01T17:25:59.900Z,2002,1,-33.372,-69.906,10.7,3.7,MD,MD,3.6915,Mendoza2022_Meq_to_Mw,Mendoza/YPF 2022,converted_regional,ISC,ISC + USGS,2,2517798,usp000avn8,inside_rectangle,accepted_auto,yes,yes,
MZA-00261,2002-01-01T19:49:47.100Z,2002,1,-33.285,-69.827,8.5,3.8,MD,MD,3.7885,Mendoza2022_Meq_to_Mw,Mendoza/YPF 2022,converted_regional,ISC,ISC + USGS,2,2517804,usp000avnd,inside_rectangle,accepted_auto,yes,yes,
MZA-00262,2002-01-03T15:43:21.300Z,2002,1,-33.316,-69.877,5.9,3.6,MD,MD,3.5945,Mendoza2022_Meq_to_Mw,Mendoza/YPF 2022,converted_regional,ISC,ISC + USGS,2,3646705,usp000avsd,inside_rectangle,accepted_auto,yes,yes,
MZA-00263,2002-01-05T12:02:55.510Z,2002,1,-33.4122,-68.5596,24.5,4.8,mb,mb,4.4242,Mendoza2022_mb_to_Mw,Mendoza/YPF 2022,converted_regional,ISC,ISC + USGS,2,2678256,usp000avw0,inside_rectangle,accepted_auto,yes,yes,
MZA-00264,2002-01-06T14:35:50.500Z,2002,1,-32.509,-69.869,128.6,2.9,MD,MD,2.9155,Mendoza2022_Meq_to_Mw,Mendoza/YPF 2022,converted_regional,ISC,ISC,1,3646767,,inside_rectangle,single_source,yes,yes,
MZA-00265,2002-01-06T20:42:36.800Z,2002,1,-33.295,-69.782,5,3.8,MD,MD,3.7885,Mendoza2022_Meq_to_Mw,Mendoza/YPF 2022,converted_regional,ISC,ISC + USGS,2,3646777,usp000avyr,inside_rectangle,accepted_auto,yes,yes,
MZA-00266,2002-01-07T04:23:21.800Z,2002,1,-32.845,-69.694,135.7,3.1,MD,MD,3.1095,Mendoza2022_Meq_to_Mw,Mendoza/YPF 2022,converted_regional,ISC,ISC + USGS,2,3646783,usp000avzj,inside_rectangle,accepted_auto,yes,yes,
MZA-00267,2002-01-07T08:32:36.600Z,2002,1,-33.372,-69.822,0.5,3.3,MD,MD,3.3035,Mendoza2022_Meq_to_Mw,Mendoza/YPF 2022,converted_regional,ISC,ISC + USGS,2,3646789,usp000aw00,inside_rectangle,accepted_auto,yes,yes,
MZA-00268,2002-01-09T14:16:03.499Z,2002,1,-32.626,-69.636,140.1,3.1,MD,MD,3.1095,Mendoza2022_Meq_to_Mw,Mendoza/YPF 2022,converted_regional,ISC,ISC + USGS,2,3646839,usp000aw3z,inside_rectangle,accepted_auto,yes,yes,
MZA-00269,2002-01-19T04:47:11.899Z,2002,1,-33.196,-68.895,15.7,3.4,MD,MD,3.4005,Mendoza2022_Meq_to_Mw,Mendoza/YPF 2022,converted_regional,ISC,ISC,1,3647044,,inside_rectangle,single_source,yes,yes,
MZA-00270,2002-01-21T18:38:36.100Z,2002,1,-33.288,-69.811,5.5,3.8,MD,MD,3.7885,Mendoza2022_Meq_to_Mw,Mendoza/YPF 2022,converted_regional,ISC,ISC + USGS,2,2738263,usp000awxg,inside_rectangle,accepted_auto,yes,yes,
MZA-00271,2002-01-23T01:11:32.200Z,2002,1,-33.515,-68.604,6,3.7,MD,MD,3.6915,Mendoza2022_Meq_to_Mw,Mendoza/YPF 2022,converted_regional,ISC,ISC + USGS,2,3647100,usp000ax01,inside_rectangle,accepted_auto,yes,yes,
MZA-00272,2002-01-23T11:12:03.499Z,2002,1,-33.141,-68.741,2.6,4,MD,MD,3.9825,Mendoza2022_Meq_to_Mw,Mendoza/YPF 2022,converted_regional,ISC,ISC + USGS,2,2754567,usp000ax0s,inside_rectangle,accepted_auto,yes,yes,
MZA-00273,2002-01-23T14:13:17.000Z,2002,1,-32.765,-69.948,127.9,3.1,MD,MD,3.1095,Mendoza2022_Meq_to_Mw,Mendoza/YPF 2022,converted_regional,ISC,ISC + USGS,2,2754575,usp000ax10,inside_rectangle,accepted_auto,yes,yes,
MZA-00274,2002-01-24T07:45:42.499Z,2002,1,-33.012,-69.004,2,4,MD,MD,3.9825,Mendoza2022_Meq_to_Mw,Mendoza/YPF 2022,converted_regional,ISC,ISC + USGS,2,2760394,usp000ax2h,inside_rectangle,accepted_auto,yes,yes,
MZA-00275,2002-01-24T14:46:21.000Z,2002,1,-32.901,-69.032,0,3.8,MD,MD,3.7885,Mendoza2022_Meq_to_Mw,Mendoza/YPF 2022,converted_regional,ISC,ISC + USGS,2,3647120,usp000ax2y,inside_rectangle,accepted_auto,yes,yes,
MZA-00276,2002-01-25T23:37:48.100Z,2002,1,-33.402,-69.904,6.7,3.3,MD,MD,3.3035,Mendoza2022_Meq_to_Mw,Mendoza/YPF 2022,converted_regional,ISC,ISC + USGS,2,3647141,usp000ax5f,inside_rectangle,accepted_auto,yes,yes,
MZA-00277,2002-01-29T04:44:12.400Z,2002,1,-33.199,-69.161,5,3.7,MD,MD,3.6915,Mendoza2022_Meq_to_Mw,Mendoza/YPF 2022,converted_regional,ISC,ISC + USGS,2,2787520,usp000axcb,inside_rectangle,accepted_auto,yes,yes,
MZA-00278,2002-01-31T23:24:17.100Z,2002,1,-32.121,-69.042,189.7,3.7,MD,MD,3.6915,Mendoza2022_Meq_to_Mw,Mendoza/YPF 2022,converted_regional,ISC,ISC,1,3647257,,inside_rectangle,single_source,yes,yes,
MZA-00279,2002-02-01T17:27:57.700Z,2002,2,-33.724,-68.723,225.7,3.4,MD,MD,3.4005,Mendoza2022_Meq_to_Mw,Mendoza/YPF 2022,converted_regional,ISC,ISC,1,3647271,,inside_rectangle,single_source,yes,yes,
MZA-00280,2002-02-03T02:03:07.400Z,2002,2,-33.329,-69.816,0,3.6,MD,MD,3.5945,Mendoza2022_Meq_to_Mw,Mendoza/YPF 2022,converted_regional,ISC,ISC + USGS,2,2884407,usp000axnt,inside_rectangle,accepted_auto,yes,yes,
MZA-00281,2002-02-07T07:03:40.299Z,2002,2,-32.149,-68.763,181.5,3.7,MD,MD,3.6915,Mendoza2022_Meq_to_Mw,Mendoza/YPF 2022,converted_regional,ISC,ISC,1,3647336,,inside_rectangle,single_source,yes,yes,
MZA-00282,2002-02-11T06:52:44.300Z,2002,2,-32.12,-69.913,125.2,4.1,MD,MD,4.0795,Mendoza2022_Meq_to_Mw,Mendoza/YPF 2022,converted_regional,ISC,ISC + USGS,2,3647396,usp000ay72,inside_rectangle,accepted_auto,yes,yes,
MZA-00283,2002-02-11T10:37:58.000Z,2002,2,-34.807,-69.912,196.4,,,,,not_harmonized,,excluded_missing_or_invalid,ISC,ISC + USGS,2,3647400,usp000ay7p,inside_rectangle,accepted_auto,yes,no,Magnitud QC: missing.
MZA-00284,2002-02-11T23:16:39.660Z,2002,2,-32.1764,-67.2859,138.9,4,mb,mb,3.981,Mendoza2022_mb_to_Mw,Mendoza/YPF 2022,converted_regional,ISC,ISC + USGS,2,2899488,usp000ay9a,inside_rectangle,accepted_auto,yes,yes,
MZA-00285,2002-02-14T04:31:57.900Z,2002,2,-33.412,-68.78,0,3.6,MD,MD,3.5945,Mendoza2022_Meq_to_Mw,Mendoza/YPF 2022,converted_regional,ISC,ISC + USGS,2,3647471,usp000ayef,inside_rectangle,accepted_auto,yes,yes,
MZA-00286,2002-02-15T00:36:23.000Z,2002,2,-34.329,-69.862,3.7,3.7,MD,MD,3.6915,Mendoza2022_Meq_to_Mw,Mendoza/YPF 2022,converted_regional,ISC,ISC + USGS,2,3647493,usp000aygk,inside_rectangle,accepted_auto,yes,yes,
MZA-00287,2002-02-17T12:36:41.600Z,2002,2,-32.207,-69.631,135.4,3.1,MD,MD,3.1095,Mendoza2022_Meq_to_Mw,Mendoza/YPF 2022,converted_regional,ISC,ISC + USGS,2,3647535,usp000ayn4,inside_rectangle,accepted_auto,yes,yes,
MZA-00288,2002-02-20T06:00:10.500Z,2002,2,-32.226,-69.102,183.7,3.6,MD,MD,3.5945,Mendoza2022_Meq_to_Mw,Mendoza/YPF 2022,converted_regional,ISC,ISC,1,3647590,,inside_rectangle,single_source,yes,yes,
MZA-00289,2002-02-20T15:06:54.000Z,2002,2,-34.362,-69.725,0,3.9,MD,MD,3.8855,Mendoza2022_Meq_to_Mw,Mendoza/YPF 2022,converted_regional,ISC,ISC,1,3647601,,inside_rectangle,single_source,yes,yes,
MZA-00290,2002-02-21T18:12:58.100Z,2002,2,-32.191,-69.354,147.2,,,,,not_harmonized,,excluded_missing_or_invalid,ISC,ISC,1,3647619,,inside_rectangle,single_source,yes,no,Magnitud QC: missing.
MZA-00291,2002-02-22T17:46:57.500Z,2002,2,-32.488,-69.709,135.4,4.1,MD,MD,4.0795,Mendoza2022_Meq_to_Mw,Mendoza/YPF 2022,converted_regional,ISC,ISC + USGS,2,3647641,usp000ayyn,inside_rectangle,accepted_auto,yes,yes,
MZA-00292,2002-02-23T08:53:56.799Z,2002,2,-33.885,-68.871,4,3.5,MD,MD,3.4975,Mendoza2022_Meq_to_Mw,Mendoza/YPF 2022,converted_regional,ISC,ISC,1,3647650,,inside_rectangle,single_source,yes,yes,
MZA-00293,2002-02-25T17:45:19.099Z,2002,2,-32.56,-69.741,126.3,3.1,MD,MD,3.1095,Mendoza2022_Meq_to_Mw,Mendoza/YPF 2022,converted_regional,ISC,ISC + USGS,2,2904585,usp000az61,inside_rectangle,accepted_auto,yes,yes,
MZA-00294,2002-02-28T05:17:58.400Z,2002,2,-33.951,-68.584,10,,,,,not_harmonized,,excluded_missing_or_invalid,ISC,ISC + USGS,2,3647729,usp000azba,inside_rectangle,accepted_auto,yes,no,Magnitud QC: missing.
MZA-00295,2002-02-28T15:25:49.100Z,2002,2,-32.868,-69.033,15,3.9,MD,MD,3.8855,Mendoza2022_Meq_to_Mw,Mendoza/YPF 2022,converted_regional,ISC,ISC + USGS,2,3647741,usp000azc3,inside_rectangle,accepted_auto,yes,yes,
MZA-00296,2002-03-01T03:23:17.500Z,2002,3,-32.815,-69.211,173.5,3.5,MD,MD,3.4975,Mendoza2022_Meq_to_Mw,Mendoza/YPF 2022,converted_regional,ISC,ISC + USGS,2,2905389,usp000azcw,inside_rectangle,accepted_auto,yes,yes,
MZA-00297,2002-03-02T18:44:57.600Z,2002,3,-35.116,-68.479,16.2,4,MD,MD,3.9825,Mendoza2022_Meq_to_Mw,Mendoza/YPF 2022,converted_regional,ISC,ISC,1,3647777,,inside_rectangle,single_source,yes,yes,
MZA-00298,2002-03-06T01:27:44.700Z,2002,3,-32.949,-69.726,125.5,3,MD,MD,3.0125,Mendoza2022_Meq_to_Mw,Mendoza/YPF 2022,converted_regional,ISC,ISC + USGS,2,3647858,usp000azrq,inside_rectangle,accepted_auto,yes,yes,
MZA-00299,2002-03-07T06:36:38.900Z,2002,3,-33.299,-69.788,4.7,3.6,MD,MD,3.5945,Mendoza2022_Meq_to_Mw,Mendoza/YPF 2022,converted_regional,ISC,ISC + USGS,2,3647872,usp000azv8,inside_rectangle,accepted_auto,yes,yes,
MZA-00300,2002-03-09T19:49:48.400Z,2002,3,-33.669,-68.632,5,3.7,MD,MD,3.6915,Mendoza2022_Meq_to_Mw,Mendoza/YPF 2022,converted_regional,ISC,ISC,1,3647909,,inside_rectangle,single_source,yes,yes,
MZA-00301,2002-03-11T15:22:31.400Z,2002,3,-32.382,-69.084,158.6,3.1,MD,MD,3.1095,Mendoza2022_Meq_to_Mw,Mendoza/YPF 2022,converted_regional,ISC,ISC + USGS,2,3647942,usp000b04c,inside_rectangle,accepted_auto,yes,yes,
MZA-00302,2002-03-13T16:24:03.140Z,2002,3,-33.8426,-68.2849,10.2,4.1,MD,MD,4.0795,Mendoza2022_Meq_to_Mw,Mendoza/YPF 2022,converted_regional,ISC,ISC + USGS,2,3647969,usp000b080,inside_rectangle,accepted_manual_location_uncertainty,yes,yes,Match con discrepancia espacial moderada.
MZA-00303,2002-03-13T16:24:03.800Z,2002,3,-33.924,-68.754,21,4.1,md,MD,4.0795,Mendoza2022_Meq_to_Mw,Mendoza/YPF 2022,converted_regional,USGS,USGS,1,,usp000b07z,inside_rectangle,single_source,yes,yes,
MZA-00304,2002-03-13T19:57:25.400Z,2002,3,-33.869,-68.538,5,4,MD,MD,3.9825,Mendoza2022_Meq_to_Mw,Mendoza/YPF 2022,converted_regional,ISC,ISC + USGS,2,3647977,usp000b08a,inside_rectangle,accepted_auto,yes,yes,
MZA-00305,2002-03-14T01:22:15.200Z,2002,3,-33.925,-68.603,0,,,,,not_harmonized,,excluded_missing_or_invalid,ISC,ISC + USGS,2,3647981,usp000b08s,inside_rectangle,accepted_auto,yes,no,Magnitud QC: missing.
MZA-00306,2002-03-17T03:46:52.799Z,2002,3,-32.181,-69.672,126.8,3.7,MD,MD,3.6915,Mendoza2022_Meq_to_Mw,Mendoza/YPF 2022,converted_regional,ISC,ISC + USGS,2,2929422,usp000b0fs,inside_rectangle,accepted_auto,yes,yes,
MZA-00307,2002-03-18T12:39:02.100Z,2002,3,-32.056,-68.998,186.6,3.6,MD,MD,3.5945,Mendoza2022_Meq_to_Mw,Mendoza/YPF 2022,converted_regional,ISC,ISC + USGS,2,3648054,usp000b0js,inside_rectangle,accepted_manual_caution,no,no,Match cauteloso; excluir del análisis espacial primario.
MZA-00308,2002-03-20T08:59:58.300Z,2002,3,-32.297,-69.827,133.2,4,MD,MD,3.9825,Mendoza2022_Meq_to_Mw,Mendoza/YPF 2022,converted_regional,ISC,ISC + USGS,2,3648091,usp000b0ps,inside_rectangle,accepted_auto,yes,yes,
MZA-00309,2002-03-20T09:08:14.100Z,2002,3,-34.427,-69.075,0,3.9,MD,MD,3.8855,Mendoza2022_Meq_to_Mw,Mendoza/YPF 2022,converted_regional,ISC,ISC + USGS,2,3648093,usp000b0pt,inside_rectangle,accepted_auto,yes,yes,
MZA-00310,2002-03-26T22:42:06.300Z,2002,3,-32.662,-69.902,109.2,2.8,MD,MD,2.8185,Mendoza2022_Meq_to_Mw,Mendoza/YPF 2022,converted_regional,ISC,ISC + USGS,2,3648197,usp000b14r,inside_rectangle,accepted_auto,yes,yes,
MZA-00311,2002-03-27T18:10:30.800Z,2002,3,-34.946,-68.998,6,3.6,MD,MD,3.5945,Mendoza2022_Meq_to_Mw,Mendoza/YPF 2022,converted_regional,ISC,ISC + USGS,2,3648203,usp000b16q,inside_rectangle,accepted_auto,yes,yes,
MZA-00312,2002-04-01T10:21:55.900Z,2002,4,-32.935,-69.039,10,3.7,MD,MD,3.6915,Mendoza2022_Meq_to_Mw,Mendoza/YPF 2022,converted_regional,ISC,ISC + USGS,2,2954287,usp000b1h5,inside_rectangle,accepted_auto,yes,yes,
MZA-00313,2002-04-02T03:04:55.400Z,2002,4,-32.248,-68.082,15,3.9,MD,MD,3.8855,Mendoza2022_Meq_to_Mw,Mendoza/YPF 2022,converted_regional,ISC,ISC + USGS,2,2955547,usp000b1jv,inside_rectangle,accepted_auto,yes,yes,
MZA-00314,2002-04-03T20:06:35.900Z,2002,4,-32.842,-69.134,5,3.7,MD,MD,3.6915,Mendoza2022_Meq_to_Mw,Mendoza/YPF 2022,converted_regional,ISC,ISC + USGS,2,3648301,usp000b1ny,inside_rectangle,accepted_auto,yes,yes,
MZA-00315,2002-04-08T03:30:19.800Z,2002,4,-32.209,-69.398,115.8,3.3,MD,MD,3.3035,Mendoza2022_Meq_to_Mw,Mendoza/YPF 2022,converted_regional,ISC,ISC + USGS,2,3648386,usp000b1yz,inside_rectangle,accepted_auto,yes,yes,
MZA-00316,2002-04-11T17:06:55.800Z,2002,4,-32.419,-69.954,107.6,2.9,MD,MD,2.9155,Mendoza2022_Meq_to_Mw,Mendoza/YPF 2022,converted_regional,ISC,ISC + USGS,2,3648431,usp000b274,inside_rectangle,accepted_auto,yes,yes,
MZA-00317,2002-04-12T20:58:11.000Z,2002,4,-32.985,-69.948,107.2,2.8,MD,MD,2.8185,Mendoza2022_Meq_to_Mw,Mendoza/YPF 2022,converted_regional,ISC,ISC + USGS,2,3648450,usp000b29q,inside_rectangle,accepted_auto,yes,yes,
MZA-00318,2002-04-12T23:23:17.900Z,2002,4,-32.776,-69.277,9,3.7,MD,MD,3.6915,Mendoza2022_Meq_to_Mw,Mendoza/YPF 2022,converted_regional,ISC,ISC + USGS,2,3648452,usp000b29t,inside_rectangle,accepted_auto,yes,yes,
MZA-00319,2002-04-13T21:00:12.700Z,2002,4,-32.592,-69.066,139.3,3,MD,MD,3.0125,Mendoza2022_Meq_to_Mw,Mendoza/YPF 2022,converted_regional,ISC,ISC,1,3648466,,inside_rectangle,single_source,yes,yes,
MZA-00320,2002-04-16T09:00:53.600Z,2002,4,-32.554,-69.95,118.5,3,MD,MD,3.0125,Mendoza2022_Meq_to_Mw,Mendoza/YPF 2022,converted_regional,ISC,ISC + USGS,2,3648507,usp000b2gq,inside_rectangle,accepted_auto,yes,yes,
MZA-00321,2002-04-18T02:32:37.100Z,2002,4,-32.175,-69.648,127.6,3.7,MD,MD,3.6915,Mendoza2022_Meq_to_Mw,Mendoza/YPF 2022,converted_regional,ISC,ISC + USGS,2,3648539,usp000b2mq,inside_rectangle,accepted_auto,yes,yes,
MZA-00322,2002-04-22T10:15:50.800Z,2002,4,-34.305,-69.134,15.1,3.7,MD,MD,3.6915,Mendoza2022_Meq_to_Mw,Mendoza/YPF 2022,converted_regional,ISC,ISC + USGS,2,2993102,usp000b2y8,inside_rectangle,accepted_auto,yes,yes,
MZA-00323,2002-04-23T08:54:57.399Z,2002,4,-32.482,-69.977,112.1,3.4,MD,MD,3.4005,Mendoza2022_Meq_to_Mw,Mendoza/YPF 2022,converted_regional,ISC,ISC + USGS,2,3648608,usp000b2zx,inside_rectangle,accepted_auto,yes,yes,
MZA-00324,2002-04-24T21:39:09.490Z,2002,4,-32.404,-69.9085,111.2,3.7,mb,mb,3.8148,Mendoza2022_mb_to_Mw,Mendoza/YPF 2022,converted_regional,ISC,ISC,1,3004378,,inside_rectangle,single_source,yes,yes,
MZA-00325,2002-04-24T21:52:34.200Z,2002,4,-32.327,-69.6,124.7,3.1,MD,MD,3.1095,Mendoza2022_Meq_to_Mw,Mendoza/YPF 2022,converted_regional,ISC,ISC + USGS,2,3004380,usp000b33s,inside_rectangle,accepted_auto,yes,yes,
MZA-00326,2002-04-25T16:34:00.499Z,2002,4,-32.87,-69.808,126.9,3.1,MD,MD,3.1095,Mendoza2022_Meq_to_Mw,Mendoza/YPF 2022,converted_regional,ISC,ISC + USGS,2,3648676,usp000b35u,inside_rectangle,accepted_auto,yes,yes,
MZA-00327,2002-04-27T04:14:26.000Z,2002,4,-34.452,-69.682,192.8,3.4,MD,MD,3.4005,Mendoza2022_Meq_to_Mw,Mendoza/YPF 2022,converted_regional,ISC,ISC + USGS,2,3648694,usp000b38s,inside_rectangle,accepted_auto,yes,yes,
MZA-00328,2002-04-28T00:17:59.800Z,2002,4,-32.447,-69.911,131.1,3.5,MD,MD,3.4975,Mendoza2022_Meq_to_Mw,Mendoza/YPF 2022,converted_regional,ISC,ISC + USGS,2,3648714,usp000b39y,inside_rectangle,accepted_auto,yes,yes,
MZA-00329,2002-04-28T03:06:17.500Z,2002,4,-32.984,-68.922,10,4.2,MD,MD,4.1765,Mendoza2022_Meq_to_Mw,Mendoza/YPF 2022,converted_regional,ISC,ISC + USGS,2,3648716,usp000b3ab,inside_rectangle,accepted_auto,yes,yes,
MZA-00330,2002-04-30T15:43:47.200Z,2002,4,-32.754,-69.142,173.1,3.5,MD,MD,3.4975,Mendoza2022_Meq_to_Mw,Mendoza/YPF 2022,converted_regional,ISC,ISC + USGS,2,3648763,usp000b3f0,inside_rectangle,accepted_auto,yes,yes,
MZA-00331,2002-04-30T17:25:18.899Z,2002,4,-32.215,-69.764,134.7,3.5,MD,MD,3.4975,Mendoza2022_Meq_to_Mw,Mendoza/YPF 2022,converted_regional,ISC,ISC + USGS,2,3648765,usp000b3f4,inside_rectangle,accepted_auto,yes,yes,
MZA-00332,2002-05-01T15:25:18.800Z,2002,5,-32.911,-69.842,113,3.5,MD,MD,3.4975,Mendoza2022_Meq_to_Mw,Mendoza/YPF 2022,converted_regional,ISC,ISC + USGS,2,3648788,usp000b3j6,inside_rectangle,accepted_auto,yes,yes,
MZA-00333,2002-05-04T11:10:19.700Z,2002,5,-32.872,-69.225,183.8,2.9,MD,MD,2.9155,Mendoza2022_Meq_to_Mw,Mendoza/YPF 2022,converted_regional,ISC,ISC + USGS,2,3648830,usp000b3q6,inside_rectangle,accepted_auto,yes,yes,
MZA-00334,2002-05-07T07:27:52.580Z,2002,5,-32.0266,-67.4127,133.5,4.6,mb,mb,4.3134,Mendoza2022_mb_to_Mw,Mendoza/YPF 2022,converted_regional,ISC,ISC + USGS,2,3031707,usp000b3wj,inside_rectangle,accepted_auto,yes,yes,
MZA-00335,2002-05-08T13:51:09.100Z,2002,5,-32.708,-69.968,122.5,3.2,MD,MD,3.2065,Mendoza2022_Meq_to_Mw,Mendoza/YPF 2022,converted_regional,ISC,ISC + USGS,2,3648921,usp000b3yk,inside_rectangle,accepted_auto,yes,yes,
MZA-00336,2002-05-15T21:22:24.700Z,2002,5,-32.872,-68.262,6.6,3.8,MD,MD,3.7885,Mendoza2022_Meq_to_Mw,Mendoza/YPF 2022,converted_regional,ISC,ISC + USGS,2,3649059,usp000b4ct,inside_rectangle,accepted_auto,yes,yes,
MZA-00337,2002-05-21T10:34:14.500Z,2002,5,-32.253,-69.236,174.3,3.7,MD,MD,3.6915,Mendoza2022_Meq_to_Mw,Mendoza/YPF 2022,converted_regional,ISC,ISC + USGS,2,3649164,usp000b4qf,inside_rectangle,accepted_auto,yes,yes,
MZA-00338,2002-05-21T10:51:31.900Z,2002,5,-32.348,-69.691,126.7,3.3,MD,MD,3.3035,Mendoza2022_Meq_to_Mw,Mendoza/YPF 2022,converted_regional,ISC,ISC,1,3649166,,inside_rectangle,single_source,yes,yes,
MZA-00339,2002-05-21T18:38:14.500Z,2002,5,-33.487,-69.352,0,3.6,MD,MD,3.5945,Mendoza2022_Meq_to_Mw,Mendoza/YPF 2022,converted_regional,ISC,ISC,1,3649180,,inside_rectangle,single_source,yes,yes,
MZA-00340,2002-05-23T11:50:18.899Z,2002,5,-33.292,-68.426,7.3,3.3,MD,MD,3.3035,Mendoza2022_Meq_to_Mw,Mendoza/YPF 2022,converted_regional,ISC,ISC,1,3649201,,inside_rectangle,single_source,yes,yes,
MZA-00341,2002-05-25T11:16:43.900Z,2002,5,-32.159,-67.661,89.9,3.5,ML,ML,3.4975,Mendoza2022_Meq_to_Mw,Mendoza/YPF 2022,converted_regional,ISC,ISC + USGS,2,3649254,usp000b4y3,inside_rectangle,accepted_auto,yes,yes,
MZA-00342,2002-05-26T15:36:09.590Z,2002,5,-32.4687,-68.4289,120,4.2,mb,mb,4.0918,Mendoza2022_mb_to_Mw,Mendoza/YPF 2022,converted_regional,ISC,ISC + USGS,2,3768909,usp000b50e,inside_rectangle,accepted_auto,yes,yes,
MZA-00343,2002-05-28T12:20:19.000Z,2002,5,-32.73,-69.966,90.6,,,,,not_harmonized,,excluded_missing_or_invalid,ISC,ISC,1,3649294,,inside_rectangle,single_source,yes,no,Magnitud QC: missing.
MZA-00344,2002-05-28T12:33:41.500Z,2002,5,-32.264,-69.31,187.9,3.7,MD,MD,3.6915,Mendoza2022_Meq_to_Mw,Mendoza/YPF 2022,converted_regional,ISC,ISC + USGS,2,3649296,usp000b547,inside_rectangle,accepted_auto,yes,yes,
MZA-00345,2002-05-31T08:43:40.500Z,2002,5,-33.228,-68.79,12.4,3.3,MD,MD,3.3035,Mendoza2022_Meq_to_Mw,Mendoza/YPF 2022,converted_regional,ISC,ISC,1,3649334,,inside_rectangle,single_source,yes,yes,
MZA-00346,2002-06-01T21:10:03.300Z,2002,6,-33.276,-69.757,5.4,3.3,MD,MD,3.3035,Mendoza2022_Meq_to_Mw,Mendoza/YPF 2022,converted_regional,ISC,ISC,1,3649361,,inside_rectangle,single_source,yes,yes,
MZA-00347,2002-06-01T23:37:11.699Z,2002,6,-32.922,-69.89,123.3,3.1,MD,MD,3.1095,Mendoza2022_Meq_to_Mw,Mendoza/YPF 2022,converted_regional,ISC,ISC + USGS,2,3177880,usp000b5cc,inside_rectangle,accepted_auto,yes,yes,
MZA-00348,2002-06-02T16:56:23.600Z,2002,6,-33.007,-69.087,8.9,4.3,MD,MD,4.2735,Mendoza2022_Meq_to_Mw,Mendoza/YPF 2022,converted_regional,ISC,ISC + USGS,2,3649372,usp000b5ec,inside_rectangle,accepted_auto,yes,yes,
MZA-00349,2002-06-06T15:29:03.000Z,2002,6,-32.326,-69.842,150.6,3.7,ML,ML,3.6915,Mendoza2022_Meq_to_Mw,Mendoza/YPF 2022,converted_regional,ISC,ISC,1,3649410,,inside_rectangle,single_source,yes,yes,
MZA-00350,2002-06-10T08:23:32.900Z,2002,6,-33.392,-68.545,9.6,3.7,MD,MD,3.6915,Mendoza2022_Meq_to_Mw,Mendoza/YPF 2022,converted_regional,ISC,ISC + USGS,2,3649452,usp000b5wa,inside_rectangle,accepted_auto,yes,yes,
MZA-00351,2002-06-16T10:20:04.900Z,2002,6,-32.151,-69.775,148.4,3.3,MD,MD,3.3035,Mendoza2022_Meq_to_Mw,Mendoza/YPF 2022,converted_regional,ISC,ISC + USGS,2,3187959,usp000b69e,inside_rectangle,accepted_auto,yes,yes,
MZA-00352,2002-06-22T01:31:44.400Z,2002,6,-32.614,-69.818,147.3,3.2,MD,MD,3.2065,Mendoza2022_Meq_to_Mw,Mendoza/YPF 2022,converted_regional,ISC,ISC + USGS,2,3649584,usp000b6pc,inside_rectangle,accepted_auto,yes,yes,
MZA-00353,2002-06-27T10:24:36.200Z,2002,6,-33.432,-68.459,269,4,md,MD,3.9825,Mendoza2022_Meq_to_Mw,Mendoza/YPF 2022,converted_regional,USGS,USGS,1,,usp000b71a,inside_rectangle,single_source,yes,yes,
MZA-00354,2002-06-27T10:24:36.479Z,2002,6,-33.4037,-67.7558,201.4,4,MD,MD,3.9825,Mendoza2022_Meq_to_Mw,Mendoza/YPF 2022,converted_regional,ISC,ISC,1,3649657,,inside_rectangle,single_source,yes,yes,
MZA-00355,2002-06-30T21:13:11.800Z,2002,6,-32.883,-69.612,1,3.6,MD,MD,3.5945,Mendoza2022_Meq_to_Mw,Mendoza/YPF 2022,converted_regional,ISC,ISC + USGS,2,3649700,usp000b78y,inside_rectangle,accepted_auto,yes,yes,
MZA-00356,2002-07-01T10:29:28.100Z,2002,7,-32.715,-69.832,120,3.5,MD,MD,3.4975,Mendoza2022_Meq_to_Mw,Mendoza/YPF 2022,converted_regional,ISC,ISC + USGS,2,3213155,usp000b79z,inside_rectangle,accepted_auto,yes,yes,
MZA-00357,2002-07-01T15:56:41.600Z,2002,7,-33.378,-68.388,5,4.3,MD,MD,4.2735,Mendoza2022_Meq_to_Mw,Mendoza/YPF 2022,converted_regional,ISC,ISC + USGS,2,3649707,usp000b7a9,inside_rectangle,accepted_auto,yes,yes,
MZA-00358,2002-07-07T02:18:38.500Z,2002,7,-32.268,-69.658,122.8,3.3,MD,MD,3.3035,Mendoza2022_Meq_to_Mw,Mendoza/YPF 2022,converted_regional,ISC,ISC + USGS,2,3649754,usp000b7n6,inside_rectangle,accepted_auto,yes,yes,
MZA-00359,2002-07-13T03:53:43.999Z,2002,7,-32.407,-69.74,116.8,3.5,MD,MD,3.4975,Mendoza2022_Meq_to_Mw,Mendoza/YPF 2022,converted_regional,ISC,ISC + USGS,2,3649859,usp000b80k,inside_rectangle,accepted_auto,yes,yes,
MZA-00360,2002-07-16T02:01:47.860Z,2002,7,-32.2383,-69.8006,107.6,3.9,MD,MD,3.8855,Mendoza2022_Meq_to_Mw,Mendoza/YPF 2022,converted_regional,ISC,ISC + USGS,2,3226320,usp000b86p,inside_rectangle,accepted_auto,yes,yes,
MZA-00361,2002-07-21T23:40:04.100Z,2002,7,-32.173,-69.701,143.8,3.2,MD,MD,3.2065,Mendoza2022_Meq_to_Mw,Mendoza/YPF 2022,converted_regional,ISC,ISC + USGS,2,3229754,usp000b8hs,inside_rectangle,accepted_auto,yes,yes,
MZA-00362,2002-07-27T00:37:15.600Z,2002,7,-32.314,-69.66,129.5,3.1,MD,MD,3.1095,Mendoza2022_Meq_to_Mw,Mendoza/YPF 2022,converted_regional,ISC,ISC + USGS,2,3234718,usp000b8uy,inside_rectangle,accepted_auto,yes,yes,
MZA-00363,2002-07-27T23:51:01.800Z,2002,7,-32.022,-68.872,193.4,3.2,MD,MD,3.2065,Mendoza2022_Meq_to_Mw,Mendoza/YPF 2022,converted_regional,ISC,ISC + USGS,2,3234771,usp000b8wn,inside_rectangle,accepted_auto,yes,yes,
MZA-00364,2002-07-29T16:18:40.000Z,2002,7,-32.726,-68.77,6,3.8,MD,MD,3.7885,Mendoza2022_Meq_to_Mw,Mendoza/YPF 2022,converted_regional,ISC,ISC + USGS,2,3650055,usp000b8zx,inside_rectangle,accepted_auto,yes,yes,
MZA-00365,2002-08-02T08:54:44.700Z,2002,8,-32.032,-68.731,182.2,3.8,MD,MD,3.7885,Mendoza2022_Meq_to_Mw,Mendoza/YPF 2022,converted_regional,ISC,ISC,1,3650105,,inside_rectangle,single_source,yes,yes,
MZA-00366,2002-08-07T06:51:08.800Z,2002,8,-33.3,-69.822,6,3.7,MD,MD,3.6915,Mendoza2022_Meq_to_Mw,Mendoza/YPF 2022,converted_regional,ISC,ISC + USGS,2,3249073,usp000b9f6,inside_rectangle,accepted_auto,yes,yes,
MZA-00367,2002-08-07T09:29:48.900Z,2002,8,-32.54,-69.997,120.1,3.1,MD,MD,3.1095,Mendoza2022_Meq_to_Mw,Mendoza/YPF 2022,converted_regional,ISC,ISC + USGS,2,3249083,usp000b9fg,inside_rectangle,accepted_auto,yes,yes,
MZA-00368,2002-08-07T09:48:46.000Z,2002,8,-33.295,-69.808,7.1,3.4,MD,MD,3.4005,Mendoza2022_Meq_to_Mw,Mendoza/YPF 2022,converted_regional,ISC,ISC + USGS,2,3249085,usp000b9fh,inside_rectangle,accepted_auto,yes,yes,
MZA-00369,2002-08-10T18:44:32.600Z,2002,8,-32.122,-69.695,139,3.1,MD,MD,3.1095,Mendoza2022_Meq_to_Mw,Mendoza/YPF 2022,converted_regional,ISC,ISC + USGS,2,3250258,usp000b9nq,inside_rectangle,accepted_auto,yes,yes,
MZA-00370,2002-08-12T07:11:21.900Z,2002,8,-33.239,-69.956,109.7,3.1,MD,MD,3.1095,Mendoza2022_Meq_to_Mw,Mendoza/YPF 2022,converted_regional,ISC,ISC + USGS,2,3251012,usp000b9rc,inside_rectangle,accepted_auto,yes,yes,
MZA-00371,2002-08-13T17:59:00.100Z,2002,8,-32.715,-68.915,5,3.8,MD,MD,3.7885,Mendoza2022_Meq_to_Mw,Mendoza/YPF 2022,converted_regional,ISC,ISC + USGS,2,3650214,usp000b9uc,inside_rectangle,accepted_auto,yes,yes,
MZA-00372,2002-08-15T11:41:30.700Z,2002,8,-32.782,-69.284,161.1,3.7,MD,MD,3.6915,Mendoza2022_Meq_to_Mw,Mendoza/YPF 2022,converted_regional,ISC,ISC + USGS,2,3254962,usp000b9ye,inside_rectangle,accepted_auto,yes,yes,
MZA-00373,2002-08-16T03:29:21.810Z,2002,8,-34.8245,-68.0613,26.7,4.8,mb,mb,4.4242,Mendoza2022_mb_to_Mw,Mendoza/YPF 2022,converted_regional,ISC,ISC + USGS,2,3255822,usp000b9zt,inside_rectangle,accepted_auto,yes,yes,
MZA-00374,2002-08-17T13:40:00.400Z,2002,8,-35.526,-68.619,18.6,4.1,MD,MD,4.0795,Mendoza2022_Meq_to_Mw,Mendoza/YPF 2022,converted_regional,ISC,ISC + USGS,2,3650254,usp000ba2t,inside_rectangle,accepted_auto,yes,yes,
MZA-00375,2002-08-20T07:08:55.000Z,2002,8,-32.042,-69.838,136.4,3.7,MD,MD,3.6915,Mendoza2022_Meq_to_Mw,Mendoza/YPF 2022,converted_regional,ISC,ISC + USGS,2,3257588,usp000ba8s,inside_rectangle,accepted_auto,yes,yes,
MZA-00376,2002-08-21T02:27:57.900Z,2002,8,-32.331,-69.788,114.6,3.3,MD,MD,3.3035,Mendoza2022_Meq_to_Mw,Mendoza/YPF 2022,converted_regional,ISC,ISC + USGS,2,3261699,usp000baaj,inside_rectangle,accepted_auto,yes,yes,
MZA-00377,2002-08-21T07:51:56.900Z,2002,8,-32.108,-69.797,121.5,3,MD,MD,3.0125,Mendoza2022_Meq_to_Mw,Mendoza/YPF 2022,converted_regional,ISC,ISC + USGS,2,3650301,usp000bab4,inside_rectangle,accepted_auto,yes,yes,
MZA-00378,2002-08-25T04:20:29.400Z,2002,8,-32.57,-69.817,133.8,3,MD,MD,3.0125,Mendoza2022_Meq_to_Mw,Mendoza/YPF 2022,converted_regional,ISC,ISC,1,3650336,,inside_rectangle,single_source,yes,yes,
MZA-00379,2002-08-26T13:03:38.200Z,2002,8,-32.609,-69.174,167.9,4,MD,MD,3.9825,Mendoza2022_Meq_to_Mw,Mendoza/YPF 2022,converted_regional,ISC,ISC + USGS,2,3340873,usp000bant,inside_rectangle,accepted_auto,yes,yes,
MZA-00380,2002-08-28T02:22:29.000Z,2002,8,-32.438,-69.801,127.5,3.1,MD,MD,3.1095,Mendoza2022_Meq_to_Mw,Mendoza/YPF 2022,converted_regional,ISC,ISC + USGS,2,3650367,usp000bask,inside_rectangle,accepted_auto,yes,yes,
MZA-00381,2002-08-29T04:03:44.700Z,2002,8,-33.944,-68.497,20.2,3.8,MD,MD,3.7885,Mendoza2022_Meq_to_Mw,Mendoza/YPF 2022,converted_regional,ISC,ISC + USGS,2,3650371,usp000bauk,inside_rectangle,accepted_auto,yes,yes,
MZA-00382,2002-09-03T00:47:04.299Z,2002,9,-34.405,-67.342,220,3.5,MD,MD,3.4975,Mendoza2022_Meq_to_Mw,Mendoza/YPF 2022,converted_regional,ISC,ISC,1,3650417,,inside_rectangle,single_source,yes,yes,
MZA-00383,2002-09-05T20:30:02.900Z,2002,9,-32.566,-69.276,3,3.7,MD,MD,3.6915,Mendoza2022_Meq_to_Mw,Mendoza/YPF 2022,converted_regional,ISC,ISC + USGS,2,3368838,usp000bbah,inside_rectangle,accepted_auto,yes,yes,
MZA-00384,2002-09-06T13:17:29.900Z,2002,9,-32.702,-68.983,1.6,3.9,MD,MD,3.8855,Mendoza2022_Meq_to_Mw,Mendoza/YPF 2022,converted_regional,ISC,ISC + USGS,2,3368914,usp000bben,inside_rectangle,accepted_auto,yes,yes,
MZA-00385,2002-09-15T04:09:10.100Z,2002,9,-32.574,-69.294,0,3.7,MD,MD,3.6915,Mendoza2022_Meq_to_Mw,Mendoza/YPF 2022,converted_regional,ISC,ISC + USGS,2,3372871,usp000bc9d,inside_rectangle,accepted_auto,yes,yes,
MZA-00386,2002-09-15T06:49:34.700Z,2002,9,-32.588,-69.084,2.4,3.4,MD,MD,3.4005,Mendoza2022_Meq_to_Mw,Mendoza/YPF 2022,converted_regional,ISC,ISC,1,3650550,,inside_rectangle,single_source,yes,yes,
MZA-00387,2002-09-16T08:50:54.300Z,2002,9,-32.65,-69.306,163,3.5,MD,MD,3.4975,Mendoza2022_Meq_to_Mw,Mendoza/YPF 2022,converted_regional,ISC,ISC + USGS,2,3378909,usp000bcd4,inside_rectangle,accepted_auto,yes,yes,
MZA-00388,2002-09-19T02:44:35.500Z,2002,9,-32.449,-69.902,127.8,3.7,MD,MD,3.6915,Mendoza2022_Meq_to_Mw,Mendoza/YPF 2022,converted_regional,ISC,ISC + USGS,2,3650586,usp000bcmg,inside_rectangle,accepted_auto,yes,yes,
MZA-00389,2002-09-24T05:05:11.800Z,2002,9,-33.789,-69.861,15.1,3,MD,MD,3.0125,Mendoza2022_Meq_to_Mw,Mendoza/YPF 2022,converted_regional,ISC,ISC + USGS,2,3440157,usp000bd02,inside_rectangle,accepted_auto,yes,yes,
MZA-00390,2002-09-24T06:10:35.100Z,2002,9,-32.156,-69.767,149,3,MD,MD,3.0125,Mendoza2022_Meq_to_Mw,Mendoza/YPF 2022,converted_regional,ISC,ISC + USGS,2,3650642,usp000bd0a,inside_rectangle,accepted_auto,yes,yes,
MZA-00391,2002-09-26T11:09:41.400Z,2002,9,-33.272,-69.831,6.1,3.9,MD,MD,3.8855,Mendoza2022_Meq_to_Mw,Mendoza/YPF 2022,converted_regional,ISC,ISC + USGS,2,3447545,usp000bd58,inside_rectangle,accepted_auto,yes,yes,
MZA-00392,2002-09-27T08:31:06.900Z,2002,9,-33.293,-69.838,4.6,3.5,MD,MD,3.4975,Mendoza2022_Meq_to_Mw,Mendoza/YPF 2022,converted_regional,ISC,ISC + USGS,2,3465131,usp000bd7c,inside_rectangle,accepted_manual_strong,yes,yes,
MZA-00393,2002-10-02T09:39:56.500Z,2002,10,-32.454,-69.908,117.2,3.1,MD,MD,3.1095,Mendoza2022_Meq_to_Mw,Mendoza/YPF 2022,converted_regional,ISC,ISC + USGS,2,3474259,usp000bdmx,inside_rectangle,accepted_auto,yes,yes,
MZA-00394,2002-10-02T21:40:01.000Z,2002,10,-33.266,-69.828,5.6,4.6,MD,MD,4.5645,Mendoza2022_Meq_to_Mw,Mendoza/YPF 2022,converted_regional,ISC,ISC + USGS,2,3474280,usp000bdns,inside_rectangle,accepted_auto,yes,yes,
MZA-00395,2002-10-02T21:44:49.500Z,2002,10,-33.274,-69.843,3.7,3.6,MD,MD,3.5945,Mendoza2022_Meq_to_Mw,Mendoza/YPF 2022,converted_regional,ISC,ISC + USGS,2,3474282,usp000bdnt,inside_rectangle,accepted_auto,yes,yes,
MZA-00396,2002-10-03T07:23:10.800Z,2002,10,-33.272,-69.847,4.9,3.2,MD,MD,3.2065,Mendoza2022_Meq_to_Mw,Mendoza/YPF 2022,converted_regional,ISC,ISC + USGS,2,3650778,usp000bdq3,inside_rectangle,accepted_auto,yes,yes,
MZA-00397,2002-10-05T00:54:40.000Z,2002,10,-33.246,-68.132,3,3.9,MD,MD,3.8855,Mendoza2022_Meq_to_Mw,Mendoza/YPF 2022,converted_regional,ISC,ISC + USGS,2,3650802,usp000bdu4,inside_rectangle,accepted_auto,yes,yes,
MZA-00398,2002-10-05T20:43:15.700Z,2002,10,-32.709,-69.369,36.5,3.3,MD,MD,3.3035,Mendoza2022_Meq_to_Mw,Mendoza/YPF 2022,converted_regional,ISC,ISC + USGS,2,3650821,usp000bdvv,inside_rectangle,accepted_auto,yes,yes,
MZA-00399,2002-10-09T10:08:52.700Z,2002,10,-32.618,-69.318,159.7,3.6,MD,MD,3.5945,Mendoza2022_Meq_to_Mw,Mendoza/YPF 2022,converted_regional,ISC,ISC + USGS,2,3486309,usp000be3f,inside_rectangle,accepted_auto,yes,yes,
MZA-00400,2002-10-12T14:32:52.700Z,2002,10,-32.273,-69.069,15.9,3.8,MD,MD,3.7885,Mendoza2022_Meq_to_Mw,Mendoza/YPF 2022,converted_regional,ISC,ISC,1,3650912,,inside_rectangle,single_source,yes,yes,
MZA-00401,2002-10-12T22:14:33.700Z,2002,10,-33.669,-69.715,3,3.4,MD,MD,3.4005,Mendoza2022_Meq_to_Mw,Mendoza/YPF 2022,converted_regional,ISC,ISC + USGS,2,3650918,usp000bedj,inside_rectangle,accepted_auto,yes,yes,
MZA-00402,2002-10-14T05:07:27.600Z,2002,10,-32.461,-69.945,133.4,3.2,MD,MD,3.2065,Mendoza2022_Meq_to_Mw,Mendoza/YPF 2022,converted_regional,ISC,ISC + USGS,2,3650935,usp000begu,inside_rectangle,accepted_auto,yes,yes,
MZA-00403,2002-10-14T23:23:45.400Z,2002,10,-34.258,-68.511,12.9,3.7,MD,MD,3.6915,Mendoza2022_Meq_to_Mw,Mendoza/YPF 2022,converted_regional,ISC,ISC,1,3650953,,inside_rectangle,single_source,yes,yes,
MZA-00404,2002-10-20T20:40:28.000Z,2002,10,-32.312,-69.644,131.1,2.9,MD,MD,2.9155,Mendoza2022_Meq_to_Mw,Mendoza/YPF 2022,converted_regional,ISC,ISC + USGS,2,3509847,usp000bey1,inside_rectangle,accepted_auto,yes,yes,
MZA-00405,2002-10-23T17:38:15.900Z,2002,10,-34.455,-69.856,3.7,3.7,MD,MD,3.6915,Mendoza2022_Meq_to_Mw,Mendoza/YPF 2022,converted_regional,ISC,ISC + USGS,2,3651038,usp000bf42,inside_rectangle,accepted_auto,yes,yes,
MZA-00406,2002-10-24T13:54:18.520Z,2002,10,-34.4442,-69.8434,6.5,4,mb,mb,3.981,Mendoza2022_mb_to_Mw,Mendoza/YPF 2022,converted_regional,ISC,ISC + USGS,2,3651043,usp000bf8e,inside_rectangle,accepted_auto,yes,yes,
MZA-00407,2002-10-24T14:24:47.300Z,2002,10,-34.451,-69.866,1.9,3.2,MD,MD,3.2065,Mendoza2022_Meq_to_Mw,Mendoza/YPF 2022,converted_regional,ISC,ISC + USGS,2,3651045,usp000bf8j,inside_rectangle,accepted_auto,yes,yes,
MZA-00408,2002-10-27T01:06:51.900Z,2002,10,-33.156,-68.127,3,3.8,MD,MD,3.7885,Mendoza2022_Meq_to_Mw,Mendoza/YPF 2022,converted_regional,ISC,ISC + USGS,2,3651101,usp000bfeu,inside_rectangle,accepted_auto,yes,yes,
MZA-00409,2002-10-27T04:29:12.200Z,2002,10,-34.45,-69.869,7.5,3.3,MD,MD,3.3035,Mendoza2022_Meq_to_Mw,Mendoza/YPF 2022,converted_regional,ISC,ISC + USGS,2,3651103,usp000bff4,inside_rectangle,accepted_auto,yes,yes,
MZA-00410,2002-10-31T21:46:45.800Z,2002,10,-32.213,-69.658,135,2.8,MD,MD,2.8185,Mendoza2022_Meq_to_Mw,Mendoza/YPF 2022,converted_regional,ISC,ISC + USGS,2,3651164,usp000bfrt,inside_rectangle,accepted_auto,yes,yes,
MZA-00411,2002-11-01T04:22:38.500Z,2002,11,-34.429,-69.898,0,3.3,MD,MD,3.3035,Mendoza2022_Meq_to_Mw,Mendoza/YPF 2022,converted_regional,ISC,ISC + USGS,2,6121023,usp000bfsc,inside_rectangle,accepted_auto,yes,yes,
MZA-00412,2002-11-01T19:59:52.100Z,2002,11,-33.59,-68.484,0,3.4,MD,MD,3.4005,Mendoza2022_Meq_to_Mw,Mendoza/YPF 2022,converted_regional,ISC,ISC,1,6121526,,inside_rectangle,single_source,yes,yes,
MZA-00413,2002-11-03T02:47:32.200Z,2002,11,-32.907,-69.262,0,2.4,ML,ML,2.4305,Mendoza2022_Meq_to_Mw,Mendoza/YPF 2022,converted_regional,ISC,ISC + USGS,2,6122715,usp000bfyb,inside_rectangle,accepted_auto,yes,yes,
MZA-00414,2002-11-06T10:21:50.000Z,2002,11,-32.278,-69.608,127,3.7,MD,MD,3.6915,Mendoza2022_Meq_to_Mw,Mendoza/YPF 2022,converted_regional,ISC,ISC + USGS,2,6127006,usp000bgth,inside_rectangle,accepted_auto,yes,yes,
MZA-00415,2002-11-06T13:58:52.900Z,2002,11,-32.508,-69.816,117.2,3.2,MD,MD,3.2065,Mendoza2022_Meq_to_Mw,Mendoza/YPF 2022,converted_regional,ISC,ISC + USGS,2,6127133,usp000bgug,inside_rectangle,accepted_auto,yes,yes,
MZA-00416,2002-11-07T11:05:15.800Z,2002,11,-32.342,-69.718,136.7,3.3,MD,MD,3.3035,Mendoza2022_Meq_to_Mw,Mendoza/YPF 2022,converted_regional,ISC,ISC + USGS,2,6127790,usp000bgyk,inside_rectangle,accepted_auto,yes,yes,
MZA-00417,2002-11-10T20:41:57.000Z,2002,11,-32.33,-69.618,123.8,2.9,MD,MD,2.9155,Mendoza2022_Meq_to_Mw,Mendoza/YPF 2022,converted_regional,ISC,ISC + USGS,2,6130392,usp000bhbs,inside_rectangle,accepted_auto,yes,yes,
MZA-00418,2002-11-16T03:26:58.400Z,2002,11,-32.687,-69.74,127.9,3,MD,MD,3.0125,Mendoza2022_Meq_to_Mw,Mendoza/YPF 2022,converted_regional,ISC,ISC + USGS,2,6133933,usp000bhs9,inside_rectangle,accepted_auto,yes,yes,
MZA-00419,2002-11-22T13:15:57.409Z,2002,11,-33.4327,-67.9741,180.4,4,mb,mb,3.981,Mendoza2022_mb_to_Mw,Mendoza/YPF 2022,converted_regional,ISC,ISC + USGS,2,6138505,usp000bj64,inside_rectangle,accepted_auto,yes,yes,
MZA-00420,2002-11-22T17:17:54.400Z,2002,11,-33.721,-68.587,6.5,4,MD,MD,3.9825,Mendoza2022_Meq_to_Mw,Mendoza/YPF 2022,converted_regional,ISC,ISC + USGS,2,6138631,usp000bj6f,inside_rectangle,accepted_auto,yes,yes,
MZA-00421,2002-11-22T21:10:04.500Z,2002,11,-32.145,-68.862,125.6,3.7,MD,MD,3.6915,Mendoza2022_Meq_to_Mw,Mendoza/YPF 2022,converted_regional,ISC,ISC,1,6138766,,inside_rectangle,single_source,yes,yes,
MZA-00422,2002-12-04T05:08:27.800Z,2002,12,-34.772,-69.809,3,3.4,MD,MD,3.4005,Mendoza2022_Meq_to_Mw,Mendoza/YPF 2022,converted_regional,ISC,ISC + USGS,2,6252238,usp000bk2q,inside_rectangle,accepted_auto,yes,yes,
MZA-00423,2002-12-04T12:59:15.400Z,2002,12,-32.55,-69.932,126.3,3.3,MD,MD,3.3035,Mendoza2022_Meq_to_Mw,Mendoza/YPF 2022,converted_regional,ISC,ISC + USGS,2,6252467,usp000bk3d,inside_rectangle,accepted_auto,yes,yes,
MZA-00424,2002-12-04T15:01:12.500Z,2002,12,-32.463,-69.588,145,3,MD,MD,3.0125,Mendoza2022_Meq_to_Mw,Mendoza/YPF 2022,converted_regional,ISC,ISC + USGS,2,6252520,usp000bk3j,inside_rectangle,accepted_auto,yes,yes,
MZA-00425,2002-12-05T04:59:48.900Z,2002,12,-32.038,-69.627,138.7,3.9,MD,MD,3.8855,Mendoza2022_Meq_to_Mw,Mendoza/YPF 2022,converted_regional,ISC,ISC + USGS,2,6252890,usp000bk4q,inside_rectangle,accepted_auto,yes,yes,
MZA-00426,2002-12-20T04:42:57.600Z,2002,12,-33.273,-69.826,6.9,3,MD,MD,3.0125,Mendoza2022_Meq_to_Mw,Mendoza/YPF 2022,converted_regional,ISC,ISC + USGS,2,6261171,usp000bm14,inside_rectangle,accepted_auto,yes,yes,
MZA-00427,2002-12-20T14:02:44.500Z,2002,12,-32.959,-69.961,111,3.2,MD,MD,3.2065,Mendoza2022_Meq_to_Mw,Mendoza/YPF 2022,converted_regional,ISC,ISC + USGS,2,6261351,usp000bm1s,inside_rectangle,accepted_auto,yes,yes,
MZA-00428,2002-12-21T02:44:24.600Z,2002,12,-32.607,-67.831,10,3.7,MD,MD,3.6915,Mendoza2022_Meq_to_Mw,Mendoza/YPF 2022,converted_regional,ISC,ISC,1,6261608,,inside_rectangle,single_source,yes,yes,
MZA-00429,2002-12-24T08:52:18.300Z,2002,12,-32.638,-69.564,146.1,2.9,MD,MD,2.9155,Mendoza2022_Meq_to_Mw,Mendoza/YPF 2022,converted_regional,ISC,ISC + USGS,2,6263494,usp000bmak,inside_rectangle,accepted_auto,yes,yes,
MZA-00430,2002-12-27T05:20:12.500Z,2002,12,-32.923,-68.877,242.9,3.3,MD,MD,3.3035,Mendoza2022_Meq_to_Mw,Mendoza/YPF 2022,converted_regional,ISC,ISC,1,6264932,,inside_rectangle,single_source,yes,yes,
MZA-00431,2003-01-02T03:18:52.599Z,2003,1,-33.555,-68.849,1.5,3.5,MD,MD,3.4975,Mendoza2022_Meq_to_Mw,Mendoza/YPF 2022,converted_regional,ISC,ISC + USGS,2,6529507,usp000bmxe,inside_rectangle,accepted_auto,yes,yes,
MZA-00432,2003-01-03T18:23:35.800Z,2003,1,-34.431,-69.965,2.3,3.3,MD,MD,3.3035,Mendoza2022_Meq_to_Mw,Mendoza/YPF 2022,converted_regional,ISC,ISC + USGS,2,6530447,usp000bn0g,inside_rectangle,accepted_auto,yes,yes,
MZA-00433,2003-01-03T18:27:30.100Z,2003,1,-34.413,-69.991,7.7,3.3,MD,MD,3.3035,Mendoza2022_Meq_to_Mw,Mendoza/YPF 2022,converted_regional,ISC,ISC + USGS,2,6530448,usp000bn0h,inside_rectangle,accepted_auto,yes,yes,
MZA-00434,2003-01-05T19:00:10.400Z,2003,1,-32.86,-69.945,102.4,3.5,MD,MD,3.4975,Mendoza2022_Meq_to_Mw,Mendoza/YPF 2022,converted_regional,ISC,ISC + USGS,2,6531602,usp000bn4a,inside_rectangle,accepted_auto,yes,yes,
MZA-00435,2003-01-06T02:20:58.200Z,2003,1,-33.189,-69.614,130.1,3.2,MD,MD,3.2065,Mendoza2022_Meq_to_Mw,Mendoza/YPF 2022,converted_regional,ISC,ISC + USGS,2,6531731,usp000bn4m,inside_rectangle,accepted_auto,yes,yes,
MZA-00436,2003-01-07T04:03:33.500Z,2003,1,-32.47,-69.923,118,3.1,MD,MD,3.1095,Mendoza2022_Meq_to_Mw,Mendoza/YPF 2022,converted_regional,ISC,ISC + USGS,2,6532307,usp000bn6d,inside_rectangle,accepted_auto,yes,yes,
MZA-00437,2003-01-12T08:21:01.200Z,2003,1,-33.266,-68.99,3,3.3,MD,MD,3.3035,Mendoza2022_Meq_to_Mw,Mendoza/YPF 2022,converted_regional,ISC,ISC + USGS,2,6535414,usp000bneh,inside_rectangle,accepted_auto,yes,yes,
MZA-00438,2003-01-13T23:59:35.740Z,2003,1,-33.4653,-68.6559,15.4,5.4,mb,mb,4.7566,Mendoza2022_mb_to_Mw,Mendoza/YPF 2022,converted_regional,ISC,ISC + USGS,2,6536492,usp000bnh2,inside_rectangle,accepted_auto,yes,yes,
MZA-00439,2003-01-19T14:29:54.999Z,2003,1,-32.088,-69.635,145.2,3.2,MD,MD,3.2065,Mendoza2022_Meq_to_Mw,Mendoza/YPF 2022,converted_regional,ISC,ISC,1,6539882,,inside_rectangle,single_source,yes,yes,
MZA-00440,2003-01-21T00:57:20.500Z,2003,1,-32.775,-69.292,0,4,MD,MD,3.9825,Mendoza2022_Meq_to_Mw,Mendoza/YPF 2022,converted_regional,ISC,ISC,1,6540736,,inside_rectangle,single_source,yes,yes,
MZA-00441,2003-01-24T01:34:21.900Z,2003,1,-32.052,-68.233,0,3.6,ML,ML,3.5945,Mendoza2022_Meq_to_Mw,Mendoza/YPF 2022,converted_regional,ISC,ISC,1,6542628,,inside_rectangle,single_source,yes,yes,
MZA-00442,2003-01-24T02:38:38.600Z,2003,1,-32.919,-68.046,12.2,3.5,MD,MD,3.4975,Mendoza2022_Meq_to_Mw,Mendoza/YPF 2022,converted_regional,ISC,ISC,1,6542653,,inside_rectangle,single_source,yes,yes,
MZA-00443,2003-01-25T09:22:10.200Z,2003,1,-34.849,-68.611,2.3,3.2,MD,MD,3.2065,Mendoza2022_Meq_to_Mw,Mendoza/YPF 2022,converted_regional,ISC,ISC + USGS,2,6543388,usp000bp54,inside_rectangle,accepted_auto,yes,yes,
MZA-00444,2003-01-28T06:42:27.300Z,2003,1,-32.945,-68.277,0,3.2,MD,MD,3.2065,Mendoza2022_Meq_to_Mw,Mendoza/YPF 2022,converted_regional,ISC,ISC + USGS,2,6545346,usp000bpea,inside_rectangle,accepted_auto,yes,yes,
MZA-00445,2003-01-28T12:38:55.600Z,2003,1,-32.949,-69.918,107.9,2.8,MD,MD,2.8185,Mendoza2022_Meq_to_Mw,Mendoza/YPF 2022,converted_regional,ISC,ISC,1,6545490,,inside_rectangle,single_source,yes,yes,
MZA-00446,2003-02-04T07:47:59.900Z,2003,2,-33.556,-69.941,7.7,3.1,MD,MD,3.1095,Mendoza2022_Meq_to_Mw,Mendoza/YPF 2022,converted_regional,ISC,ISC + USGS,2,6580647,usp000bpz7,inside_rectangle,accepted_auto,yes,yes,
MZA-00447,2003-02-08T03:24:13.700Z,2003,2,-32.062,-69.893,132.6,2.9,MD,MD,2.9155,Mendoza2022_Meq_to_Mw,Mendoza/YPF 2022,converted_regional,ISC,ISC + USGS,2,6583113,usp000bq7w,inside_rectangle,accepted_auto,yes,yes,
MZA-00448,2003-02-12T09:45:25.800Z,2003,2,-34.885,-68.942,10,3.9,MD,MD,3.8855,Mendoza2022_Meq_to_Mw,Mendoza/YPF 2022,converted_regional,ISC,ISC + USGS,2,6585724,usp000bqh2,inside_rectangle,accepted_auto,yes,yes,
MZA-00449,2003-02-15T03:37:46.600Z,2003,2,-32.026,-69.746,130.1,3.1,MD,MD,3.1095,Mendoza2022_Meq_to_Mw,Mendoza/YPF 2022,converted_regional,ISC,ISC + USGS,2,6587613,usp000bqqa,inside_rectangle,accepted_auto,yes,yes,
MZA-00450,2003-02-20T20:21:48.800Z,2003,2,-34.074,-68.46,22.2,3.7,MD,MD,3.6915,Mendoza2022_Meq_to_Mw,Mendoza/YPF 2022,converted_regional,ISC,ISC,1,6591866,,inside_rectangle,single_source,yes,yes,
MZA-00451,2003-02-21T11:29:50.600Z,2003,2,-33.733,-68.61,10,3.6,MD,MD,3.5945,Mendoza2022_Meq_to_Mw,Mendoza/YPF 2022,converted_regional,ISC,ISC,1,6592186,,inside_rectangle,single_source,yes,yes,
MZA-00452,2003-02-21T22:40:32.700Z,2003,2,-33.3,-69.826,3.9,3.8,MD,MD,3.7885,Mendoza2022_Meq_to_Mw,Mendoza/YPF 2022,converted_regional,ISC,ISC + USGS,2,6592524,usp000br5m,inside_rectangle,accepted_manual_strong,yes,yes,
MZA-00453,2003-02-24T14:25:14.500Z,2003,2,-32.894,-69.036,10,3.5,MD,MD,3.4975,Mendoza2022_Meq_to_Mw,Mendoza/YPF 2022,converted_regional,ISC,ISC + USGS,2,6594334,usp000brd3,inside_rectangle,accepted_auto,yes,yes,
MZA-00454,2003-02-25T07:29:24.500Z,2003,2,-33.307,-68.93,5,3.6,MD,MD,3.5945,Mendoza2022_Meq_to_Mw,Mendoza/YPF 2022,converted_regional,ISC,ISC + USGS,2,6594824,usp000bret,inside_rectangle,accepted_auto,yes,yes,
MZA-00455,2003-02-27T10:37:07.999Z,2003,2,-33.122,-69.761,3.5,3.5,MD,MD,3.4975,Mendoza2022_Meq_to_Mw,Mendoza/YPF 2022,converted_regional,ISC,ISC + USGS,2,6596169,usp000brkf,inside_rectangle,accepted_auto,yes,yes,
MZA-00456,2003-03-01T16:05:05.000Z,2003,3,-33.581,-68.815,5,3.7,MD,MD,3.6915,Mendoza2022_Meq_to_Mw,Mendoza/YPF 2022,converted_regional,ISC,ISC + USGS,2,6606876,usp000brr8,inside_rectangle,accepted_auto,yes,yes,
MZA-00457,2003-03-03T12:52:03.100Z,2003,3,-32.028,-69.596,147.1,3,MD,MD,3.0125,Mendoza2022_Meq_to_Mw,Mendoza/YPF 2022,converted_regional,ISC,ISC + USGS,2,6607862,usp000brw4,inside_rectangle,accepted_auto,yes,yes,
MZA-00458,2003-03-06T09:01:54.500Z,2003,3,-33.824,-69.931,115.9,2.7,MD,MD,2.7215,Mendoza2022_Meq_to_Mw,Mendoza/YPF 2022,converted_regional,ISC,ISC + USGS,2,6609435,usp000bs22,inside_rectangle,accepted_auto,yes,yes,
MZA-00459,2003-03-08T18:36:59.200Z,2003,3,-32.681,-68.982,1,3.7,MD,MD,3.6915,Mendoza2022_Meq_to_Mw,Mendoza/YPF 2022,converted_regional,ISC,ISC + USGS,2,6610739,usp000bs7d,inside_rectangle,accepted_auto,yes,yes,
MZA-00460,2003-03-09T18:03:16.400Z,2003,3,-32.432,-69.937,129.4,3.5,MD,MD,3.4975,Mendoza2022_Meq_to_Mw,Mendoza/YPF 2022,converted_regional,ISC,ISC + USGS,2,6611269,usp000bs9z,inside_rectangle,accepted_auto,yes,yes,
MZA-00461,2003-03-10T22:14:08.400Z,2003,3,-34.433,-69.953,4.8,3.3,MD,MD,3.3035,Mendoza2022_Meq_to_Mw,Mendoza/YPF 2022,converted_regional,ISC,ISC + USGS,2,6611935,usp000bsc9,inside_rectangle,accepted_auto,yes,yes,
MZA-00462,2003-03-17T07:50:22.100Z,2003,3,-34,-69.216,142.7,2.6,MD,MD,2.6245,Mendoza2022_Meq_to_Mw,Mendoza/YPF 2022,converted_regional,ISC,ISC + USGS,2,6616139,usp000bsv1,inside_rectangle,accepted_auto,yes,yes,
MZA-00463,2003-03-19T03:01:30.499Z,2003,3,-34.765,-68.947,5,3.6,MD,MD,3.5945,Mendoza2022_Meq_to_Mw,Mendoza/YPF 2022,converted_regional,ISC,ISC + USGS,2,6617375,usp000bt03,inside_rectangle,accepted_auto,yes,yes,
MZA-00464,2003-03-24T02:07:18.100Z,2003,3,-32.091,-69.744,144.2,3.1,MD,MD,3.1095,Mendoza2022_Meq_to_Mw,Mendoza/YPF 2022,converted_regional,ISC,ISC + USGS,2,6620529,usp000btce,inside_rectangle,accepted_auto,yes,yes,
MZA-00465,2003-03-24T04:30:08.900Z,2003,3,-32.91,-69.942,102.6,2.6,MD,MD,2.6245,Mendoza2022_Meq_to_Mw,Mendoza/YPF 2022,converted_regional,ISC,ISC + USGS,2,6620578,usp000btck,inside_rectangle,accepted_auto,yes,yes,
MZA-00466,2003-03-24T20:13:20.200Z,2003,3,-32.469,-69.156,183.4,2.5,MD,MD,2.5275,Mendoza2022_Meq_to_Mw,Mendoza/YPF 2022,converted_regional,ISC,ISC + USGS,2,6620978,usp000bteh,inside_rectangle,accepted_auto,yes,yes,
MZA-00467,2003-03-26T09:37:07.300Z,2003,3,-32.57,-69.744,134.6,2.4,MD,MD,2.4305,Mendoza2022_Meq_to_Mw,Mendoza/YPF 2022,converted_regional,ISC,ISC + USGS,2,6621867,usp000bthr,inside_rectangle,accepted_auto,yes,yes,
MZA-00468,2003-04-07T09:14:05.600Z,2003,4,-32.613,-69.783,134.9,0,,,,not_harmonized,,excluded_missing_or_invalid,ISC,ISC + USGS,2,6688671,usp000bumt,inside_rectangle,accepted_auto,yes,no,Magnitud QC: zero_without_type.
MZA-00469,2003-04-07T19:24:49.500Z,2003,4,-32.43,-69.999,123.1,3.2,MD,MD,3.2065,Mendoza2022_Meq_to_Mw,Mendoza/YPF 2022,converted_regional,ISC,ISC + USGS,2,6688909,usp000bunv,inside_rectangle,accepted_auto,yes,yes,
MZA-00470,2003-04-10T21:12:06.800Z,2003,4,-33.114,-68.839,11.4,3.3,MD,MD,3.3035,Mendoza2022_Meq_to_Mw,Mendoza/YPF 2022,converted_regional,ISC,ISC + USGS,2,6690739,usp000buwc,inside_rectangle,accepted_auto,yes,yes,
MZA-00471,2003-04-14T01:45:24.200Z,2003,4,-32.509,-69.609,5,3.5,MD,MD,3.4975,Mendoza2022_Meq_to_Mw,Mendoza/YPF 2022,converted_regional,ISC,ISC + USGS,2,6692713,usp000bv4u,inside_rectangle,accepted_auto,yes,yes,
MZA-00472,2003-04-15T09:44:52.120Z,2003,4,-32.1255,-67.8404,123.9,4.2,mb,mb,4.0918,Mendoza2022_mb_to_Mw,Mendoza/YPF 2022,converted_regional,ISC,ISC + USGS,2,6693648,usp000bv7z,inside_rectangle,accepted_auto,yes,yes,
MZA-00473,2003-04-17T06:11:47.499Z,2003,4,-32.24,-67.305,2,4.1,MD,MD,4.0795,Mendoza2022_Meq_to_Mw,Mendoza/YPF 2022,converted_regional,ISC,ISC,1,6694784,,inside_rectangle,single_source,yes,yes,
MZA-00474,2003-04-18T07:42:17.800Z,2003,4,-32.105,-69.349,150,3.1,MD,MD,3.1095,Mendoza2022_Meq_to_Mw,Mendoza/YPF 2022,converted_regional,ISC,ISC + USGS,2,6695515,usp000bvf0,inside_rectangle,accepted_auto,yes,yes,
MZA-00475,2003-04-18T11:02:50.800Z,2003,4,-34.351,-69.883,2.6,3.3,MD,MD,3.3035,Mendoza2022_Meq_to_Mw,Mendoza/YPF 2022,converted_regional,ISC,ISC + USGS,2,6695598,usp000bvfb,inside_rectangle,accepted_manual_strong,yes,yes,
MZA-00476,2003-04-20T10:30:22.200Z,2003,4,-32.046,-67.437,150,3.6,MD,MD,3.5945,Mendoza2022_Meq_to_Mw,Mendoza/YPF 2022,converted_regional,ISC,ISC + USGS,2,6696738,usp000bvke,inside_rectangle,accepted_auto,yes,yes,
MZA-00477,2003-04-20T15:24:33.100Z,2003,4,-32.098,-68.565,150,3.3,MD,MD,3.3035,Mendoza2022_Meq_to_Mw,Mendoza/YPF 2022,converted_regional,ISC,ISC + USGS,2,6696839,usp000bvkt,inside_rectangle,accepted_auto,yes,yes,
MZA-00478,2003-04-24T11:52:11.099Z,2003,4,-32.384,-69.877,132.8,3.7,MD,MD,3.6915,Mendoza2022_Meq_to_Mw,Mendoza/YPF 2022,converted_regional,ISC,ISC + USGS,2,6699019,usp000bvvn,inside_rectangle,accepted_auto,yes,yes,
MZA-00479,2003-04-25T23:19:40.100Z,2003,4,-33.571,-69.756,125.4,2.5,MD,MD,2.5275,Mendoza2022_Meq_to_Mw,Mendoza/YPF 2022,converted_regional,ISC,ISC + USGS,2,6699854,usp000bvyz,inside_rectangle,accepted_auto,yes,yes,
MZA-00480,2003-04-27T11:18:03.099Z,2003,4,-33.616,-68.87,5,3.4,MD,MD,3.4005,Mendoza2022_Meq_to_Mw,Mendoza/YPF 2022,converted_regional,ISC,ISC + USGS,2,6700817,usp000bw2h,inside_rectangle,accepted_manual_strong,yes,yes,
MZA-00481,2003-05-01T05:38:21.399Z,2003,5,-34.723,-68.824,5,4,MD,MD,3.9825,Mendoza2022_Meq_to_Mw,Mendoza/YPF 2022,converted_regional,ISC,ISC + USGS,2,6832310,usp000bwc2,inside_rectangle,accepted_auto,yes,yes,
MZA-00482,2003-05-05T23:01:35.500Z,2003,5,-32.985,-69.297,3.4,3.8,MD,MD,3.7885,Mendoza2022_Meq_to_Mw,Mendoza/YPF 2022,converted_regional,ISC,ISC + USGS,2,6835622,usp000bwpq,inside_rectangle,accepted_auto,yes,yes,
MZA-00483,2003-05-07T02:57:37.600Z,2003,5,-33.334,-69.831,3.7,3,MD,MD,3.0125,Mendoza2022_Meq_to_Mw,Mendoza/YPF 2022,converted_regional,ISC,ISC,1,6836355,,inside_rectangle,single_source,yes,yes,
MZA-00484,2003-05-09T15:48:00.100Z,2003,5,-33.355,-69.807,4.1,3.4,MD,MD,3.4005,Mendoza2022_Meq_to_Mw,Mendoza/YPF 2022,converted_regional,ISC,ISC + USGS,2,6837825,usp000bwx0,inside_rectangle,accepted_manual_strong,yes,yes,
MZA-00485,2003-05-13T20:27:57.500Z,2003,5,-32.126,-69.742,131.3,3.1,MD,MD,3.1095,Mendoza2022_Meq_to_Mw,Mendoza/YPF 2022,converted_regional,ISC,ISC + USGS,2,6840669,usp000bx6p,inside_rectangle,accepted_auto,yes,yes,
MZA-00486,2003-05-15T08:20:50.200Z,2003,5,-33.499,-68.757,11.3,3.8,MD,MD,3.7885,Mendoza2022_Meq_to_Mw,Mendoza/YPF 2022,converted_regional,ISC,ISC + USGS,2,6841477,usp000bx92,inside_rectangle,accepted_auto,yes,yes,
MZA-00487,2003-05-17T09:07:10.500Z,2003,5,-32.688,-69.13,166.2,3.2,MD,MD,3.2065,Mendoza2022_Meq_to_Mw,Mendoza/YPF 2022,converted_regional,ISC,ISC + USGS,2,6842770,usp000bxd2,inside_rectangle,accepted_auto,yes,yes,
MZA-00488,2003-05-17T17:07:58.500Z,2003,5,-35.913,-67.174,0,,,,,not_harmonized,,excluded_missing_or_invalid,ISC,ISC,1,6842995,,inside_rectangle,single_source,yes,no,Magnitud QC: missing.
MZA-00489,2003-05-21T06:10:31.400Z,2003,5,-33.442,-67.819,15,3.9,ML,ML,3.8855,Mendoza2022_Meq_to_Mw,Mendoza/YPF 2022,converted_regional,ISC,ISC,1,6845447,,inside_rectangle,single_source,yes,yes,
MZA-00490,2003-05-21T21:44:18.600Z,2003,5,-32.573,-69.71,113.2,2.2,MD,MD,2.2365,Mendoza2022_Meq_to_Mw,Mendoza/YPF 2022,converted_regional,ISC,ISC + USGS,2,6845952,usp000bxrc,inside_rectangle,accepted_auto,yes,yes,
MZA-00491,2003-05-24T07:50:29.400Z,2003,5,-32.803,-67.92,2.6,3.8,MD,MD,3.7885,Mendoza2022_Meq_to_Mw,Mendoza/YPF 2022,converted_regional,ISC,ISC + USGS,2,6847972,usp000by0v,inside_rectangle,accepted_auto,yes,yes,
MZA-00492,2003-05-26T17:21:35.300Z,2003,5,-32.704,-69.775,136.2,3.1,MD,MD,3.1095,Mendoza2022_Meq_to_Mw,Mendoza/YPF 2022,converted_regional,ISC,ISC + USGS,2,6850420,usp000by7g,inside_rectangle,accepted_auto,yes,yes,
MZA-00493,2003-05-29T05:03:53.699Z,2003,5,-34.225,-69.213,15.6,3.9,MD,MD,3.8855,Mendoza2022_Meq_to_Mw,Mendoza/YPF 2022,converted_regional,ISC,ISC + USGS,2,6854890,usp000byex,inside_rectangle,accepted_auto,yes,yes,
MZA-00494,2003-06-06T02:38:07.700Z,2003,6,-32.746,-69.719,126.5,2.9,MD,MD,2.9155,Mendoza2022_Meq_to_Mw,Mendoza/YPF 2022,converted_regional,ISC,ISC + USGS,2,6929096,usp000bz69,inside_rectangle,accepted_auto,yes,yes,
MZA-00495,2003-06-07T02:07:02.100Z,2003,6,-33.241,-68.884,15,3.5,MD,MD,3.4975,Mendoza2022_Meq_to_Mw,Mendoza/YPF 2022,converted_regional,ISC,ISC + USGS,2,6929976,usp000bz90,inside_rectangle,accepted_auto,yes,yes,
MZA-00496,2003-06-07T09:50:11.400Z,2003,6,-34.326,-68.731,13,3.7,MD,MD,3.6915,Mendoza2022_Meq_to_Mw,Mendoza/YPF 2022,converted_regional,ISC,ISC + USGS,2,6930207,usp000bz9k,inside_rectangle,accepted_auto,yes,yes,
MZA-00497,2003-06-07T15:47:37.600Z,2003,6,-32.088,-69.78,140.9,3.7,MD,MD,3.6915,Mendoza2022_Meq_to_Mw,Mendoza/YPF 2022,converted_regional,ISC,ISC + USGS,2,6930407,usp000bzac,inside_rectangle,accepted_auto,yes,yes,
MZA-00498,2003-06-15T07:23:40.030Z,2003,6,-32.053,-69.433,100,2.6,MD,MD,2.6245,Mendoza2022_Meq_to_Mw,Mendoza/YPF 2022,converted_regional,ISC,ISC + USGS,2,6937949,usp000bzwx,inside_rectangle,accepted_auto,yes,yes,
MZA-00499,2003-06-21T04:38:25.200Z,2003,6,-32.966,-68.868,5.5,3.8,MD,MD,3.7885,Mendoza2022_Meq_to_Mw,Mendoza/YPF 2022,converted_regional,ISC,ISC,1,6942631,,inside_rectangle,single_source,yes,yes,
MZA-00500,2003-06-23T00:31:14.989Z,2003,6,-32.82,-68.973,150,3.3,MD,MD,3.3035,Mendoza2022_Meq_to_Mw,Mendoza/YPF 2022,converted_regional,ISC,ISC + USGS,2,6944028,usp000c0pj,inside_rectangle,accepted_auto,yes,yes,
MZA-00501,2003-06-25T01:53:01.000Z,2003,6,-33.576,-69.189,5,3.3,MD,MD,3.3035,Mendoza2022_Meq_to_Mw,Mendoza/YPF 2022,converted_regional,ISC,ISC,1,6945599,,inside_rectangle,single_source,yes,yes,
MZA-00502,2003-06-26T12:43:42.900Z,2003,6,-33.666,-68.662,8,3.7,MD,MD,3.6915,Mendoza2022_Meq_to_Mw,Mendoza/YPF 2022,converted_regional,ISC,ISC + USGS,2,6946660,usp000c107,inside_rectangle,accepted_manual_strong,yes,yes,
MZA-00503,2003-07-03T04:46:16.600Z,2003,7,-32.083,-69.462,160.8,3.1,MD,MD,3.1095,Mendoza2022_Meq_to_Mw,Mendoza/YPF 2022,converted_regional,ISC,ISC + USGS,2,6990509,usp000c1he,inside_rectangle,accepted_auto,yes,yes,
MZA-00504,2003-07-06T05:38:03.500Z,2003,7,-32.016,-69.721,143.7,3,MD,MD,3.0125,Mendoza2022_Meq_to_Mw,Mendoza/YPF 2022,converted_regional,ISC,ISC + USGS,2,6992620,usp000c1se,inside_rectangle,accepted_auto,yes,yes,
MZA-00505,2003-07-06T09:38:16.200Z,2003,7,-32.586,-69.068,155,3.1,MD,MD,3.1095,Mendoza2022_Meq_to_Mw,Mendoza/YPF 2022,converted_regional,ISC,ISC + USGS,2,6992760,usp000c1sv,inside_rectangle,accepted_auto,yes,yes,
MZA-00506,2003-07-09T00:15:42.499Z,2003,7,-32.076,-69.738,140.6,3.1,MD,MD,3.1095,Mendoza2022_Meq_to_Mw,Mendoza/YPF 2022,converted_regional,ISC,ISC + USGS,2,6994707,usp000c212,inside_rectangle,accepted_auto,yes,yes,
MZA-00507,2003-07-09T21:03:44.600Z,2003,7,-33.939,-68.629,15.4,3.6,MD,MD,3.5945,Mendoza2022_Meq_to_Mw,Mendoza/YPF 2022,converted_regional,ISC,ISC + USGS,2,6995333,usp000c238,inside_rectangle,accepted_auto,yes,yes,
MZA-00508,2003-07-11T15:05:35.050Z,2003,7,-32.181,-68.754,33,3,ML,ML,3.0125,Mendoza2022_Meq_to_Mw,Mendoza/YPF 2022,converted_regional,ISC,ISC + USGS,2,6996459,usp000c27u,inside_rectangle,accepted_auto,yes,yes,
MZA-00509,2003-07-15T03:17:22.100Z,2003,7,-32.919,-69.147,0,3.1,MD,MD,3.1095,Mendoza2022_Meq_to_Mw,Mendoza/YPF 2022,converted_regional,ISC,ISC + USGS,2,6998840,usp000c2he,inside_rectangle,accepted_auto,yes,yes,
MZA-00510,2003-07-31T22:51:11.400Z,2003,7,-33.038,-68.933,7,3.9,MD,MD,3.8855,Mendoza2022_Meq_to_Mw,Mendoza/YPF 2022,converted_regional,ISC,ISC + USGS,2,7012886,usp000c3tf,inside_rectangle,accepted_auto,yes,yes,
MZA-00511,2003-08-08T22:54:06.800Z,2003,8,-33.497,-67.926,216.9,3.9,ML,ML,3.8855,Mendoza2022_Meq_to_Mw,Mendoza/YPF 2022,converted_regional,ISC,ISC,1,7057966,,inside_rectangle,single_source,yes,yes,
MZA-00512,2003-08-17T16:16:13.000Z,2003,8,-32.429,-69.924,117.1,2.9,MD,MD,2.9155,Mendoza2022_Meq_to_Mw,Mendoza/YPF 2022,converted_regional,ISC,ISC + USGS,2,7063866,usp000c568,inside_rectangle,accepted_auto,yes,yes,
MZA-00513,2003-08-22T09:55:21.100Z,2003,8,-33.563,-68.389,19,3.7,MD,MD,3.6915,Mendoza2022_Meq_to_Mw,Mendoza/YPF 2022,converted_regional,ISC,ISC + USGS,2,7067804,usp000c5m3,inside_rectangle,accepted_manual_caution,no,no,Match cauteloso; excluir del análisis espacial primario.
MZA-00514,2003-08-24T01:45:47.200Z,2003,8,-32.649,-69.398,133.8,3,MD,MD,3.0125,Mendoza2022_Meq_to_Mw,Mendoza/YPF 2022,converted_regional,ISC,ISC + USGS,2,7069080,usp000c5sf,inside_rectangle,accepted_auto,yes,yes,
MZA-00515,2003-08-24T20:05:04.100Z,2003,8,-32.13,-69.471,144,3.3,MD,MD,3.3035,Mendoza2022_Meq_to_Mw,Mendoza/YPF 2022,converted_regional,ISC,ISC + USGS,2,7069649,usp000c5us,inside_rectangle,accepted_auto,yes,yes,
MZA-00516,2003-08-26T00:16:58.100Z,2003,8,-33.095,-69.879,101.3,2.8,MD,MD,2.8185,Mendoza2022_Meq_to_Mw,Mendoza/YPF 2022,converted_regional,ISC,ISC,1,7070448,,inside_rectangle,single_source,yes,yes,
MZA-00517,2003-08-31T06:15:35.100Z,2003,8,-32.082,-68.89,0,3.5,MD,MD,3.4975,Mendoza2022_Meq_to_Mw,Mendoza/YPF 2022,converted_regional,ISC,ISC + USGS,2,7074107,usp000c6by,inside_rectangle,accepted_auto,yes,yes,
MZA-00518,2003-09-02T00:26:19.650Z,2003,9,-32.2045,-69.7647,106.1,3.7,MD,MD,3.6915,Mendoza2022_Meq_to_Mw,Mendoza/YPF 2022,converted_regional,ISC,ISC + USGS,2,7115860,usp000c6gf,inside_rectangle,accepted_auto,yes,yes,
MZA-00519,2003-09-05T03:44:42.800Z,2003,9,-32.321,-69.781,128,2.4,MD,MD,2.4305,Mendoza2022_Meq_to_Mw,Mendoza/YPF 2022,converted_regional,ISC,ISC + USGS,2,7119405,usp000c6t8,inside_rectangle,accepted_auto,yes,yes,
MZA-00520,2003-09-07T13:47:38.899Z,2003,9,-32.639,-69.162,141.4,3.3,MD,MD,3.3035,Mendoza2022_Meq_to_Mw,Mendoza/YPF 2022,converted_regional,ISC,ISC,1,7121228,,inside_rectangle,single_source,yes,yes,
MZA-00521,2003-09-08T04:56:45.100Z,2003,9,-32.339,-69.823,121.9,3.2,MD,MD,3.2065,Mendoza2022_Meq_to_Mw,Mendoza/YPF 2022,converted_regional,ISC,ISC + USGS,2,7121730,usp000c721,inside_rectangle,accepted_auto,yes,yes,
MZA-00522,2003-09-15T11:16:24.100Z,2003,9,-32.007,-69.985,127.6,2.8,MD,MD,2.8185,Mendoza2022_Meq_to_Mw,Mendoza/YPF 2022,converted_regional,ISC,ISC + USGS,2,7127274,usp000c7m1,inside_rectangle,accepted_auto,yes,yes,
MZA-00523,2003-09-16T21:50:42.700Z,2003,9,-33.795,-68.817,5,3.3,MD,MD,3.3035,Mendoza2022_Meq_to_Mw,Mendoza/YPF 2022,converted_regional,ISC,ISC + USGS,2,7128339,usp000c7s0,inside_rectangle,accepted_manual_strong,yes,yes,
MZA-00524,2003-09-17T08:23:05.300Z,2003,9,-33.792,-68.783,10,3.2,MD,MD,3.2065,Mendoza2022_Meq_to_Mw,Mendoza/YPF 2022,converted_regional,ISC,ISC + USGS,2,7128691,usp000c7tf,inside_rectangle,accepted_auto,yes,yes,
MZA-00525,2003-09-21T14:09:07.200Z,2003,9,-32.647,-69.819,105.9,1.9,ML,ML,1.9455,Mendoza2022_Meq_to_Mw,Mendoza/YPF 2022,converted_regional,ISC,ISC,1,7131593,,inside_rectangle,single_source,yes,yes,
MZA-00526,2003-09-22T07:17:23.700Z,2003,9,-33.711,-68.675,12.2,3.2,MD,MD,3.2065,Mendoza2022_Meq_to_Mw,Mendoza/YPF 2022,converted_regional,ISC,ISC + USGS,2,7132099,usp000c89r,inside_rectangle,accepted_auto,yes,yes,
MZA-00527,2003-09-22T19:44:04.000Z,2003,9,-32.072,-69.781,128.4,2.7,MD,MD,2.7215,Mendoza2022_Meq_to_Mw,Mendoza/YPF 2022,converted_regional,ISC,ISC + USGS,2,7132482,usp000c8bh,inside_rectangle,accepted_auto,yes,yes,
MZA-00528,2003-09-23T09:29:28.299Z,2003,9,-32.3,-69.782,141.1,2.9,MD,MD,2.9155,Mendoza2022_Meq_to_Mw,Mendoza/YPF 2022,converted_regional,ISC,ISC + USGS,2,7132852,usp000c8cy,inside_rectangle,accepted_auto,yes,yes,
MZA-00529,2003-09-27T23:07:50.300Z,2003,9,-33.228,-68.531,270.6,3.9,MD,MD,3.8855,Mendoza2022_Meq_to_Mw,Mendoza/YPF 2022,converted_regional,ISC,ISC,1,7137313,,inside_rectangle,single_source,yes,yes,
MZA-00530,2003-09-27T23:07:51.800Z,2003,9,-33.46,-67.441,33,0,,,,not_harmonized,,excluded_missing_or_invalid,USGS,USGS,1,,usp000c8vq,inside_rectangle,single_source,yes,no,Magnitud QC: zero_without_type.
MZA-00531,2003-09-29T09:15:44.300Z,2003,9,-32.572,-69.013,0,2.8,ML,ML,2.8185,Mendoza2022_Meq_to_Mw,Mendoza/YPF 2022,converted_regional,ISC,ISC + USGS,2,7138816,usp000c91m,inside_rectangle,accepted_auto,yes,yes,
MZA-00532,2003-10-08T17:58:17.700Z,2003,10,-33.309,-69.772,2.7,4.2,MD,MD,4.1765,Mendoza2022_Meq_to_Mw,Mendoza/YPF 2022,converted_regional,ISC,ISC + USGS,2,7153456,usp000c9y9,inside_rectangle,accepted_auto,yes,yes,
MZA-00533,2003-10-08T18:14:36.600Z,2003,10,-33.327,-69.768,2.5,3.8,MD,MD,3.7885,Mendoza2022_Meq_to_Mw,Mendoza/YPF 2022,converted_regional,ISC,ISC + USGS,2,7153464,usp000c9yc,inside_rectangle,accepted_auto,yes,yes,
MZA-00534,2003-10-11T15:35:40.300Z,2003,10,-34.205,-68.535,16.4,3.1,MD,MD,3.1095,Mendoza2022_Meq_to_Mw,Mendoza/YPF 2022,converted_regional,ISC,ISC + USGS,2,7155623,usp000ca5j,inside_rectangle,accepted_auto,yes,yes,
MZA-00535,2003-10-12T17:48:57.400Z,2003,10,-33.337,-68.902,1.4,3.1,MD,MD,3.1095,Mendoza2022_Meq_to_Mw,Mendoza/YPF 2022,converted_regional,ISC,ISC + USGS,2,7156459,usp000ca83,inside_rectangle,accepted_auto,yes,yes,
MZA-00536,2003-10-17T12:18:20.599Z,2003,10,-33.12,-69.002,11.3,3.2,MD,MD,3.2065,Mendoza2022_Meq_to_Mw,Mendoza/YPF 2022,converted_regional,ISC,ISC,1,7159950,,inside_rectangle,single_source,yes,yes,
MZA-00537,2003-10-18T04:45:37.400Z,2003,10,-32.363,-69.657,116.3,2.5,MD,MD,2.5275,Mendoza2022_Meq_to_Mw,Mendoza/YPF 2022,converted_regional,ISC,ISC + USGS,2,7160510,usp000canw,inside_rectangle,accepted_auto,yes,yes,
MZA-00538,2003-10-20T07:31:36.800Z,2003,10,-32.225,-69.931,124.7,3.9,MD,MD,3.8855,Mendoza2022_Meq_to_Mw,Mendoza/YPF 2022,converted_regional,ISC,ISC + USGS,2,7162141,usp000cav2,inside_rectangle,accepted_auto,yes,yes,
MZA-00539,2003-10-20T07:41:35.600Z,2003,10,-32.217,-69.895,118,3.5,MD,MD,3.4975,Mendoza2022_Meq_to_Mw,Mendoza/YPF 2022,converted_regional,ISC,ISC + USGS,2,7162151,usp000cav3,inside_rectangle,accepted_auto,yes,yes,
MZA-00540,2003-10-20T16:01:44.400Z,2003,10,-33.301,-69.791,6.7,3,MD,MD,3.0125,Mendoza2022_Meq_to_Mw,Mendoza/YPF 2022,converted_regional,ISC,ISC,1,7162373,,inside_rectangle,single_source,yes,yes,
MZA-00541,2003-10-24T05:06:53.099Z,2003,10,-32.655,-69.881,123.3,3,MD,MD,3.0125,Mendoza2022_Meq_to_Mw,Mendoza/YPF 2022,converted_regional,ISC,ISC + USGS,2,7164840,usp000cb4r,inside_rectangle,accepted_auto,yes,yes,
MZA-00542,2003-10-24T08:09:54.200Z,2003,10,-32.305,-69.604,132.1,2.8,MD,MD,2.8185,Mendoza2022_Meq_to_Mw,Mendoza/YPF 2022,converted_regional,ISC,ISC + USGS,2,7164927,usp000cb56,inside_rectangle,accepted_auto,yes,yes,
MZA-00543,2003-10-25T12:18:57.500Z,2003,10,-33.155,-68.814,29.7,3.4,MD,MD,3.4005,Mendoza2022_Meq_to_Mw,Mendoza/YPF 2022,converted_regional,ISC,ISC + USGS,2,7165628,usp000cb81,inside_rectangle,accepted_auto,yes,yes,
MZA-00544,2003-10-28T04:17:00.600Z,2003,10,-32.083,-69.557,143.5,,,,,not_harmonized,,excluded_missing_or_invalid,ISC,ISC,1,7167656,,inside_rectangle,single_source,yes,no,Magnitud QC: missing.
MZA-00545,2003-10-29T18:34:08.600Z,2003,10,-32.015,-69.469,122.7,2.6,MD,MD,2.6245,Mendoza2022_Meq_to_Mw,Mendoza/YPF 2022,converted_regional,ISC,ISC + USGS,2,7168930,usp000cbjq,inside_rectangle,accepted_auto,yes,yes,
MZA-00546,2003-10-30T02:43:05.740Z,2003,10,-32.8225,-69.9421,106.1,4.1,MD,MD,4.0795,Mendoza2022_Meq_to_Mw,Mendoza/YPF 2022,converted_regional,ISC,ISC + USGS,2,7169170,usp000cbkt,inside_rectangle,accepted_auto,yes,yes,
MZA-00547,2003-10-31T01:45:25.399Z,2003,10,-33.689,-69.824,4.6,3.2,MD,MD,3.2065,Mendoza2022_Meq_to_Mw,Mendoza/YPF 2022,converted_regional,ISC,ISC + USGS,2,7169875,usp000cbpf,inside_rectangle,accepted_manual_strong,yes,yes,
MZA-00548,2003-11-01T03:19:14.370Z,2003,11,-35.5765,-67.5275,35,4.8,mb,mb,4.4242,Mendoza2022_mb_to_Mw,Mendoza/YPF 2022,converted_regional,ISC,ISC + USGS,2,7173077,usp000cbsh,inside_rectangle,accepted_auto,yes,yes,
MZA-00549,2003-11-01T06:13:27.900Z,2003,11,-35.13,-67.52,10,4.1,MD,MD,4.0795,Mendoza2022_Meq_to_Mw,Mendoza/YPF 2022,converted_regional,ISC,ISC + USGS,2,7173192,usp000cbst,inside_rectangle,accepted_manual_strong,yes,yes,
MZA-00550,2003-11-02T03:01:02.900Z,2003,11,-33.884,-68.558,15,3.6,MD,MD,3.5945,Mendoza2022_Meq_to_Mw,Mendoza/YPF 2022,converted_regional,ISC,ISC,1,7174148,,inside_rectangle,single_source,yes,yes,
MZA-00551,2003-11-02T16:10:54.499Z,2003,11,-33.705,-69.864,6.9,3,MD,MD,3.0125,Mendoza2022_Meq_to_Mw,Mendoza/YPF 2022,converted_regional,ISC,ISC + USGS,2,7174694,usp000cbx2,inside_rectangle,accepted_manual_strong,yes,yes,
MZA-00552,2003-11-13T17:24:09.500Z,2003,11,-32.96,-69.119,5,3.4,MD,MD,3.4005,Mendoza2022_Meq_to_Mw,Mendoza/YPF 2022,converted_regional,ISC,ISC,1,7183157,,inside_rectangle,single_source,yes,yes,
MZA-00553,2003-11-14T20:04:48.499Z,2003,11,-34.329,-68.83,10,3.7,MD,MD,3.6915,Mendoza2022_Meq_to_Mw,Mendoza/YPF 2022,converted_regional,ISC,ISC,1,7184025,,inside_rectangle,single_source,yes,yes,
MZA-00554,2003-11-18T18:01:39.340Z,2003,11,-35.4569,-67.3857,35,4.6,mb,mb,4.3134,Mendoza2022_mb_to_Mw,Mendoza/YPF 2022,converted_regional,ISC,ISC + USGS,2,7187029,usp000cdb8,inside_rectangle,accepted_auto,yes,yes,
MZA-00555,2003-11-18T21:03:42.950Z,2003,11,-35.3538,-67.4176,35,4.3,mb,mb,4.1472,Mendoza2022_mb_to_Mw,Mendoza/YPF 2022,converted_regional,ISC,ISC + USGS,2,7187123,usp000cdbs,inside_rectangle,accepted_manual_strong,yes,yes,
MZA-00556,2003-11-19T01:39:18.900Z,2003,11,-33.315,-68.282,18,3.4,MD,MD,3.4005,Mendoza2022_Meq_to_Mw,Mendoza/YPF 2022,converted_regional,ISC,ISC,1,7187265,,inside_rectangle,single_source,yes,yes,
MZA-00557,2003-11-23T15:20:39.700Z,2003,11,-32.231,-69.963,114,3.2,MD,MD,3.2065,Mendoza2022_Meq_to_Mw,Mendoza/YPF 2022,converted_regional,ISC,ISC + USGS,2,7190241,usp000cdrp,inside_rectangle,accepted_auto,yes,yes,
MZA-00558,2003-11-24T05:45:46.800Z,2003,11,-33.315,-68.93,0,3.2,MD,MD,3.2065,Mendoza2022_Meq_to_Mw,Mendoza/YPF 2022,converted_regional,ISC,ISC + USGS,2,7190696,usp000cdsr,inside_rectangle,accepted_auto,yes,yes,
MZA-00559,2003-11-26T23:06:47.900Z,2003,11,-33.104,-69.105,7.9,3.1,MD,MD,3.1095,Mendoza2022_Meq_to_Mw,Mendoza/YPF 2022,converted_regional,ISC,ISC + USGS,2,7192731,usp000cdys,inside_rectangle,accepted_auto,yes,yes,
MZA-00560,2003-11-28T23:37:40.100Z,2003,11,-32.606,-69.271,158,2.8,MD,MD,2.8185,Mendoza2022_Meq_to_Mw,Mendoza/YPF 2022,converted_regional,ISC,ISC + USGS,2,7194047,usp000ce3e,inside_rectangle,accepted_auto,yes,yes,
MZA-00561,2003-11-30T07:51:41.900Z,2003,11,-33.124,-68.263,19.6,2.8,ML,ML,2.8185,Mendoza2022_Meq_to_Mw,Mendoza/YPF 2022,converted_regional,ISC,ISC,1,7698093,,inside_rectangle,single_source,yes,yes,
MZA-00562,2003-12-06T00:23:26.600Z,2003,12,-32.217,-69.347,9.7,3.4,MD,MD,3.4005,Mendoza2022_Meq_to_Mw,Mendoza/YPF 2022,converted_regional,ISC,ISC + USGS,2,7199783,usp000ceme,inside_rectangle,accepted_auto,yes,yes,
MZA-00563,2003-12-10T01:16:22.200Z,2003,12,-33.302,-68.851,10,3.5,MD,MD,3.4975,Mendoza2022_Meq_to_Mw,Mendoza/YPF 2022,converted_regional,ISC,ISC + USGS,2,7202712,usp000cex6,inside_rectangle,accepted_manual_strong,yes,yes,
MZA-00564,2003-12-13T04:05:55.800Z,2003,12,-32.698,-69.868,118.3,3.3,MD,MD,3.3035,Mendoza2022_Meq_to_Mw,Mendoza/YPF 2022,converted_regional,ISC,ISC + USGS,2,7207112,usp000cf4y,inside_rectangle,accepted_auto,yes,yes,
MZA-00565,2003-12-13T16:53:10.300Z,2003,12,-32.369,-69.953,130.8,2.4,MD,MD,2.4305,Mendoza2022_Meq_to_Mw,Mendoza/YPF 2022,converted_regional,ISC,ISC + USGS,2,7207684,usp000cf6g,inside_rectangle,accepted_auto,yes,yes,
MZA-00566,2003-12-14T17:45:11.300Z,2003,12,-32.323,-69.75,134,2.9,MD,MD,2.9155,Mendoza2022_Meq_to_Mw,Mendoza/YPF 2022,converted_regional,ISC,ISC + USGS,2,7208757,usp000cf96,inside_rectangle,accepted_auto,yes,yes,
MZA-00567,2003-12-15T16:37:29.100Z,2003,12,-32.68,-69.966,115,2.9,MD,MD,2.9155,Mendoza2022_Meq_to_Mw,Mendoza/YPF 2022,converted_regional,ISC,ISC + USGS,2,7209623,usp000cfb8,inside_rectangle,accepted_auto,yes,yes,
MZA-00568,2003-12-16T04:28:34.700Z,2003,12,-33.543,-68.718,10,3.5,MD,MD,3.4975,Mendoza2022_Meq_to_Mw,Mendoza/YPF 2022,converted_regional,ISC,ISC,1,7210042,,inside_rectangle,single_source,yes,yes,
MZA-00569,2003-12-17T07:17:49.500Z,2003,12,-33.355,-69.819,2.3,1.8,ML,ML,1.8485,Mendoza2022_Meq_to_Mw,Mendoza/YPF 2022,converted_regional,ISC,ISC + USGS,2,7210950,usp000cfe7,inside_rectangle,accepted_auto,yes,yes,
MZA-00570,2003-12-17T23:43:05.000Z,2003,12,-33.163,-68.678,150,2.7,MD,MD,2.7215,Mendoza2022_Meq_to_Mw,Mendoza/YPF 2022,converted_regional,ISC,ISC,1,7211488,,inside_rectangle,single_source,yes,yes,
MZA-00571,2003-12-20T05:36:19.199Z,2003,12,-33.27,-69.847,5.7,3,MD,MD,3.0125,Mendoza2022_Meq_to_Mw,Mendoza/YPF 2022,converted_regional,ISC,ISC + USGS,2,7213256,usp000cfmz,inside_rectangle,accepted_manual_strong,yes,yes,
MZA-00572,2003-12-21T05:51:50.800Z,2003,12,-32.211,-67.842,3,3.8,MD,MD,3.7885,Mendoza2022_Meq_to_Mw,Mendoza/YPF 2022,converted_regional,ISC,ISC + USGS,2,7213963,usp000cfqb,inside_rectangle,accepted_auto,yes,yes,
MZA-00573,2003-12-22T03:05:37.000Z,2003,12,-32.805,-69.964,108.2,3.1,MD,MD,3.1095,Mendoza2022_Meq_to_Mw,Mendoza/YPF 2022,converted_regional,ISC,ISC + USGS,2,7214580,usp000cfs5,inside_rectangle,accepted_auto,yes,yes,
MZA-00574,2003-12-23T13:22:06.800Z,2003,12,-32.99,-69.463,0.6,3.5,MD,MD,3.4975,Mendoza2022_Meq_to_Mw,Mendoza/YPF 2022,converted_regional,ISC,ISC,1,7215666,,inside_rectangle,single_source,yes,yes,
MZA-00575,2003-12-23T13:38:41.000Z,2003,12,-32.328,-69.947,121.9,3.2,MD,MD,3.2065,Mendoza2022_Meq_to_Mw,Mendoza/YPF 2022,converted_regional,ISC,ISC + USGS,2,7215670,usp000cfvx,inside_rectangle,accepted_auto,yes,yes,
MZA-00576,2003-12-24T00:46:30.200Z,2003,12,-32.948,-69.429,0.1,2.1,ML,ML,2.1395,Mendoza2022_Meq_to_Mw,Mendoza/YPF 2022,converted_regional,ISC,ISC + USGS,2,7216042,usp000cfwv,inside_rectangle,accepted_auto,yes,yes,
MZA-00577,2003-12-24T01:05:54.300Z,2003,12,-32.973,-69.384,5,2,ML,ML,2.0425,Mendoza2022_Meq_to_Mw,Mendoza/YPF 2022,converted_regional,ISC,ISC + USGS,2,7216049,usp000cfwx,inside_rectangle,accepted_auto,yes,yes,
MZA-00578,2003-12-24T07:34:19.399Z,2003,12,-33.013,-69.38,5.3,3.2,MD,MD,3.2065,Mendoza2022_Meq_to_Mw,Mendoza/YPF 2022,converted_regional,ISC,ISC + USGS,2,7216233,usp000cfxp,inside_rectangle,accepted_auto,yes,yes,
MZA-00579,2003-12-29T07:09:15.200Z,2003,12,-33.652,-68.661,15,3.6,MD,MD,3.5945,Mendoza2022_Meq_to_Mw,Mendoza/YPF 2022,converted_regional,ISC,ISC + USGS,2,7220428,usp000cgf0,inside_rectangle,accepted_auto,yes,yes,
MZA-00580,2003-12-31T16:46:32.800Z,2003,12,-33.153,-69.883,11,3.4,MD,MD,3.4005,Mendoza2022_Meq_to_Mw,Mendoza/YPF 2022,converted_regional,ISC,ISC + USGS,2,7222591,usp000cgnp,inside_rectangle,accepted_auto,yes,yes,
MZA-00581,2004-01-10T08:04:06.100Z,2004,1,-32.93,-69.308,15.2,3.8,MD,MD,3.7885,Mendoza2022_Meq_to_Mw,Mendoza/YPF 2022,converted_regional,ISC,ISC,1,7230948,,inside_rectangle,single_source,yes,yes,
MZA-00582,2004-01-11T03:06:56.400Z,2004,1,-32.927,-69.404,3,3.5,MD,MD,3.4975,Mendoza2022_Meq_to_Mw,Mendoza/YPF 2022,converted_regional,ISC,ISC,1,7231543,,inside_rectangle,single_source,yes,yes,
MZA-00583,2004-01-13T04:46:50.900Z,2004,1,-33.333,-69.807,1.3,3.8,MD,MD,3.7885,Mendoza2022_Meq_to_Mw,Mendoza/YPF 2022,converted_regional,ISC,ISC + USGS,2,7232957,usp000chsk,inside_rectangle,accepted_auto,yes,yes,
MZA-00584,2004-01-13T06:10:42.300Z,2004,1,-33.357,-69.822,2.3,3.5,MD,MD,3.4975,Mendoza2022_Meq_to_Mw,Mendoza/YPF 2022,converted_regional,ISC,ISC + USGS,2,7232983,usp000chst,inside_rectangle,accepted_auto,yes,yes,
MZA-00585,2004-01-18T00:07:05.400Z,2004,1,-32.092,-69.71,147.2,3.2,MD,MD,3.2065,Mendoza2022_Meq_to_Mw,Mendoza/YPF 2022,converted_regional,ISC,ISC + USGS,2,7236331,usp000cj4n,inside_rectangle,accepted_auto,yes,yes,
MZA-00586,2004-01-20T06:31:38.900Z,2004,1,-33.512,-69.854,120.6,4,MD,MD,3.9825,Mendoza2022_Meq_to_Mw,Mendoza/YPF 2022,converted_regional,ISC,ISC + USGS,2,7237827,usp000cja7,inside_rectangle,accepted_auto,yes,yes,
MZA-00587,2004-01-21T11:04:58.349Z,2004,1,-35.2977,-67.2993,35,4.5,mb,mb,4.258,Mendoza2022_mb_to_Mw,Mendoza/YPF 2022,converted_regional,ISC,ISC + USGS,2,7238693,usp000cjd5,inside_rectangle,accepted_auto,yes,yes,
MZA-00588,2004-01-22T17:53:08.500Z,2004,1,-32.384,-69.967,108.9,3.3,MD,MD,3.3035,Mendoza2022_Meq_to_Mw,Mendoza/YPF 2022,converted_regional,ISC,ISC + USGS,2,7239609,usp000cjf2,inside_rectangle,accepted_auto,yes,yes,
MZA-00589,2004-01-24T23:36:16.799Z,2004,1,-33.148,-69.959,105.1,2.4,MD,MD,2.4305,Mendoza2022_Meq_to_Mw,Mendoza/YPF 2022,converted_regional,ISC,ISC + USGS,2,7241076,usp000cjm1,inside_rectangle,accepted_auto,yes,yes,
MZA-00590,2004-01-27T07:00:33.100Z,2004,1,-32.023,-68.2,0,3,ML,ML,3.0125,Mendoza2022_Meq_to_Mw,Mendoza/YPF 2022,converted_regional,ISC,ISC,1,7242601,,inside_rectangle,single_source,yes,yes,
MZA-00591,2004-01-28T16:22:49.900Z,2004,1,-34.957,-69,9.1,3.4,MD,MD,3.4005,Mendoza2022_Meq_to_Mw,Mendoza/YPF 2022,converted_regional,ISC,ISC + USGS,2,7243528,usp000cjve,inside_rectangle,accepted_auto,yes,yes,
MZA-00592,2004-02-02T18:57:41.200Z,2004,2,-32.222,-67.901,5,4.1,MD,MD,4.0795,Mendoza2022_Meq_to_Mw,Mendoza/YPF 2022,converted_regional,ISC,ISC + USGS,2,7246923,usp000ck91,inside_rectangle,accepted_auto,yes,yes,
MZA-00593,2004-02-06T19:56:17.000Z,2004,2,-32.018,-69.312,113.8,2.9,MD,MD,2.9155,Mendoza2022_Meq_to_Mw,Mendoza/YPF 2022,converted_regional,ISC,ISC,1,7248438,,inside_rectangle,single_source,yes,yes,
MZA-00594,2004-02-07T07:40:32.100Z,2004,2,-32.063,-67.568,150,3.8,MD,MD,3.7885,Mendoza2022_Meq_to_Mw,Mendoza/YPF 2022,converted_regional,ISC,ISC,1,7248633,,inside_rectangle,single_source,yes,yes,
MZA-00595,2004-02-12T02:47:21.280Z,2004,2,-35.6261,-69.8911,175.2,4.3,mb,mb,4.1472,Mendoza2022_mb_to_Mw,Mendoza/YPF 2022,converted_regional,ISC,ISC + USGS,2,7250419,usp000cm0t,inside_rectangle,accepted_auto,yes,yes,
MZA-00596,2004-02-16T08:12:19.800Z,2004,2,-32.08,-69.718,127.6,3.2,MD,MD,3.2065,Mendoza2022_Meq_to_Mw,Mendoza/YPF 2022,converted_regional,ISC,ISC,1,7251839,,inside_rectangle,single_source,yes,yes,
MZA-00597,2004-02-17T12:24:43.500Z,2004,2,-33.125,-69.733,131,2.9,MD,MD,2.9155,Mendoza2022_Meq_to_Mw,Mendoza/YPF 2022,converted_regional,ISC,ISC,1,7252228,,inside_rectangle,single_source,yes,yes,
MZA-00598,2004-02-17T21:06:18.000Z,2004,2,-34.753,-69.812,184.1,2.9,MD,MD,2.9155,Mendoza2022_Meq_to_Mw,Mendoza/YPF 2022,converted_regional,ISC,ISC,1,7252330,,inside_rectangle,single_source,yes,yes,
MZA-00599,2004-02-26T08:42:54.200Z,2004,2,-32.024,-69.847,128.2,2.4,ML,ML,2.4305,Mendoza2022_Meq_to_Mw,Mendoza/YPF 2022,converted_regional,ISC,ISC,1,7255669,,inside_rectangle,single_source,yes,yes,
MZA-00600,2004-03-04T23:49:30.800Z,2004,3,-32.689,-69.456,124.7,3.1,MD,MD,3.1095,Mendoza2022_Meq_to_Mw,Mendoza/YPF 2022,converted_regional,ISC,ISC + USGS,2,7303807,usp000cp3w,inside_rectangle,accepted_auto,yes,yes,
MZA-00601,2004-03-05T00:22:52.700Z,2004,3,-32.05,-67.071,5,3.9,MD,MD,3.8855,Mendoza2022_Meq_to_Mw,Mendoza/YPF 2022,converted_regional,ISC,ISC,1,7303832,,inside_rectangle,single_source,yes,yes,
MZA-00602,2004-03-05T22:41:43.400Z,2004,3,-32.518,-68.878,18,3.4,MD,MD,3.4005,Mendoza2022_Meq_to_Mw,Mendoza/YPF 2022,converted_regional,ISC,ISC + USGS,2,7304439,usp000cp6h,inside_rectangle,accepted_auto,yes,yes,
MZA-00603,2004-03-14T20:12:41.080Z,2004,3,-32.3425,-69.9556,125.5,3.6,MD,MD,3.5945,Mendoza2022_Meq_to_Mw,Mendoza/YPF 2022,converted_regional,ISC,ISC,1,7310571,,inside_rectangle,single_source,yes,yes,
MZA-00604,2004-03-18T15:49:17.400Z,2004,3,-32.093,-69.684,137.6,2.4,MD,MD,2.4305,Mendoza2022_Meq_to_Mw,Mendoza/YPF 2022,converted_regional,ISC,ISC + USGS,2,7313099,usp000cq90,inside_rectangle,accepted_auto,yes,yes,
MZA-00605,2004-03-21T22:35:37.600Z,2004,3,-32.061,-68.111,184.3,3.9,ML,ML,3.8855,Mendoza2022_Meq_to_Mw,Mendoza/YPF 2022,converted_regional,ISC,ISC,1,7315555,,inside_rectangle,single_source,yes,yes,
MZA-00606,2004-03-27T10:15:48.200Z,2004,3,-33.782,-68.842,10,3.3,MD,MD,3.3035,Mendoza2022_Meq_to_Mw,Mendoza/YPF 2022,converted_regional,ISC,ISC + USGS,2,7319626,usp000cr0n,inside_rectangle,accepted_auto,yes,yes,
MZA-00607,2004-03-27T17:41:17.900Z,2004,3,-32.207,-69.563,126.6,3.4,MD,MD,3.4005,Mendoza2022_Meq_to_Mw,Mendoza/YPF 2022,converted_regional,ISC,ISC + USGS,2,7319814,usp000cr1b,inside_rectangle,accepted_auto,yes,yes,
MZA-00608,2004-03-27T19:10:00.200Z,2004,3,-32.232,-69.48,126.3,2.7,MD,MD,2.7215,Mendoza2022_Meq_to_Mw,Mendoza/YPF 2022,converted_regional,ISC,ISC + USGS,2,7319891,usp000cr1r,inside_rectangle,accepted_auto,yes,yes,
MZA-00609,2004-03-29T12:42:30.400Z,2004,3,-32.041,-69.677,150,2.7,MD,MD,2.7215,Mendoza2022_Meq_to_Mw,Mendoza/YPF 2022,converted_regional,ISC,ISC + USGS,2,7321214,usp000cr71,inside_rectangle,accepted_auto,yes,yes,
MZA-00610,2004-03-30T08:54:19.500Z,2004,3,-32.221,-69.835,137.9,3.2,MD,MD,3.2065,Mendoza2022_Meq_to_Mw,Mendoza/YPF 2022,converted_regional,ISC,ISC + USGS,2,7321770,usp000cr94,inside_rectangle,accepted_auto,yes,yes,
MZA-00611,2004-04-05T04:29:00.000Z,2004,4,-32.354,-68.767,150,3.2,MD,MD,3.2065,Mendoza2022_Meq_to_Mw,Mendoza/YPF 2022,converted_regional,ISC,ISC + USGS,2,7326102,usp000crqz,inside_rectangle,accepted_auto,yes,yes,
MZA-00612,2004-04-08T17:48:51.299Z,2004,4,-33.398,-68.657,25,3.2,ML,ML,3.2065,Mendoza2022_Meq_to_Mw,Mendoza/YPF 2022,converted_regional,ISC,ISC,1,7327683,,inside_rectangle,single_source,yes,yes,
MZA-00613,2004-04-11T00:58:15.899Z,2004,4,-33.062,-69.935,115.4,3,MD,MD,3.0125,Mendoza2022_Meq_to_Mw,Mendoza/YPF 2022,converted_regional,ISC,ISC,1,7328549,,inside_rectangle,single_source,yes,yes,
MZA-00614,2004-04-11T19:48:42.300Z,2004,4,-32.001,-69.485,135.8,3.2,MD,MD,3.2065,Mendoza2022_Meq_to_Mw,Mendoza/YPF 2022,converted_regional,ISC,ISC + USGS,2,7328888,usp000cs94,inside_rectangle,accepted_auto,yes,yes,
MZA-00615,2004-04-13T18:27:04.099Z,2004,4,-33.186,-69.057,6.9,3.2,MD,MD,3.2065,Mendoza2022_Meq_to_Mw,Mendoza/YPF 2022,converted_regional,ISC,ISC + USGS,2,7329533,usp000csdt,inside_rectangle,accepted_auto,yes,yes,
MZA-00616,2004-04-13T23:57:50.000Z,2004,4,-32.237,-69.835,110.9,3,ML,ML,3.0125,Mendoza2022_Meq_to_Mw,Mendoza/YPF 2022,converted_regional,ISC,ISC,1,7329603,,inside_rectangle,single_source,yes,yes,
MZA-00617,2004-04-15T03:33:17.000Z,2004,4,-32.797,-69.9,117.5,3.2,MD,MD,3.2065,Mendoza2022_Meq_to_Mw,Mendoza/YPF 2022,converted_regional,ISC,ISC + USGS,2,7330140,usp000csh5,inside_rectangle,accepted_auto,yes,yes,
MZA-00618,2004-04-17T06:04:21.500Z,2004,4,-32.663,-69.964,128.5,3.1,MD,MD,3.1095,Mendoza2022_Meq_to_Mw,Mendoza/YPF 2022,converted_regional,ISC,ISC + USGS,2,7331322,usp000csrb,inside_rectangle,accepted_auto,yes,yes,
MZA-00619,2004-04-18T06:44:37.900Z,2004,4,-32.043,-68.703,150,3.2,MD,MD,3.2065,Mendoza2022_Meq_to_Mw,Mendoza/YPF 2022,converted_regional,ISC,ISC + USGS,2,7331813,usp000csuh,inside_rectangle,accepted_auto,yes,yes,
MZA-00620,2004-04-19T07:24:28.400Z,2004,4,-32.814,-69.222,9.2,4.1,MD,MD,4.0795,Mendoza2022_Meq_to_Mw,Mendoza/YPF 2022,converted_regional,ISC,ISC + USGS,2,7332158,usp000csx0,inside_rectangle,accepted_auto,yes,yes,
MZA-00621,2004-04-22T08:22:02.600Z,2004,4,-32.992,-68.967,15,2.7,ML,ML,2.7215,Mendoza2022_Meq_to_Mw,Mendoza/YPF 2022,converted_regional,ISC,ISC,1,7333234,,inside_rectangle,single_source,yes,yes,
MZA-00622,2004-04-30T07:36:51.900Z,2004,4,-32.346,-69.934,135.8,3.3,MD,MD,3.3035,Mendoza2022_Meq_to_Mw,Mendoza/YPF 2022,converted_regional,ISC,ISC + USGS,2,7336401,usp000cttq,inside_rectangle,accepted_auto,yes,yes,
MZA-00623,2004-05-04T22:16:18.100Z,2004,5,-32.332,-69.888,98.6,2.6,MD,MD,2.6245,Mendoza2022_Meq_to_Mw,Mendoza/YPF 2022,converted_regional,ISC,ISC + USGS,2,7339090,usp000cu6e,inside_rectangle,accepted_auto,yes,yes,
MZA-00624,2004-05-07T23:55:12.910Z,2004,5,-35.4191,-67.3282,35,4.2,MD,MD,4.1765,Mendoza2022_Meq_to_Mw,Mendoza/YPF 2022,converted_regional,ISC,ISC + USGS,2,7340360,usp000cudf,inside_rectangle,accepted_auto,yes,yes,
MZA-00625,2004-05-10T15:41:38.600Z,2004,5,-32.541,-69.905,108.8,2.5,MD,MD,2.5275,Mendoza2022_Meq_to_Mw,Mendoza/YPF 2022,converted_regional,ISC,ISC + USGS,2,7341391,usp000cunu,inside_rectangle,accepted_auto,yes,yes,
MZA-00626,2004-05-16T11:03:03.000Z,2004,5,-32.131,-69.713,138.5,3.5,MD,MD,3.4975,Mendoza2022_Meq_to_Mw,Mendoza/YPF 2022,converted_regional,ISC,ISC + USGS,2,7343866,usp000cv7c,inside_rectangle,accepted_auto,yes,yes,
MZA-00627,2004-05-17T08:03:27.600Z,2004,5,-32.685,-68.721,150,4,ML,ML,3.9825,Mendoza2022_Meq_to_Mw,Mendoza/YPF 2022,converted_regional,ISC,ISC + USGS,2,7344255,usp000cvam,inside_rectangle,accepted_manual_strong,yes,yes,
MZA-00628,2004-05-18T19:32:31.100Z,2004,5,-32.682,-68.943,5.9,3.9,MD,MD,3.8855,Mendoza2022_Meq_to_Mw,Mendoza/YPF 2022,converted_regional,ISC,ISC + USGS,2,7344989,usp000cvgb,inside_rectangle,accepted_auto,yes,yes,
MZA-00629,2004-05-18T19:37:44.700Z,2004,5,-32.631,-69.023,0,3.4,MD,MD,3.4005,Mendoza2022_Meq_to_Mw,Mendoza/YPF 2022,converted_regional,ISC,ISC + USGS,2,7344991,usp000cvgc,inside_rectangle,accepted_auto,yes,yes,
MZA-00630,2004-05-19T10:03:55.950Z,2004,5,-32.0192,-69.7426,111.9,3.9,mb,mb,3.9256,Mendoza2022_mb_to_Mw,Mendoza/YPF 2022,converted_regional,ISC,ISC,1,7345266,,inside_rectangle,single_source,yes,yes,
MZA-00631,2004-05-20T02:35:18.599Z,2004,5,-32.14,-68.6,148.5,3.3,ML,ML,3.3035,Mendoza2022_Meq_to_Mw,Mendoza/YPF 2022,converted_regional,ISC,ISC + USGS,2,7345554,usp000cvmj,inside_rectangle,accepted_manual_strong,yes,yes,
MZA-00632,2004-05-23T07:52:50.999Z,2004,5,-32.102,-68.522,150,3.4,MD,MD,3.4005,Mendoza2022_Meq_to_Mw,Mendoza/YPF 2022,converted_regional,ISC,ISC + USGS,2,7347182,usp000cvz0,inside_rectangle,accepted_auto,yes,yes,
MZA-00633,2004-05-25T18:52:20.100Z,2004,5,-33.508,-68.66,20.3,3.6,MD,MD,3.5945,Mendoza2022_Meq_to_Mw,Mendoza/YPF 2022,converted_regional,ISC,ISC + USGS,2,7348290,usp000cw73,inside_rectangle,accepted_auto,yes,yes,
MZA-00634,2004-05-29T06:14:26.200Z,2004,5,-34.844,-69.113,166.9,2.6,MD,MD,2.6245,Mendoza2022_Meq_to_Mw,Mendoza/YPF 2022,converted_regional,ISC,ISC,1,7349659,,inside_rectangle,single_source,yes,yes,
MZA-00635,2004-05-30T13:36:10.300Z,2004,5,-34.883,-68.959,21,3.5,MD,MD,3.4975,Mendoza2022_Meq_to_Mw,Mendoza/YPF 2022,converted_regional,ISC,ISC,1,7350291,,inside_rectangle,single_source,yes,yes,
MZA-00636,2004-05-31T14:10:53.700Z,2004,5,-32.005,-67.045,1.8,3.8,MD,MD,3.7885,Mendoza2022_Meq_to_Mw,Mendoza/YPF 2022,converted_regional,ISC,ISC,1,7350824,,inside_rectangle,single_source,yes,yes,
MZA-00637,2004-06-01T17:04:54.489Z,2004,6,-32.0632,-68.0106,35,5.4,mb,mb,4.7566,Mendoza2022_mb_to_Mw,Mendoza/YPF 2022,converted_regional,ISC,ISC + USGS,2,7351765,usp000cwuy,inside_rectangle,accepted_auto,yes,yes,
MZA-00638,2004-06-03T19:25:33.700Z,2004,6,-32.195,-69.904,139.5,2.9,MD,MD,2.9155,Mendoza2022_Meq_to_Mw,Mendoza/YPF 2022,converted_regional,ISC,ISC,1,7352701,,inside_rectangle,single_source,yes,yes,
MZA-00639,2004-06-09T06:51:13.199Z,2004,6,-34.076,-68.691,10,2.6,ML,ML,2.6245,Mendoza2022_Meq_to_Mw,Mendoza/YPF 2022,converted_regional,ISC,ISC,1,7354591,,inside_rectangle,single_source,yes,yes,
MZA-00640,2004-06-14T16:44:39.700Z,2004,6,-33.181,-69.668,0,2.1,ML,ML,2.1395,Mendoza2022_Meq_to_Mw,Mendoza/YPF 2022,converted_regional,ISC,ISC + USGS,2,7356547,usp000cxwx,inside_rectangle,accepted_auto,yes,yes,
MZA-00641,2004-06-17T17:28:17.900Z,2004,6,-33.094,-69.11,5,3.4,MD,MD,3.4005,Mendoza2022_Meq_to_Mw,Mendoza/YPF 2022,converted_regional,ISC,ISC,1,7357662,,inside_rectangle,single_source,yes,yes,
MZA-00642,2004-06-21T08:55:24.399Z,2004,6,-32.562,-69.993,117.8,3.6,MD,MD,3.5945,Mendoza2022_Meq_to_Mw,Mendoza/YPF 2022,converted_regional,ISC,ISC + USGS,2,7358891,usp000cydj,inside_rectangle,accepted_auto,yes,yes,
MZA-00643,2004-06-22T22:55:14.900Z,2004,6,-32.556,-68.71,129.7,3,MD,MD,3.0125,Mendoza2022_Meq_to_Mw,Mendoza/YPF 2022,converted_regional,ISC,ISC,1,7359510,,inside_rectangle,single_source,yes,yes,
MZA-00644,2004-06-23T21:14:44.200Z,2004,6,-32.972,-69.091,11,3.3,MD,MD,3.3035,Mendoza2022_Meq_to_Mw,Mendoza/YPF 2022,converted_regional,ISC,ISC + USGS,2,7359772,usp000cyks,inside_rectangle,accepted_auto,yes,yes,
MZA-00645,2004-06-27T16:58:25.900Z,2004,6,-32.272,-69.726,130.3,2.6,MD,MD,2.6245,Mendoza2022_Meq_to_Mw,Mendoza/YPF 2022,converted_regional,ISC,ISC + USGS,2,7361263,usp000cz04,inside_rectangle,accepted_auto,yes,yes,
MZA-00646,2004-07-02T06:29:50.890Z,2004,7,-32.7932,-68.2516,10,3.6,MD,MD,3.5945,Mendoza2022_Meq_to_Mw,Mendoza/YPF 2022,converted_regional,ISC,ISC + USGS,2,7366972,usp000czdd,inside_rectangle,accepted_auto,yes,yes,
MZA-00647,2004-07-05T04:29:47.100Z,2004,7,-32.007,-68.992,1.2,3.8,MD,MD,3.7885,Mendoza2022_Meq_to_Mw,Mendoza/YPF 2022,converted_regional,ISC,ISC + USGS,2,7367926,usp000czk7,inside_rectangle,accepted_auto,yes,yes,
MZA-00648,2004-07-06T08:46:38.100Z,2004,7,-32.092,-69.959,137.1,2.9,MD,MD,2.9155,Mendoza2022_Meq_to_Mw,Mendoza/YPF 2022,converted_regional,ISC,ISC + USGS,2,7368294,usp000cznj,inside_rectangle,accepted_auto,yes,yes,
MZA-00649,2004-07-08T21:06:02.100Z,2004,7,-33.538,-68.944,10,3.4,MD,MD,3.4005,Mendoza2022_Meq_to_Mw,Mendoza/YPF 2022,converted_regional,ISC,ISC + USGS,2,7369266,usp000czt0,inside_rectangle,accepted_auto,yes,yes,
MZA-00650,2004-07-12T06:52:14.600Z,2004,7,-32.009,-69.336,136.7,3.6,MD,MD,3.5945,Mendoza2022_Meq_to_Mw,Mendoza/YPF 2022,converted_regional,ISC,ISC + USGS,2,7370636,usp000d007,inside_rectangle,accepted_auto,yes,yes,
MZA-00651,2004-07-18T12:13:21.699Z,2004,7,-32.617,-69.027,150,3.3,ML,ML,3.3035,Mendoza2022_Meq_to_Mw,Mendoza/YPF 2022,converted_regional,ISC,ISC + USGS,2,7373320,usp000d0e3,inside_rectangle,accepted_manual_strong,yes,yes,
MZA-00652,2004-07-19T09:08:31.900Z,2004,7,-32.199,-69.44,120,3.1,MD,MD,3.1095,Mendoza2022_Meq_to_Mw,Mendoza/YPF 2022,converted_regional,ISC,ISC + USGS,2,7373602,usp000d0g1,inside_rectangle,accepted_auto,yes,yes,
MZA-00653,2004-07-20T21:23:17.400Z,2004,7,-32.007,-69.927,135.9,3.2,MD,MD,3.2065,Mendoza2022_Meq_to_Mw,Mendoza/YPF 2022,converted_regional,ISC,ISC + USGS,2,7374093,usp000d0jr,inside_rectangle,accepted_auto,yes,yes,
MZA-00654,2004-07-22T12:15:54.600Z,2004,7,-32.715,-69.926,75,2.7,MD,MD,2.7215,Mendoza2022_Meq_to_Mw,Mendoza/YPF 2022,converted_regional,ISC,ISC,1,7374718,,inside_rectangle,single_source,yes,yes,
MZA-00655,2004-07-22T16:14:12.700Z,2004,7,-33.176,-69.64,152.8,2.5,MD,MD,2.5275,Mendoza2022_Meq_to_Mw,Mendoza/YPF 2022,converted_regional,ISC,ISC + USGS,2,7374771,usp000d0pq,inside_rectangle,accepted_auto,yes,yes,
MZA-00656,2004-07-26T16:24:29.300Z,2004,7,-32.063,-68.731,1.1,4.3,MD,MD,4.2735,Mendoza2022_Meq_to_Mw,Mendoza/YPF 2022,converted_regional,ISC,ISC + USGS,2,7376168,usp000d0x5,inside_rectangle,accepted_manual_location_uncertainty,yes,yes,Match con discrepancia espacial moderada.
MZA-00657,2004-07-31T03:47:21.399Z,2004,7,-32.184,-69.957,122.2,3.1,MD,MD,3.1095,Mendoza2022_Meq_to_Mw,Mendoza/YPF 2022,converted_regional,ISC,ISC + USGS,2,7377882,usp000d15w,inside_rectangle,accepted_auto,yes,yes,
MZA-00658,2004-08-04T05:00:37.100Z,2004,8,-33.61,-68.52,20,3.1,MD,MD,3.1095,Mendoza2022_Meq_to_Mw,Mendoza/YPF 2022,converted_regional,ISC,ISC,1,7384802,,inside_rectangle,single_source,yes,yes,
MZA-00659,2004-08-08T01:34:48.860Z,2004,8,-32.348,-69.625,150,2.9,MD,MD,2.9155,Mendoza2022_Meq_to_Mw,Mendoza/YPF 2022,converted_regional,ISC,ISC + USGS,2,7386623,usp000d1qp,inside_rectangle,accepted_auto,yes,yes,
MZA-00660,2004-08-08T10:10:02.210Z,2004,8,-32.033,-69.396,114.8,3.3,MD,MD,3.3035,Mendoza2022_Meq_to_Mw,Mendoza/YPF 2022,converted_regional,ISC,ISC + USGS,2,7386763,usp000d1rf,inside_rectangle,accepted_auto,yes,yes,
MZA-00661,2004-08-11T16:06:51.199Z,2004,8,-33.703,-69.85,6.4,3.6,MD,MD,3.5945,Mendoza2022_Meq_to_Mw,Mendoza/YPF 2022,converted_regional,ISC,ISC + USGS,2,7387944,usp000d1ym,inside_rectangle,accepted_auto,yes,yes,
MZA-00662,2004-08-20T13:08:38.220Z,2004,8,-35.8836,-68.1965,35,4.2,MD,MD,4.1765,Mendoza2022_Meq_to_Mw,Mendoza/YPF 2022,converted_regional,ISC,ISC,1,7391129,,inside_rectangle,single_source,yes,yes,
MZA-00663,2004-08-22T07:52:33.900Z,2004,8,-32.914,-67.193,150,3.5,ML,ML,3.4975,Mendoza2022_Meq_to_Mw,Mendoza/YPF 2022,converted_regional,ISC,ISC,1,7391740,,inside_rectangle,single_source,yes,yes,
MZA-00664,2004-08-24T08:08:08.400Z,2004,8,-34.291,-69.956,6.7,3.6,MD,MD,3.5945,Mendoza2022_Meq_to_Mw,Mendoza/YPF 2022,converted_regional,ISC,ISC,1,7392342,,inside_rectangle,single_source,yes,yes,
MZA-00665,2004-08-28T14:20:17.700Z,2004,8,-34.833,-69.869,62.1,0,,,,not_harmonized,,excluded_missing_or_invalid,USGS,USGS,1,,usp000d30n,inside_rectangle,single_source,yes,no,Magnitud QC: zero_without_type.
MZA-00666,2004-09-05T02:33:39.400Z,2004,9,-35.417,-69.933,191.8,3.4,MD,MD,3.4005,Mendoza2022_Meq_to_Mw,Mendoza/YPF 2022,converted_regional,ISC,ISC,1,7398195,,inside_rectangle,single_source,yes,yes,
MZA-00667,2004-09-10T08:23:58.660Z,2004,9,-35.099,-69.842,92,0,,,,not_harmonized,,excluded_missing_or_invalid,USGS,USGS,1,,usp000d417,inside_rectangle,single_source,yes,no,Magnitud QC: zero_without_type.
MZA-00668,2004-09-12T18:35:35.800Z,2004,9,-32.68,-69.268,12.2,3.6,MD,MD,3.5945,Mendoza2022_Meq_to_Mw,Mendoza/YPF 2022,converted_regional,ISC,ISC + USGS,2,7400874,usp000d45g,inside_rectangle,accepted_manual_location_uncertainty,yes,yes,Match con discrepancia espacial moderada.
MZA-00669,2004-09-22T03:26:30.600Z,2004,9,-33.836,-68.757,5.4,3.2,MD,MD,3.2065,Mendoza2022_Meq_to_Mw,Mendoza/YPF 2022,converted_regional,ISC,ISC + USGS,2,7404035,usp000d4u6,inside_rectangle,accepted_auto,yes,yes,
MZA-00670,2004-09-26T01:55:02.200Z,2004,9,-33.963,-69.026,17,4,MD,MD,3.9825,Mendoza2022_Meq_to_Mw,Mendoza/YPF 2022,converted_regional,ISC,ISC + USGS,2,7405199,usp000d52a,inside_rectangle,accepted_auto,yes,yes,
MZA-00671,2004-09-28T10:17:13.200Z,2004,9,-32.14,-69.377,116.9,3.1,MD,MD,3.1095,Mendoza2022_Meq_to_Mw,Mendoza/YPF 2022,converted_regional,ISC,ISC + USGS,2,7405892,usp000d57e,inside_rectangle,accepted_auto,yes,yes,
MZA-00672,2004-10-01T20:40:32.299Z,2004,10,-32.885,-68.917,5,3.2,MD,MD,3.2065,Mendoza2022_Meq_to_Mw,Mendoza/YPF 2022,converted_regional,ISC,ISC,1,7413850,,inside_rectangle,single_source,yes,yes,
MZA-00673,2004-10-03T15:14:10.400Z,2004,10,-33.089,-69.017,5,3.6,MD,MD,3.5945,Mendoza2022_Meq_to_Mw,Mendoza/YPF 2022,converted_regional,ISC,ISC + USGS,2,7414709,usp000d5pt,inside_rectangle,accepted_auto,yes,yes,
MZA-00674,2004-10-03T17:03:18.100Z,2004,10,-32.485,-69.849,122.8,3.1,MD,MD,3.1095,Mendoza2022_Meq_to_Mw,Mendoza/YPF 2022,converted_regional,ISC,ISC + USGS,2,7414731,usp000d5pw,inside_rectangle,accepted_auto,yes,yes,
MZA-00675,2004-10-05T09:17:54.100Z,2004,10,-32.15,-68.479,150,3.4,MD,MD,3.4005,Mendoza2022_Meq_to_Mw,Mendoza/YPF 2022,converted_regional,ISC,ISC + USGS,2,7415276,usp000d5tp,inside_rectangle,accepted_auto,yes,yes,
MZA-00676,2004-10-07T04:13:43.000Z,2004,10,-33.587,-68.573,4,3.3,MD,MD,3.3035,Mendoza2022_Meq_to_Mw,Mendoza/YPF 2022,converted_regional,ISC,ISC + USGS,2,7416030,usp000d5xk,inside_rectangle,accepted_auto,yes,yes,
MZA-00677,2004-10-08T08:28:06.600Z,2004,10,-32.088,-69.686,129,3.2,ML,ML,3.2065,Mendoza2022_Meq_to_Mw,Mendoza/YPF 2022,converted_regional,ISC,ISC + USGS,2,7416475,usp000d601,inside_rectangle,accepted_manual_strong,yes,yes,
MZA-00678,2004-10-13T10:40:30.200Z,2004,10,-33.513,-68.791,20.4,3.8,MD,MD,3.7885,Mendoza2022_Meq_to_Mw,Mendoza/YPF 2022,converted_regional,ISC,ISC + USGS,2,7418140,usp000d6ah,inside_rectangle,accepted_auto,yes,yes,
MZA-00679,2004-10-17T17:35:13.500Z,2004,10,-32.47,-69.822,122.2,2.8,MD,MD,2.8185,Mendoza2022_Meq_to_Mw,Mendoza/YPF 2022,converted_regional,ISC,ISC + USGS,2,7419377,usp000d6jm,inside_rectangle,accepted_auto,yes,yes,
MZA-00680,2004-10-19T16:39:21.419Z,2004,10,-33.5732,-69.8843,15.1,4,MD,MD,3.9825,Mendoza2022_Meq_to_Mw,Mendoza/YPF 2022,converted_regional,ISC,ISC + USGS,2,7419891,usp000d6p5,inside_rectangle,accepted_auto,yes,yes,
MZA-00681,2004-10-20T07:07:40.900Z,2004,10,-32.858,-68.56,6.7,3.3,MD,MD,3.3035,Mendoza2022_Meq_to_Mw,Mendoza/YPF 2022,converted_regional,ISC,ISC + USGS,2,7420067,usp000d6qg,inside_rectangle,accepted_auto,yes,yes,
MZA-00682,2004-10-20T19:05:23.000Z,2004,10,-32.474,-69.901,112.7,2.8,MD,MD,2.8185,Mendoza2022_Meq_to_Mw,Mendoza/YPF 2022,converted_regional,ISC,ISC + USGS,2,7420267,usp000d6rg,inside_rectangle,accepted_auto,yes,yes,
MZA-00683,2004-10-24T21:08:02.000Z,2004,10,-32.604,-68.998,152.3,3.5,MD,MD,3.4975,Mendoza2022_Meq_to_Mw,Mendoza/YPF 2022,converted_regional,ISC,ISC + USGS,2,7421712,usp000d70f,inside_rectangle,accepted_auto,yes,yes,
MZA-00684,2004-10-26T03:58:22.400Z,2004,10,-33.049,-68.04,12.3,3.6,MD,MD,3.5945,Mendoza2022_Meq_to_Mw,Mendoza/YPF 2022,converted_regional,ISC,ISC + USGS,2,7422154,usp000d73f,inside_rectangle,accepted_auto,yes,yes,
MZA-00685,2004-10-26T15:43:04.899Z,2004,10,-33.054,-69.151,15,3.4,MD,MD,3.4005,Mendoza2022_Meq_to_Mw,Mendoza/YPF 2022,converted_regional,ISC,ISC + USGS,2,7422293,usp000d74h,inside_rectangle,accepted_auto,yes,yes,
MZA-00686,2004-11-01T19:08:30.500Z,2004,11,-32.417,-69.965,116.5,3.8,MD,MD,3.7885,Mendoza2022_Meq_to_Mw,Mendoza/YPF 2022,converted_regional,ISC,ISC + USGS,2,7429071,usp000d7fw,inside_rectangle,accepted_auto,yes,yes,
MZA-00687,2004-11-06T11:56:04.400Z,2004,11,-32.842,-69.014,5,2.5,ML,ML,2.5275,Mendoza2022_Meq_to_Mw,Mendoza/YPF 2022,converted_regional,ISC,ISC + USGS,2,7431580,usp000d7tg,inside_rectangle,accepted_auto,yes,yes,
MZA-00688,2004-11-09T02:10:44.009Z,2004,11,-32.1905,-67.5111,129.7,4.2,mb,mb,4.0918,Mendoza2022_mb_to_Mw,Mendoza/YPF 2022,converted_regional,ISC,ISC + USGS,2,7433111,usp000d7zs,inside_rectangle,accepted_auto,yes,yes,
MZA-00689,2004-11-09T04:28:52.700Z,2004,11,-32.209,-69.791,133.7,3.3,MD,MD,3.3035,Mendoza2022_Meq_to_Mw,Mendoza/YPF 2022,converted_regional,ISC,ISC + USGS,2,7433151,usp000d7zx,inside_rectangle,accepted_auto,yes,yes,
MZA-00690,2004-11-10T01:06:37.000Z,2004,11,-32.774,-69.678,113.5,2.9,MD,MD,2.9155,Mendoza2022_Meq_to_Mw,Mendoza/YPF 2022,converted_regional,ISC,ISC + USGS,2,7433628,usp000d81z,inside_rectangle,accepted_auto,yes,yes,
MZA-00691,2004-11-10T05:59:48.999Z,2004,11,-32.839,-69.812,102.4,2.7,MD,MD,2.7215,Mendoza2022_Meq_to_Mw,Mendoza/YPF 2022,converted_regional,ISC,ISC + USGS,2,7433737,usp000d82k,inside_rectangle,accepted_auto,yes,yes,
MZA-00692,2004-11-15T06:44:51.800Z,2004,11,-32.324,-69.651,132.4,3.4,MD,MD,3.4005,Mendoza2022_Meq_to_Mw,Mendoza/YPF 2022,converted_regional,ISC,ISC + USGS,2,7436537,usp000d8gr,inside_rectangle,accepted_auto,yes,yes,
MZA-00693,2004-11-17T04:04:03.200Z,2004,11,-32.94,-69.52,131.8,3,MD,MD,3.0125,Mendoza2022_Meq_to_Mw,Mendoza/YPF 2022,converted_regional,ISC,ISC + USGS,2,7437469,usp000d8mm,inside_rectangle,accepted_auto,yes,yes,
MZA-00694,2004-11-19T16:36:41.100Z,2004,11,-32.906,-69.611,101.2,2.4,MD,MD,2.4305,Mendoza2022_Meq_to_Mw,Mendoza/YPF 2022,converted_regional,ISC,ISC,1,7438750,,inside_rectangle,single_source,yes,yes,
MZA-00695,2004-11-20T04:51:02.800Z,2004,11,-33.362,-69.873,4.6,2.6,MD,MD,2.6245,Mendoza2022_Meq_to_Mw,Mendoza/YPF 2022,converted_regional,ISC,ISC,1,7439012,,inside_rectangle,single_source,yes,yes,
MZA-00696,2004-11-21T01:41:57.900Z,2004,11,-33.096,-69.901,113.8,3.8,MD,MD,3.7885,Mendoza2022_Meq_to_Mw,Mendoza/YPF 2022,converted_regional,ISC,ISC + USGS,2,7439454,usp000d8v6,inside_rectangle,accepted_auto,yes,yes,
MZA-00697,2004-11-30T15:33:44.500Z,2004,11,-32.705,-68,144.3,2.9,MD,MD,2.9155,Mendoza2022_Meq_to_Mw,Mendoza/YPF 2022,converted_regional,ISC,ISC + USGS,2,7443813,usp000d9nq,inside_rectangle,accepted_auto,yes,yes,
MZA-00698,2004-12-03T08:47:58.000Z,2004,12,-32.01,-68.464,150.4,3.8,MD,MD,3.7885,Mendoza2022_Meq_to_Mw,Mendoza/YPF 2022,converted_regional,ISC,ISC + USGS,2,7445256,usp000d9wn,inside_rectangle,accepted_auto,yes,yes,
MZA-00699,2004-12-04T20:02:37.000Z,2004,12,-34.649,-69.405,186,2.8,MD,MD,2.8185,Mendoza2022_Meq_to_Mw,Mendoza/YPF 2022,converted_regional,ISC,ISC + USGS,2,7445695,usp000da0x,inside_rectangle,accepted_auto,yes,yes,
MZA-00700,2004-12-05T17:27:05.800Z,2004,12,-33.41,-69.907,6.4,3.6,MD,MD,3.5945,Mendoza2022_Meq_to_Mw,Mendoza/YPF 2022,converted_regional,ISC,ISC + USGS,2,7446014,usp000da44,inside_rectangle,accepted_auto,yes,yes,
MZA-00701,2004-12-06T10:52:31.500Z,2004,12,-32.6,-68.967,163.6,2.6,MD,MD,2.6245,Mendoza2022_Meq_to_Mw,Mendoza/YPF 2022,converted_regional,ISC,ISC + USGS,2,7446197,usp000da6c,inside_rectangle,accepted_auto,yes,yes,
MZA-00702,2004-12-09T06:26:46.999Z,2004,12,-32.011,-69.62,141,3.5,MD,MD,3.4975,Mendoza2022_Meq_to_Mw,Mendoza/YPF 2022,converted_regional,ISC,ISC + USGS,2,7446912,usp000dabn,inside_rectangle,accepted_auto,yes,yes,
MZA-00703,2004-12-10T02:33:41.300Z,2004,12,-33.555,-69.964,120.9,2.7,MD,MD,2.7215,Mendoza2022_Meq_to_Mw,Mendoza/YPF 2022,converted_regional,ISC,ISC,1,8972448,,inside_rectangle,single_source,yes,yes,
MZA-00704,2004-12-11T03:00:36.499Z,2004,12,-33.7985,-68.4565,230.4,4.1,ML,ML,4.0795,Mendoza2022_Meq_to_Mw,Mendoza/YPF 2022,converted_regional,ISC,ISC + USGS,2,7447467,usp000daez,inside_rectangle,accepted_manual_location_uncertainty,yes,yes,Match con discrepancia espacial moderada.
MZA-00705,2004-12-11T21:27:59.700Z,2004,12,-32.905,-69.267,4.4,3.4,MD,MD,3.4005,Mendoza2022_Meq_to_Mw,Mendoza/YPF 2022,converted_regional,ISC,ISC + USGS,2,7447657,usp000dagf,inside_rectangle,accepted_auto,yes,yes,
MZA-00706,2004-12-15T15:46:55.500Z,2004,12,-32.111,-69.569,123.2,2.8,MD,MD,2.8185,Mendoza2022_Meq_to_Mw,Mendoza/YPF 2022,converted_regional,ISC,ISC + USGS,2,7448843,usp000das6,inside_rectangle,accepted_auto,yes,yes,
MZA-00707,2004-12-16T02:47:43.600Z,2004,12,-32.661,-69.32,121.2,2.5,ML,ML,2.5275,Mendoza2022_Meq_to_Mw,Mendoza/YPF 2022,converted_regional,ISC,ISC,1,8972567,,inside_rectangle,single_source,yes,yes,
MZA-00708,2004-12-17T19:11:08.800Z,2004,12,-33.4643,-68.8413,18,4.5,mb,mb,4.258,Mendoza2022_mb_to_Mw,Mendoza/YPF 2022,converted_regional,ISC,ISC + USGS,2,7449465,usp000dawx,inside_rectangle,accepted_auto,yes,yes,
MZA-00709,2004-12-30T22:21:55.400Z,2004,12,-33.4158,-68.4205,4.6,4.2,mb,mb,4.0918,Mendoza2022_mb_to_Mw,Mendoza/YPF 2022,converted_regional,ISC,ISC + USGS,2,7457631,usp000dc82,inside_rectangle,accepted_auto,yes,yes,
MZA-00710,2005-01-08T00:39:00.100Z,2005,1,-32.7,-69.853,128.3,3.1,MD,MD,3.1095,Mendoza2022_Meq_to_Mw,Mendoza/YPF 2022,converted_regional,ISC,ISC + USGS,2,7459990,usp000dcrt,inside_rectangle,accepted_auto,yes,yes,
MZA-00711,2005-01-11T11:29:22.000Z,2005,1,-33.121,-69.945,102.8,2.3,MD,MD,2.3335,Mendoza2022_Meq_to_Mw,Mendoza/YPF 2022,converted_regional,ISC,ISC,1,9028349,,inside_rectangle,single_source,yes,yes,
MZA-00712,2005-01-12T00:25:26.600Z,2005,1,-32.117,-69.62,149.3,3.8,MD,MD,3.7885,Mendoza2022_Meq_to_Mw,Mendoza/YPF 2022,converted_regional,ISC,ISC + USGS,2,7460868,usp000dd4h,inside_rectangle,accepted_auto,yes,yes,
MZA-00713,2005-01-14T07:49:58.000Z,2005,1,-33.398,-68.998,5,3.2,MD,MD,3.2065,Mendoza2022_Meq_to_Mw,Mendoza/YPF 2022,converted_regional,ISC,ISC + USGS,2,7461430,usp000dda5,inside_rectangle,accepted_auto,yes,yes,
MZA-00714,2005-01-15T01:09:45.790Z,2005,1,-32.298,-69.511,103.3,3.2,MD,MD,3.2065,Mendoza2022_Meq_to_Mw,Mendoza/YPF 2022,converted_regional,ISC,ISC + USGS,2,7461658,usp000ddbx,inside_rectangle,accepted_auto,yes,yes,
MZA-00715,2005-01-16T20:06:22.900Z,2005,1,-34.238,-69.733,12,3.3,MD,MD,3.3035,Mendoza2022_Meq_to_Mw,Mendoza/YPF 2022,converted_regional,ISC,ISC,1,9028454,,inside_rectangle,single_source,yes,yes,
MZA-00716,2005-01-23T01:44:45.800Z,2005,1,-32.005,-69.846,132.1,2.4,MD,MD,2.4305,Mendoza2022_Meq_to_Mw,Mendoza/YPF 2022,converted_regional,ISC,ISC,1,8958125,,inside_rectangle,single_source,yes,yes,
MZA-00717,2005-01-23T04:13:25.500Z,2005,1,-33.075,-69.004,10,2.2,ML,ML,2.2365,Mendoza2022_Meq_to_Mw,Mendoza/YPF 2022,converted_regional,ISC,ISC,1,8958127,,inside_rectangle,single_source,yes,yes,
MZA-00718,2005-01-26T21:48:50.200Z,2005,1,-33.705,-69.861,1.7,3.3,MD,MD,3.3035,Mendoza2022_Meq_to_Mw,Mendoza/YPF 2022,converted_regional,ISC,ISC,1,8958185,,inside_rectangle,single_source,yes,yes,
MZA-00719,2005-02-06T13:26:12.400Z,2005,2,-34.831,-69.703,158.4,3.4,MD,MD,3.4005,Mendoza2022_Meq_to_Mw,Mendoza/YPF 2022,converted_regional,ISC,ISC + USGS,2,7470450,usp000dfm9,inside_rectangle,accepted_auto,yes,yes,
MZA-00720,2005-02-06T23:58:07.200Z,2005,2,-33.911,-69.54,159.6,2.6,MD,MD,2.6245,Mendoza2022_Meq_to_Mw,Mendoza/YPF 2022,converted_regional,ISC,ISC + USGS,2,7470538,usp000dfn3,inside_rectangle,accepted_auto,yes,yes,
MZA-00721,2005-02-07T18:36:46.300Z,2005,2,-34.243,-69.621,0,4.1,MD,MD,4.0795,Mendoza2022_Meq_to_Mw,Mendoza/YPF 2022,converted_regional,ISC,ISC + USGS,2,7470656,usp000dfp1,inside_rectangle,accepted_auto,yes,yes,
MZA-00722,2005-02-07T19:04:14.100Z,2005,2,-34.207,-69.577,2.3,3.7,MD,MD,3.6915,Mendoza2022_Meq_to_Mw,Mendoza/YPF 2022,converted_regional,ISC,ISC + USGS,2,7470665,usp000dfp4,inside_rectangle,accepted_manual_strong,yes,yes,
MZA-00723,2005-02-10T04:26:51.100Z,2005,2,-32.429,-69.972,120.4,3,MD,MD,3.0125,Mendoza2022_Meq_to_Mw,Mendoza/YPF 2022,converted_regional,ISC,ISC,1,7471197,,inside_rectangle,single_source,yes,yes,
MZA-00724,2005-02-13T14:28:03.300Z,2005,2,-32.47,-69.908,125.4,2.9,MD,MD,2.9155,Mendoza2022_Meq_to_Mw,Mendoza/YPF 2022,converted_regional,ISC,ISC + USGS,2,7471909,usp000dg23,inside_rectangle,accepted_auto,yes,yes,
MZA-00725,2005-02-18T10:32:19.020Z,2005,2,-34.7724,-69.7335,2.3,4.4,MD,MD,4.3705,Mendoza2022_Meq_to_Mw,Mendoza/YPF 2022,converted_regional,ISC,ISC + USGS,2,7473089,usp000dgeg,inside_rectangle,accepted_manual_location_uncertainty,yes,yes,Match con discrepancia espacial moderada.
MZA-00726,2005-02-19T22:19:53.000Z,2005,2,-35.482,-69.587,212.9,2.9,MD,MD,2.9155,Mendoza2022_Meq_to_Mw,Mendoza/YPF 2022,converted_regional,ISC,ISC + USGS,2,7473404,usp000dghu,inside_rectangle,accepted_auto,yes,yes,
MZA-00727,2005-02-20T11:41:25.499Z,2005,2,-32.904,-69.575,146,2.9,MD,MD,2.9155,Mendoza2022_Meq_to_Mw,Mendoza/YPF 2022,converted_regional,ISC,ISC + USGS,2,7473564,usp000dgk4,inside_rectangle,accepted_auto,yes,yes,
MZA-00728,2005-02-27T14:03:04.599Z,2005,2,-33.579,-68.274,10,3.6,MD,MD,3.5945,Mendoza2022_Meq_to_Mw,Mendoza/YPF 2022,converted_regional,ISC,ISC,1,7475647,,inside_rectangle,single_source,yes,yes,
MZA-00729,2005-03-01T03:25:36.000Z,2005,3,-32.097,-69.611,138.8,3.4,MD,MD,3.4005,Mendoza2022_Meq_to_Mw,Mendoza/YPF 2022,converted_regional,ISC,ISC + USGS,2,7736586,usp000dh8h,inside_rectangle,accepted_auto,yes,yes,
MZA-00730,2005-03-01T08:29:47.699Z,2005,3,-32.68,-69.437,134.9,3.3,MD,MD,3.3035,Mendoza2022_Meq_to_Mw,Mendoza/YPF 2022,converted_regional,ISC,ISC + USGS,2,7736634,usp000dh91,inside_rectangle,accepted_auto,yes,yes,
MZA-00731,2005-03-15T02:01:25.200Z,2005,3,-33.417,-69.578,1.5,3.6,MD,MD,3.5945,Mendoza2022_Meq_to_Mw,Mendoza/YPF 2022,converted_regional,ISC,ISC,1,7481188,,inside_rectangle,single_source,yes,yes,
MZA-00732,2005-03-23T06:22:45.900Z,2005,3,-32.45,-69.967,120.5,2.7,MD,MD,2.7215,Mendoza2022_Meq_to_Mw,Mendoza/YPF 2022,converted_regional,ISC,ISC + USGS,2,7484140,usp000djvd,inside_rectangle,accepted_auto,yes,yes,
MZA-00733,2005-03-23T11:18:02.600Z,2005,3,-33.586,-68.624,15,3.5,MD,MD,3.4975,Mendoza2022_Meq_to_Mw,Mendoza/YPF 2022,converted_regional,ISC,ISC,1,7484231,,inside_rectangle,single_source,yes,yes,
MZA-00734,2005-03-23T11:26:35.300Z,2005,3,-33.572,-68.678,17,3.3,MD,MD,3.3035,Mendoza2022_Meq_to_Mw,Mendoza/YPF 2022,converted_regional,ISC,ISC,1,7484232,,inside_rectangle,single_source,yes,yes,
MZA-00735,2005-03-26T22:43:14.200Z,2005,3,-32.029,-69.837,168.7,2.4,MD,MD,2.4305,Mendoza2022_Meq_to_Mw,Mendoza/YPF 2022,converted_regional,ISC,ISC,1,7485495,,inside_rectangle,single_source,yes,yes,
MZA-00736,2005-03-29T14:43:10.600Z,2005,3,-32.8,-68.752,5,4,MD,MD,3.9825,Mendoza2022_Meq_to_Mw,Mendoza/YPF 2022,converted_regional,ISC,ISC + USGS,2,7486800,usp000dkh2,inside_rectangle,accepted_auto,yes,yes,
MZA-00737,2005-03-30T08:24:54.600Z,2005,3,-33.915,-68.624,13.8,3.5,MD,MD,3.4975,Mendoza2022_Meq_to_Mw,Mendoza/YPF 2022,converted_regional,ISC,ISC + USGS,2,7487170,usp000dkmv,inside_rectangle,accepted_auto,yes,yes,
MZA-00738,2005-03-30T17:26:00.300Z,2005,3,-32.304,-69.729,129.9,2.6,MD,MD,2.6245,Mendoza2022_Meq_to_Mw,Mendoza/YPF 2022,converted_regional,ISC,ISC + USGS,2,7487367,usp000dkpg,inside_rectangle,accepted_auto,yes,yes,
MZA-00739,2005-04-03T04:25:12.400Z,2005,4,-33.744,-68.562,11.7,3.1,MD,MD,3.1095,Mendoza2022_Meq_to_Mw,Mendoza/YPF 2022,converted_regional,ISC,ISC + USGS,2,7695135,usp000dm2d,inside_rectangle,accepted_auto,yes,yes,
MZA-00740,2005-04-07T09:50:56.400Z,2005,4,-32.42,-69.894,134.1,2.4,MD,MD,2.4305,Mendoza2022_Meq_to_Mw,Mendoza/YPF 2022,converted_regional,ISC,ISC,1,9758677,,inside_rectangle,single_source,yes,yes,
MZA-00741,2005-04-10T17:34:25.800Z,2005,4,-33.004,-68.931,9,3.7,MD,MD,3.6915,Mendoza2022_Meq_to_Mw,Mendoza/YPF 2022,converted_regional,ISC,ISC + USGS,2,7695282,usp000dmxn,inside_rectangle,accepted_auto,yes,yes,
MZA-00742,2005-04-17T18:29:08.530Z,2005,4,-33.3369,-69.7907,2.1,4.2,mb,mb,4.0918,Mendoza2022_mb_to_Mw,Mendoza/YPF 2022,converted_regional,ISC,ISC + USGS,2,7695442,usp000dnm6,inside_rectangle,accepted_auto,yes,yes,
MZA-00743,2005-04-17T19:18:12.300Z,2005,4,-34.387,-69.941,0.3,3.1,MD,MD,3.1095,Mendoza2022_Meq_to_Mw,Mendoza/YPF 2022,converted_regional,ISC,ISC,1,9758878,,inside_rectangle,single_source,yes,yes,
MZA-00744,2005-04-17T20:21:10.500Z,2005,4,-33.345,-69.817,4.3,3.3,MD,MD,3.3035,Mendoza2022_Meq_to_Mw,Mendoza/YPF 2022,converted_regional,ISC,ISC,1,9758879,,inside_rectangle,single_source,yes,yes,
MZA-00745,2005-04-18T10:15:57.700Z,2005,4,-32.456,-69.929,123.8,2.3,MD,MD,2.3335,Mendoza2022_Meq_to_Mw,Mendoza/YPF 2022,converted_regional,ISC,ISC,1,9758898,,inside_rectangle,single_source,yes,yes,
MZA-00746,2005-04-20T00:34:49.200Z,2005,4,-32.263,-68.636,143,3.2,MD,MD,3.2065,Mendoza2022_Meq_to_Mw,Mendoza/YPF 2022,converted_regional,ISC,ISC + USGS,2,7695493,usp000dnsy,inside_rectangle,accepted_auto,yes,yes,
MZA-00747,2005-04-20T06:57:49.600Z,2005,4,-32.04,-69.779,138.1,3.6,MD,MD,3.5945,Mendoza2022_Meq_to_Mw,Mendoza/YPF 2022,converted_regional,ISC,ISC + USGS,2,7695497,usp000dnth,inside_rectangle,accepted_auto,yes,yes,
MZA-00748,2005-04-21T01:37:22.300Z,2005,4,-32.276,-68.938,171.7,2.8,MD,MD,2.8185,Mendoza2022_Meq_to_Mw,Mendoza/YPF 2022,converted_regional,ISC,ISC + USGS,2,7695534,usp000dnvv,inside_rectangle,accepted_auto,yes,yes,
MZA-00749,2005-04-23T20:35:58.470Z,2005,4,-32.9238,-68.1268,156,4.6,mb,mb,4.3134,Mendoza2022_mb_to_Mw,Mendoza/YPF 2022,converted_regional,ISC,ISC + USGS,2,7494330,usp000dp2t,inside_rectangle,accepted_auto,yes,yes,
MZA-00750,2005-04-26T05:56:54.700Z,2005,4,-34.233,-69.287,12,3.4,MD,MD,3.4005,Mendoza2022_Meq_to_Mw,Mendoza/YPF 2022,converted_regional,ISC,ISC + USGS,2,7695638,usp000dp8z,inside_rectangle,accepted_auto,yes,yes,
MZA-00751,2005-04-27T01:29:08.600Z,2005,4,-32.641,-69.969,121.5,3.2,MD,MD,3.2065,Mendoza2022_Meq_to_Mw,Mendoza/YPF 2022,converted_regional,ISC,ISC + USGS,2,7695655,usp000dpba,inside_rectangle,accepted_auto,yes,yes,
MZA-00752,2005-05-01T07:07:34.000Z,2005,5,-33.001,-69.175,1.7,3.5,MD,MD,3.4975,Mendoza2022_Meq_to_Mw,Mendoza/YPF 2022,converted_regional,ISC,ISC + USGS,2,7378301,usp000dpnx,inside_rectangle,accepted_auto,yes,yes,
MZA-00753,2005-05-05T06:34:37.199Z,2005,5,-33.358,-68.516,15,2.3,ML,ML,2.3335,Mendoza2022_Meq_to_Mw,Mendoza/YPF 2022,converted_regional,ISC,ISC,1,9768177,,inside_rectangle,single_source,yes,yes,
MZA-00754,2005-05-06T01:56:18.100Z,2005,5,-32.988,-68.17,11,3.7,MD,MD,3.6915,Mendoza2022_Meq_to_Mw,Mendoza/YPF 2022,converted_regional,ISC,ISC + USGS,2,7695834,usp000dq0m,inside_rectangle,accepted_manual_location_uncertainty,yes,yes,Match con discrepancia espacial moderada.
MZA-00755,2005-05-06T04:29:54.690Z,2005,5,-32.099,-69.189,132.1,3.2,MD,MD,3.2065,Mendoza2022_Meq_to_Mw,Mendoza/YPF 2022,converted_regional,ISC,ISC + USGS,2,7695836,usp000dq15,inside_rectangle,accepted_auto,yes,yes,
MZA-00756,2005-05-06T13:50:43.700Z,2005,5,-32.437,-68.768,4.6,3.7,MD,MD,3.6915,Mendoza2022_Meq_to_Mw,Mendoza/YPF 2022,converted_regional,ISC,ISC + USGS,2,7695843,usp000dq2f,inside_rectangle,accepted_auto,yes,yes,
MZA-00757,2005-05-06T14:58:48.500Z,2005,5,-33.687,-69.863,113.9,2.2,MD,MD,2.2365,Mendoza2022_Meq_to_Mw,Mendoza/YPF 2022,converted_regional,ISC,ISC,1,9768199,,inside_rectangle,single_source,yes,yes,
MZA-00758,2005-05-09T01:21:51.400Z,2005,5,-33.393,-69.113,5,3.9,MD,MD,3.8855,Mendoza2022_Meq_to_Mw,Mendoza/YPF 2022,converted_regional,ISC,ISC + USGS,2,7379487,usp000dq8a,inside_rectangle,accepted_manual_strong,yes,yes,
MZA-00759,2005-05-11T04:14:23.200Z,2005,5,-32.499,-69.852,120.9,2.5,MD,MD,2.5275,Mendoza2022_Meq_to_Mw,Mendoza/YPF 2022,converted_regional,ISC,ISC + USGS,2,7379920,usp000dqf2,inside_rectangle,accepted_auto,yes,yes,
MZA-00760,2005-05-11T12:53:55.900Z,2005,5,-33.362,-69.826,2.2,3.6,MD,MD,3.5945,Mendoza2022_Meq_to_Mw,Mendoza/YPF 2022,converted_regional,ISC,ISC,1,9768297,,inside_rectangle,single_source,yes,yes,
MZA-00761,2005-05-14T10:53:37.100Z,2005,5,-33.352,-69.828,0.4,3.9,MD,MD,3.8855,Mendoza2022_Meq_to_Mw,Mendoza/YPF 2022,converted_regional,ISC,ISC + USGS,2,7695996,usp000dqsv,inside_rectangle,accepted_manual_strong,yes,yes,
MZA-00762,2005-05-15T12:40:34.300Z,2005,5,-33.637,-68.759,11.6,2.6,ML,ML,2.6245,Mendoza2022_Meq_to_Mw,Mendoza/YPF 2022,converted_regional,ISC,ISC + USGS,2,7696015,usp000dqvt,inside_rectangle,accepted_auto,yes,yes,
MZA-00763,2005-05-16T03:03:24.000Z,2005,5,-32.334,-69.959,140.8,2.5,MD,MD,2.5275,Mendoza2022_Meq_to_Mw,Mendoza/YPF 2022,converted_regional,ISC,ISC + USGS,2,7696033,usp000dqxu,inside_rectangle,accepted_auto,yes,yes,
MZA-00764,2005-05-17T00:06:20.500Z,2005,5,-32.049,-68.516,0,3.1,ML,ML,3.1095,Mendoza2022_Meq_to_Mw,Mendoza/YPF 2022,converted_regional,ISC,ISC + USGS,2,7696053,usp000dqzv,inside_rectangle,accepted_auto,yes,yes,
MZA-00765,2005-05-19T12:20:45.610Z,2005,5,-32.7235,-69.942,110.4,4.7,mb,mb,4.3688,Mendoza2022_mb_to_Mw,Mendoza/YPF 2022,converted_regional,ISC,ISC + USGS,2,7381515,usp000dr5n,inside_rectangle,accepted_auto,yes,yes,
MZA-00766,2005-05-20T10:30:07.700Z,2005,5,-32.39,-69.954,122,2.5,MD,MD,2.5275,Mendoza2022_Meq_to_Mw,Mendoza/YPF 2022,converted_regional,ISC,ISC + USGS,2,7696114,usp000dr7b,inside_rectangle,accepted_auto,yes,yes,
MZA-00767,2005-05-25T20:26:37.599Z,2005,5,-32.367,-69.745,107.7,3.1,MD,MD,3.1095,Mendoza2022_Meq_to_Mw,Mendoza/YPF 2022,converted_regional,ISC,ISC,1,9768582,,inside_rectangle,single_source,yes,yes,
MZA-00768,2005-05-29T19:58:13.400Z,2005,5,-32.506,-69.897,127.7,2.7,MD,MD,2.7215,Mendoza2022_Meq_to_Mw,Mendoza/YPF 2022,converted_regional,ISC,ISC + USGS,2,7696300,usp000drum,inside_rectangle,accepted_auto,yes,yes,
MZA-00769,2005-06-05T04:52:37.400Z,2005,6,-32.223,-69.728,136.3,3.1,MD,MD,3.1095,Mendoza2022_Meq_to_Mw,Mendoza/YPF 2022,converted_regional,ISC,ISC + USGS,2,7696439,usp000ds8r,inside_rectangle,accepted_auto,yes,yes,
MZA-00770,2005-06-06T11:37:43.599Z,2005,6,-34.151,-68.615,18,4,ML,ML,3.9825,Mendoza2022_Meq_to_Mw,Mendoza/YPF 2022,converted_regional,ISC,ISC + USGS,2,7696459,usp000dsbs,inside_rectangle,accepted_auto,yes,yes,
MZA-00771,2005-06-06T12:03:50.400Z,2005,6,-33.809,-68.581,15,3.3,MD,MD,3.3035,Mendoza2022_Meq_to_Mw,Mendoza/YPF 2022,converted_regional,ISC,ISC + USGS,2,7696462,usp000dsbv,inside_rectangle,accepted_auto,yes,yes,
MZA-00772,2005-06-08T05:47:42.000Z,2005,6,-33.021,-68.712,14.4,3.1,MD,MD,3.1095,Mendoza2022_Meq_to_Mw,Mendoza/YPF 2022,converted_regional,ISC,ISC + USGS,2,7696495,usp000dsgj,inside_rectangle,accepted_auto,yes,yes,
MZA-00773,2005-06-14T00:12:17.300Z,2005,6,-32.916,-69.856,129.7,2.9,MD,MD,2.9155,Mendoza2022_Meq_to_Mw,Mendoza/YPF 2022,converted_regional,ISC,ISC + USGS,2,7666173,usp000dswe,inside_rectangle,accepted_auto,yes,yes,
MZA-00774,2005-06-15T04:01:56.999Z,2005,6,-33.936,-68.423,18.8,3.8,MD,MD,3.7885,Mendoza2022_Meq_to_Mw,Mendoza/YPF 2022,converted_regional,ISC,ISC + USGS,2,7666236,usp000dt2p,inside_rectangle,accepted_auto,yes,yes,
MZA-00775,2005-06-16T09:45:42.100Z,2005,6,-34.335,-69.859,154.6,3.1,MD,MD,3.1095,Mendoza2022_Meq_to_Mw,Mendoza/YPF 2022,converted_regional,ISC,ISC + USGS,2,7666257,usp000dt6d,inside_rectangle,accepted_auto,yes,yes,
MZA-00776,2005-06-19T12:22:09.100Z,2005,6,-33.133,-69.783,126.7,3.1,MD,MD,3.1095,Mendoza2022_Meq_to_Mw,Mendoza/YPF 2022,converted_regional,ISC,ISC + USGS,2,7666341,usp000dtex,inside_rectangle,accepted_auto,yes,yes,
MZA-00777,2005-06-20T06:32:09.200Z,2005,6,-32.8466,-68.1706,0.1,4.4,mb,mb,4.2026,Mendoza2022_mb_to_Mw,Mendoza/YPF 2022,converted_regional,ISC,ISC + USGS,2,7144337,usp000dtgt,inside_rectangle,accepted_auto,yes,yes,
MZA-00778,2005-06-21T14:31:21.600Z,2005,6,-32.307,-69.89,127.6,2.4,MD,MD,2.4305,Mendoza2022_Meq_to_Mw,Mendoza/YPF 2022,converted_regional,ISC,ISC,1,7666416,,inside_rectangle,single_source,yes,yes,
MZA-00779,2005-06-25T13:52:33.200Z,2005,6,-32.146,-68.484,179.5,3.6,MD,MD,3.5945,Mendoza2022_Meq_to_Mw,Mendoza/YPF 2022,converted_regional,ISC,ISC + USGS,2,7666552,usp000dtvz,inside_rectangle,accepted_auto,yes,yes,
MZA-00780,2005-07-03T14:44:25.700Z,2005,7,-32.627,-69.979,119.2,2.9,MD,MD,2.9155,Mendoza2022_Meq_to_Mw,Mendoza/YPF 2022,converted_regional,ISC,ISC + USGS,2,7362918,usp000duef,inside_rectangle,accepted_auto,yes,yes,
MZA-00781,2005-07-04T19:54:10.200Z,2005,7,-32.734,-68.826,154.9,3.6,MD,MD,3.5945,Mendoza2022_Meq_to_Mw,Mendoza/YPF 2022,converted_regional,ISC,ISC + USGS,2,7667212,usp000duhr,inside_rectangle,accepted_auto,yes,yes,
MZA-00782,2005-07-06T01:20:00.200Z,2005,7,-33.461,-68.836,10,3.2,MD,MD,3.2065,Mendoza2022_Meq_to_Mw,Mendoza/YPF 2022,converted_regional,ISC,ISC,1,7667340,,inside_rectangle,single_source,yes,yes,
MZA-00783,2005-07-07T10:34:58.600Z,2005,7,-32.323,-69.812,123.8,2.9,MD,MD,2.9155,Mendoza2022_Meq_to_Mw,Mendoza/YPF 2022,converted_regional,ISC,ISC + USGS,2,7667474,usp000duq2,inside_rectangle,accepted_auto,yes,yes,
MZA-00784,2005-07-08T10:37:28.800Z,2005,7,-33.244,-68.549,5.4,4,MD,MD,3.9825,Mendoza2022_Meq_to_Mw,Mendoza/YPF 2022,converted_regional,ISC,ISC + USGS,2,7667561,usp000dus7,inside_rectangle,accepted_auto,yes,yes,
MZA-00785,2005-07-11T15:03:31.700Z,2005,7,-33.352,-69.976,123.5,3.2,MD,MD,3.2065,Mendoza2022_Meq_to_Mw,Mendoza/YPF 2022,converted_regional,ISC,ISC + USGS,2,7667826,usp000dv00,inside_rectangle,accepted_auto,yes,yes,
MZA-00786,2005-07-13T04:11:24.200Z,2005,7,-32.835,-68.805,14,4.1,MD,MD,4.0795,Mendoza2022_Meq_to_Mw,Mendoza/YPF 2022,converted_regional,ISC,ISC + USGS,2,7363840,usp000dv3q,inside_rectangle,accepted_auto,yes,yes,
MZA-00787,2005-07-14T02:16:36.900Z,2005,7,-32.05,-68.718,166.9,3.1,MD,MD,3.1095,Mendoza2022_Meq_to_Mw,Mendoza/YPF 2022,converted_regional,ISC,ISC + USGS,2,7668060,usp000dv5h,inside_rectangle,accepted_auto,yes,yes,
MZA-00788,2005-07-14T20:19:08.600Z,2005,7,-33.603,-68.561,15.1,3.1,MD,MD,3.1095,Mendoza2022_Meq_to_Mw,Mendoza/YPF 2022,converted_regional,ISC,ISC,1,7668118,,inside_rectangle,single_source,yes,yes,
MZA-00789,2005-07-17T20:08:18.200Z,2005,7,-32.838,-68.215,10,3.8,MD,MD,3.7885,Mendoza2022_Meq_to_Mw,Mendoza/YPF 2022,converted_regional,ISC,ISC + USGS,2,7668385,usp000dvdd,inside_rectangle,accepted_auto,yes,yes,
MZA-00790,2005-07-19T15:12:39.200Z,2005,7,-32.082,-69.452,153.7,3.2,MD,MD,3.2065,Mendoza2022_Meq_to_Mw,Mendoza/YPF 2022,converted_regional,ISC,ISC + USGS,2,7668594,usp000dvh0,inside_rectangle,accepted_manual_location_uncertainty,yes,yes,Match con discrepancia espacial moderada.
MZA-00791,2005-07-19T18:16:11.900Z,2005,7,-33.427,-68.849,11.7,3.3,MD,MD,3.3035,Mendoza2022_Meq_to_Mw,Mendoza/YPF 2022,converted_regional,ISC,ISC + USGS,2,7668602,usp000dvhb,inside_rectangle,accepted_auto,yes,yes,
MZA-00792,2005-07-19T18:42:09.600Z,2005,7,-33.401,-68.885,8.8,3.7,MD,MD,3.6915,Mendoza2022_Meq_to_Mw,Mendoza/YPF 2022,converted_regional,ISC,ISC + USGS,2,7668605,usp000dvhd,inside_rectangle,accepted_auto,yes,yes,
MZA-00793,2005-07-20T09:43:11.800Z,2005,7,-33.106,-68.989,2.6,3.4,MD,MD,3.4005,Mendoza2022_Meq_to_Mw,Mendoza/YPF 2022,converted_regional,ISC,ISC,1,7668657,,inside_rectangle,single_source,yes,yes,
MZA-00794,2005-07-21T15:11:50.699Z,2005,7,-34.362,-69.901,2.5,3,MD,MD,3.0125,Mendoza2022_Meq_to_Mw,Mendoza/YPF 2022,converted_regional,ISC,ISC,1,7668767,,inside_rectangle,single_source,yes,yes,
MZA-00795,2005-07-25T01:36:53.800Z,2005,7,-32.898,-68.649,3.8,3.7,MD,MD,3.6915,Mendoza2022_Meq_to_Mw,Mendoza/YPF 2022,converted_regional,ISC,ISC + USGS,2,7669100,usp000dvux,inside_rectangle,accepted_auto,yes,yes,
MZA-00796,2005-07-25T23:33:27.300Z,2005,7,-32.598,-69.944,119.9,2.4,MD,MD,2.4305,Mendoza2022_Meq_to_Mw,Mendoza/YPF 2022,converted_regional,ISC,ISC,1,7669171,,inside_rectangle,single_source,yes,yes,
MZA-00797,2005-07-26T11:02:07.400Z,2005,7,-32.639,-69.06,152.4,3.2,MD,MD,3.2065,Mendoza2022_Meq_to_Mw,Mendoza/YPF 2022,converted_regional,ISC,ISC + USGS,2,7669206,usp000dvz9,inside_rectangle,accepted_auto,yes,yes,
MZA-00798,2005-07-26T19:43:11.000Z,2005,7,-33.491,-69.977,5.8,3.2,MD,MD,3.2065,Mendoza2022_Meq_to_Mw,Mendoza/YPF 2022,converted_regional,ISC,ISC,1,7669235,,inside_rectangle,single_source,yes,yes,
MZA-00799,2005-07-29T04:59:57.699Z,2005,7,-32.621,-69.648,100.4,2.8,MD,MD,2.8185,Mendoza2022_Meq_to_Mw,Mendoza/YPF 2022,converted_regional,ISC,ISC + USGS,2,7669404,usp000dw62,inside_rectangle,accepted_auto,yes,yes,
MZA-00800,2005-07-29T13:02:41.700Z,2005,7,-33.618,-69.999,10,3.1,MD,MD,3.1095,Mendoza2022_Meq_to_Mw,Mendoza/YPF 2022,converted_regional,ISC,ISC,1,7669421,,inside_rectangle,single_source,yes,yes,
MZA-00801,2005-07-29T23:18:02.700Z,2005,7,-32.745,-69.28,0.2,3,MD,MD,3.0125,Mendoza2022_Meq_to_Mw,Mendoza/YPF 2022,converted_regional,ISC,ISC + USGS,2,7669458,usp000dw8g,inside_rectangle,accepted_auto,yes,yes,
MZA-00802,2005-07-31T23:07:31.900Z,2005,7,-32.114,-69.682,130.7,2.9,MD,MD,2.9155,Mendoza2022_Meq_to_Mw,Mendoza/YPF 2022,converted_regional,ISC,ISC + USGS,2,7669754,usp000dwds,inside_rectangle,accepted_auto,yes,yes,
MZA-00803,2005-08-02T02:42:03.700Z,2005,8,-32.654,-69.417,132.5,2.6,ML,ML,2.6245,Mendoza2022_Meq_to_Mw,Mendoza/YPF 2022,converted_regional,ISC,ISC,1,9768777,,inside_rectangle,single_source,yes,yes,
MZA-00804,2005-08-04T01:03:44.000Z,2005,8,-32.427,-69.167,27.5,3.6,MD,MD,3.5945,Mendoza2022_Meq_to_Mw,Mendoza/YPF 2022,converted_regional,ISC,ISC + USGS,2,7992555,usp000dwm9,inside_rectangle,accepted_auto,yes,yes,
MZA-00805,2005-08-05T10:11:36.000Z,2005,8,-32.441,-69.924,131.9,2.7,MD,MD,2.7215,Mendoza2022_Meq_to_Mw,Mendoza/YPF 2022,converted_regional,ISC,ISC + USGS,2,7396068,usp000dwqx,inside_rectangle,accepted_auto,yes,yes,
MZA-00806,2005-08-08T02:17:12.500Z,2005,8,-32.159,-69.839,130.7,2.6,MD,MD,2.6245,Mendoza2022_Meq_to_Mw,Mendoza/YPF 2022,converted_regional,ISC,ISC + USGS,2,7396271,usp000dwxg,inside_rectangle,accepted_auto,yes,yes,
MZA-00807,2005-08-11T07:42:12.800Z,2005,8,-32.504,-69.756,108.9,2.1,MD,MD,2.1395,Mendoza2022_Meq_to_Mw,Mendoza/YPF 2022,converted_regional,ISC,ISC,1,9769582,,inside_rectangle,single_source,yes,yes,
MZA-00808,2005-08-12T08:41:18.600Z,2005,8,-33.792,-69.841,135.1,3,MD,MD,3.0125,Mendoza2022_Meq_to_Mw,Mendoza/YPF 2022,converted_regional,ISC,ISC + USGS,2,7992720,usp000dx6c,inside_rectangle,accepted_auto,yes,yes,
MZA-00809,2005-08-23T19:14:07.240Z,2005,8,-32.8184,-68.7901,19.6,4.7,mb,mb,4.3688,Mendoza2022_mb_to_Mw,Mendoza/YPF 2022,converted_regional,ISC,ISC + USGS,2,7552865,usp000dxwz,inside_rectangle,accepted_auto,yes,yes,
MZA-00810,2005-08-24T21:54:24.300Z,2005,8,-32.879,-69.168,8,3.7,MD,MD,3.6915,Mendoza2022_Meq_to_Mw,Mendoza/YPF 2022,converted_regional,ISC,ISC + USGS,2,7552961,usp000dxzq,inside_rectangle,accepted_auto,yes,yes,
MZA-00811,2005-08-27T07:27:31.700Z,2005,8,-32.409,-69.864,115.5,2.5,MD,MD,2.5275,Mendoza2022_Meq_to_Mw,Mendoza/YPF 2022,converted_regional,ISC,ISC + USGS,2,7993019,usp000dy4x,inside_rectangle,accepted_auto,yes,yes,
MZA-00812,2005-08-29T18:03:30.600Z,2005,8,-33.248,-69.88,107.3,3.1,MD,MD,3.1095,Mendoza2022_Meq_to_Mw,Mendoza/YPF 2022,converted_regional,ISC,ISC + USGS,2,7993065,usp000dy9r,inside_rectangle,accepted_auto,yes,yes,
MZA-00813,2005-09-03T11:23:39.600Z,2005,9,-34.254,-69.526,13.1,3.5,MD,MD,3.4975,Mendoza2022_Meq_to_Mw,Mendoza/YPF 2022,converted_regional,ISC,ISC + USGS,2,7993183,usp000dyp8,inside_rectangle,accepted_auto,yes,yes,
MZA-00814,2005-09-03T11:25:34.200Z,2005,9,-34.271,-69.503,13.5,3.5,MD,MD,3.4975,Mendoza2022_Meq_to_Mw,Mendoza/YPF 2022,converted_regional,ISC,ISC + USGS,2,7993184,usp000dyp9,inside_rectangle,accepted_auto,yes,yes,
MZA-00815,2005-09-04T11:38:03.700Z,2005,9,-34.232,-69.554,3.8,3.4,MD,MD,3.4005,Mendoza2022_Meq_to_Mw,Mendoza/YPF 2022,converted_regional,ISC,ISC,1,9771257,,inside_rectangle,single_source,yes,yes,
MZA-00816,2005-09-04T15:06:53.299Z,2005,9,-32.358,-69.951,99.2,2.9,MD,MD,2.9155,Mendoza2022_Meq_to_Mw,Mendoza/YPF 2022,converted_regional,ISC,ISC + USGS,2,7993220,usp000dyrr,inside_rectangle,accepted_auto,yes,yes,
MZA-00817,2005-09-05T22:12:12.700Z,2005,9,-32.354,-69.909,129.6,2.4,MD,MD,2.4305,Mendoza2022_Meq_to_Mw,Mendoza/YPF 2022,converted_regional,ISC,ISC,1,9771282,,inside_rectangle,single_source,yes,yes,
MZA-00818,2005-09-09T12:04:42.300Z,2005,9,-35.025,-68.498,0.8,3.2,MD,MD,3.2065,Mendoza2022_Meq_to_Mw,Mendoza/YPF 2022,converted_regional,ISC,ISC,1,9771400,,inside_rectangle,single_source,yes,yes,
MZA-00819,2005-09-10T14:03:38.000Z,2005,9,-33.086,-68.996,4.9,3.1,MD,MD,3.1095,Mendoza2022_Meq_to_Mw,Mendoza/YPF 2022,converted_regional,ISC,ISC,1,9771418,,inside_rectangle,single_source,yes,yes,
MZA-00820,2005-09-11T02:57:45.300Z,2005,9,-33.533,-69.993,2,3,MD,MD,3.0125,Mendoza2022_Meq_to_Mw,Mendoza/YPF 2022,converted_regional,ISC,ISC,1,9771438,,inside_rectangle,single_source,yes,yes,
MZA-00821,2005-09-12T12:11:28.400Z,2005,9,-32.015,-69.739,152.1,2.6,MD,MD,2.6245,Mendoza2022_Meq_to_Mw,Mendoza/YPF 2022,converted_regional,ISC,ISC + USGS,2,7994002,usp000dzae,inside_rectangle,accepted_auto,yes,yes,
MZA-00822,2005-09-12T20:45:49.299Z,2005,9,-33.854,-68.232,5,3.5,MD,MD,3.4975,Mendoza2022_Meq_to_Mw,Mendoza/YPF 2022,converted_regional,ISC,ISC + USGS,2,7994010,usp000dzbe,inside_rectangle,accepted_auto,yes,yes,
MZA-00823,2005-09-13T18:43:55.100Z,2005,9,-32.494,-69.806,116.5,2.4,MD,MD,2.4305,Mendoza2022_Meq_to_Mw,Mendoza/YPF 2022,converted_regional,ISC,ISC,1,9771479,,inside_rectangle,single_source,yes,yes,
MZA-00824,2005-09-15T11:46:08.900Z,2005,9,-32.372,-69.139,149,3.3,MD,MD,3.3035,Mendoza2022_Meq_to_Mw,Mendoza/YPF 2022,converted_regional,ISC,ISC + USGS,2,7994081,usp000dzga,inside_rectangle,accepted_auto,yes,yes,
MZA-00825,2005-09-20T14:48:29.000Z,2005,9,-33.255,-67.927,15,3.9,MD,MD,3.8855,Mendoza2022_Meq_to_Mw,Mendoza/YPF 2022,converted_regional,ISC,ISC + USGS,2,7994197,usp000dztg,inside_rectangle,accepted_auto,yes,yes,
MZA-00826,2005-09-22T14:14:50.300Z,2005,9,-32.745,-69.728,125.7,2.5,MD,MD,2.5275,Mendoza2022_Meq_to_Mw,Mendoza/YPF 2022,converted_regional,ISC,ISC + USGS,2,7994258,usp000dzya,inside_rectangle,accepted_auto,yes,yes,
MZA-00827,2005-09-24T06:37:05.399Z,2005,9,-32.619,-69.903,109.4,2.7,MD,MD,2.7215,Mendoza2022_Meq_to_Mw,Mendoza/YPF 2022,converted_regional,ISC,ISC + USGS,2,7994396,usp000e031,inside_rectangle,accepted_auto,yes,yes,
MZA-00828,2005-09-26T03:01:47.900Z,2005,9,-33.794,-69.182,11.2,4.1,MD,MD,4.0795,Mendoza2022_Meq_to_Mw,Mendoza/YPF 2022,converted_regional,ISC,ISC + USGS,2,7994523,usp000e09m,inside_rectangle,accepted_auto,yes,yes,
MZA-00829,2005-09-28T01:34:19.300Z,2005,9,-32.9,-68.111,18.2,4.2,MD,MD,4.1765,Mendoza2022_Meq_to_Mw,Mendoza/YPF 2022,converted_regional,ISC,ISC + USGS,2,7702241,usp000e0dp,inside_rectangle,accepted_auto,yes,yes,
MZA-00830,2005-10-03T04:55:00.299Z,2005,10,-34.288,-69.983,17.9,2.9,MD,MD,2.9155,Mendoza2022_Meq_to_Mw,Mendoza/YPF 2022,converted_regional,ISC,ISC,1,8962071,,inside_rectangle,single_source,yes,yes,
MZA-00831,2005-10-03T16:34:34.800Z,2005,10,-33.133,-68.884,33.5,3.7,MD,MD,3.6915,Mendoza2022_Meq_to_Mw,Mendoza/YPF 2022,converted_regional,ISC,ISC,1,8962077,,inside_rectangle,single_source,yes,yes,
MZA-00832,2005-10-03T23:20:49.100Z,2005,10,-32.518,-69.917,101.1,2.2,ML,ML,2.2365,Mendoza2022_Meq_to_Mw,Mendoza/YPF 2022,converted_regional,ISC,ISC,1,8962078,,inside_rectangle,single_source,yes,yes,
MZA-00833,2005-10-04T19:25:22.100Z,2005,10,-33.885,-68.892,6.1,3.5,MD,MD,3.4975,Mendoza2022_Meq_to_Mw,Mendoza/YPF 2022,converted_regional,ISC,ISC + USGS,2,8962100,usp000e0w9,inside_rectangle,accepted_auto,yes,yes,
MZA-00834,2005-10-05T05:45:21.200Z,2005,10,-33.964,-69.916,20,2.8,MD,MD,2.8185,Mendoza2022_Meq_to_Mw,Mendoza/YPF 2022,converted_regional,ISC,ISC,1,8962109,,inside_rectangle,single_source,yes,yes,
MZA-00835,2005-10-06T03:58:16.300Z,2005,10,-32.356,-69.795,124.1,2.8,MD,MD,2.8185,Mendoza2022_Meq_to_Mw,Mendoza/YPF 2022,converted_regional,ISC,ISC,1,8962128,,inside_rectangle,single_source,yes,yes,
MZA-00836,2005-10-08T09:13:21.300Z,2005,10,-33.935,-68.538,3.9,3.2,MD,MD,3.2065,Mendoza2022_Meq_to_Mw,Mendoza/YPF 2022,converted_regional,ISC,ISC,1,8962169,,inside_rectangle,single_source,yes,yes,
MZA-00837,2005-10-08T11:13:02.400Z,2005,10,-32.529,-69.738,115.4,2.5,MD,MD,2.5275,Mendoza2022_Meq_to_Mw,Mendoza/YPF 2022,converted_regional,ISC,ISC + USGS,2,8962171,usp000e16d,inside_rectangle,accepted_auto,yes,yes,
MZA-00838,2005-10-10T14:51:35.100Z,2005,10,-33.174,-68.271,5,3.9,MD,MD,3.8855,Mendoza2022_Meq_to_Mw,Mendoza/YPF 2022,converted_regional,ISC,ISC + USGS,2,8962212,usp000e1hh,inside_rectangle,accepted_auto,yes,yes,
MZA-00839,2005-10-11T11:55:17.800Z,2005,10,-34.271,-69.982,3.8,2.8,MD,MD,2.8185,Mendoza2022_Meq_to_Mw,Mendoza/YPF 2022,converted_regional,ISC,ISC,1,8962229,,inside_rectangle,single_source,yes,yes,
MZA-00840,2005-10-11T15:02:53.200Z,2005,10,-32.468,-69.895,113.9,2.5,MD,MD,2.5275,Mendoza2022_Meq_to_Mw,Mendoza/YPF 2022,converted_regional,ISC,ISC + USGS,2,8962230,usp000e1m6,inside_rectangle,accepted_auto,yes,yes,
MZA-00841,2005-10-13T06:20:38.400Z,2005,10,-33.055,-68.987,10,3.7,MD,MD,3.6915,Mendoza2022_Meq_to_Mw,Mendoza/YPF 2022,converted_regional,ISC,ISC + USGS,2,8962272,usp000e1qb,inside_rectangle,accepted_auto,yes,yes,
MZA-00842,2005-10-24T00:56:49.899Z,2005,10,-34.132,-69.217,14,3.1,MD,MD,3.1095,Mendoza2022_Meq_to_Mw,Mendoza/YPF 2022,converted_regional,ISC,ISC + USGS,2,8962507,usp000e2pn,inside_rectangle,accepted_auto,yes,yes,
MZA-00843,2005-10-31T15:13:18.600Z,2005,10,-32.068,-69.412,153.8,3.1,MD,MD,3.1095,Mendoza2022_Meq_to_Mw,Mendoza/YPF 2022,converted_regional,ISC,ISC + USGS,2,8962655,usp000e37m,inside_rectangle,accepted_auto,yes,yes,
MZA-00844,2005-11-02T00:31:17.500Z,2005,11,-33.1,-69.526,103.4,3.3,MD,MD,3.3035,Mendoza2022_Meq_to_Mw,Mendoza/YPF 2022,converted_regional,ISC,ISC + USGS,2,8218374,usp000e3at,inside_rectangle,accepted_auto,yes,yes,
MZA-00845,2005-11-03T19:13:53.800Z,2005,11,-32.589,-68.927,1.7,3.7,MD,MD,3.6915,Mendoza2022_Meq_to_Mw,Mendoza/YPF 2022,converted_regional,ISC,ISC + USGS,2,8218418,usp000e3eg,inside_rectangle,accepted_auto,yes,yes,
MZA-00846,2005-11-08T05:35:41.100Z,2005,11,-32.82,-69.013,6.4,3.5,MD,MD,3.4975,Mendoza2022_Meq_to_Mw,Mendoza/YPF 2022,converted_regional,ISC,ISC + USGS,2,7749641,usp000e3r5,inside_rectangle,accepted_auto,yes,yes,
MZA-00847,2005-11-18T02:35:46.200Z,2005,11,-34.095,-69.212,11.2,3.5,MD,MD,3.4975,Mendoza2022_Meq_to_Mw,Mendoza/YPF 2022,converted_regional,ISC,ISC + USGS,2,8218893,usp000e4ds,inside_rectangle,accepted_auto,yes,yes,
MZA-00848,2005-11-22T11:43:31.000Z,2005,11,-33.178,-68.914,2.3,3.2,MD,MD,3.2065,Mendoza2022_Meq_to_Mw,Mendoza/YPF 2022,converted_regional,ISC,ISC + USGS,2,8219024,usp000e4q2,inside_rectangle,accepted_auto,yes,yes,
MZA-00849,2005-11-23T05:51:55.100Z,2005,11,-32.405,-69.485,124.4,3.7,MD,MD,3.6915,Mendoza2022_Meq_to_Mw,Mendoza/YPF 2022,converted_regional,ISC,ISC + USGS,2,8219055,usp000e4rk,inside_rectangle,accepted_auto,yes,yes,
MZA-00850,2005-11-26T02:07:31.400Z,2005,11,-34.129,-69.999,13.5,3.9,MD,MD,3.8855,Mendoza2022_Meq_to_Mw,Mendoza/YPF 2022,converted_regional,ISC,ISC + USGS,2,8219132,usp000e4x0,inside_rectangle,accepted_manual_strong,yes,yes,
MZA-00851,2005-11-27T04:24:02.300Z,2005,11,-32.16,-69.731,128.3,2.4,MD,MD,2.4305,Mendoza2022_Meq_to_Mw,Mendoza/YPF 2022,converted_regional,ISC,ISC,1,8219153,,inside_rectangle,single_source,yes,yes,
MZA-00852,2005-11-27T17:13:14.300Z,2005,11,-32.183,-69.456,123.1,2.9,ML,ML,2.9155,Mendoza2022_Meq_to_Mw,Mendoza/YPF 2022,converted_regional,ISC,ISC,1,8219156,,inside_rectangle,single_source,yes,yes,
MZA-00853,2005-11-29T23:25:11.200Z,2005,11,-32.407,-69.904,126.3,3.3,MD,MD,3.3035,Mendoza2022_Meq_to_Mw,Mendoza/YPF 2022,converted_regional,ISC,ISC + USGS,2,8222807,usp000e56r,inside_rectangle,accepted_auto,yes,yes,
MZA-00854,2005-12-01T02:06:47.800Z,2005,12,-33.69,-69.979,9.6,3.8,ML,ML,3.7885,Mendoza2022_Meq_to_Mw,Mendoza/YPF 2022,converted_regional,ISC,ISC + USGS,2,8226232,usp000e58u,inside_rectangle,accepted_auto,yes,yes,
MZA-00855,2005-12-01T19:02:29.900Z,2005,12,-32.115,-69.635,130.8,2.6,MD,MD,2.6245,Mendoza2022_Meq_to_Mw,Mendoza/YPF 2022,converted_regional,ISC,ISC + USGS,2,8226240,usp000e5ae,inside_rectangle,accepted_auto,yes,yes,
MZA-00856,2005-12-02T12:59:16.800Z,2005,12,-33.948,-69.667,162.6,2.7,MD,MD,2.7215,Mendoza2022_Meq_to_Mw,Mendoza/YPF 2022,converted_regional,ISC,ISC + USGS,2,8226259,usp000e5c5,inside_rectangle,accepted_auto,yes,yes,
MZA-00857,2005-12-03T16:26:35.000Z,2005,12,-33.055,-69.916,113.1,3.6,MD,MD,3.5945,Mendoza2022_Meq_to_Mw,Mendoza/YPF 2022,converted_regional,ISC,ISC + USGS,2,8226278,usp000e5em,inside_rectangle,accepted_auto,yes,yes,
MZA-00858,2005-12-04T06:30:43.500Z,2005,12,-32.736,-69.241,152.4,2.6,MD,MD,2.6245,Mendoza2022_Meq_to_Mw,Mendoza/YPF 2022,converted_regional,ISC,ISC + USGS,2,8226295,usp000e5g5,inside_rectangle,accepted_auto,yes,yes,
MZA-00859,2005-12-04T10:41:09.200Z,2005,12,-32.597,-69.499,121.3,2.7,MD,MD,2.7215,Mendoza2022_Meq_to_Mw,Mendoza/YPF 2022,converted_regional,ISC,ISC + USGS,2,8226298,usp000e5gq,inside_rectangle,accepted_auto,yes,yes,
MZA-00860,2005-12-06T00:23:28.000Z,2005,12,-32.101,-67.91,10,4,MD,MD,3.9825,Mendoza2022_Meq_to_Mw,Mendoza/YPF 2022,converted_regional,ISC,ISC + USGS,2,8226333,usp000e5m5,inside_rectangle,accepted_auto,yes,yes,
MZA-00861,2005-12-07T10:27:38.400Z,2005,12,-32.086,-68.905,178.9,3.8,MD,MD,3.7885,Mendoza2022_Meq_to_Mw,Mendoza/YPF 2022,converted_regional,ISC,ISC + USGS,2,8226355,usp000e5q7,inside_rectangle,accepted_auto,yes,yes,
MZA-00862,2005-12-09T14:15:25.700Z,2005,12,-32.892,-69.045,7.8,3.5,MD,MD,3.4975,Mendoza2022_Meq_to_Mw,Mendoza/YPF 2022,converted_regional,ISC,ISC + USGS,2,8226397,usp000e5uz,inside_rectangle,accepted_auto,yes,yes,
MZA-00863,2005-12-09T14:17:31.000Z,2005,12,-32.911,-69.025,7.7,3.5,MD,MD,3.4975,Mendoza2022_Meq_to_Mw,Mendoza/YPF 2022,converted_regional,ISC,ISC + USGS,2,8226398,usp000e5v1,inside_rectangle,accepted_auto,yes,yes,
MZA-00864,2005-12-16T01:09:23.900Z,2005,12,-32.053,-69.945,125.3,2.8,MD,MD,2.8185,Mendoza2022_Meq_to_Mw,Mendoza/YPF 2022,converted_regional,ISC,ISC + USGS,2,7996814,usp000e67h,inside_rectangle,accepted_auto,yes,yes,
MZA-00865,2005-12-16T11:04:05.900Z,2005,12,-33.381,-69.866,2,3.1,MD,MD,3.1095,Mendoza2022_Meq_to_Mw,Mendoza/YPF 2022,converted_regional,ISC,ISC,1,8226534,,inside_rectangle,single_source,yes,yes,
MZA-00866,2005-12-17T04:14:57.500Z,2005,12,-32.114,-68.838,150,3.3,MD,MD,3.3035,Mendoza2022_Meq_to_Mw,Mendoza/YPF 2022,converted_regional,ISC,ISC + USGS,2,8226554,usp000e6a7,inside_rectangle,accepted_auto,yes,yes,
MZA-00867,2005-12-18T07:32:20.800Z,2005,12,-32.414,-69.912,116.9,3.1,MD,MD,3.1095,Mendoza2022_Meq_to_Mw,Mendoza/YPF 2022,converted_regional,ISC,ISC + USGS,2,8226575,usp000e6c1,inside_rectangle,accepted_auto,yes,yes,
MZA-00868,2005-12-22T03:02:39.300Z,2005,12,-32.325,-69.547,133.1,2.7,MD,MD,2.7215,Mendoza2022_Meq_to_Mw,Mendoza/YPF 2022,converted_regional,ISC,ISC,1,8226653,,inside_rectangle,single_source,yes,yes,
MZA-00869,2005-12-23T19:27:36.200Z,2005,12,-33.03,-69.936,119.8,2.4,MD,MD,2.4305,Mendoza2022_Meq_to_Mw,Mendoza/YPF 2022,converted_regional,ISC,ISC,1,8226673,,inside_rectangle,single_source,yes,yes,
MZA-00870,2005-12-24T03:14:00.100Z,2005,12,-32.643,-69.891,122.2,2.6,MD,MD,2.6245,Mendoza2022_Meq_to_Mw,Mendoza/YPF 2022,converted_regional,ISC,ISC,1,8226692,,inside_rectangle,single_source,yes,yes,
MZA-00871,2005-12-24T07:52:09.100Z,2005,12,-33.787,-68.688,5,3.3,MD,MD,3.3035,Mendoza2022_Meq_to_Mw,Mendoza/YPF 2022,converted_regional,ISC,ISC,1,8226695,,inside_rectangle,single_source,yes,yes,
MZA-00872,2005-12-26T10:33:54.400Z,2005,12,-33.347,-69.976,105,2.2,MD,MD,2.2365,Mendoza2022_Meq_to_Mw,Mendoza/YPF 2022,converted_regional,ISC,ISC,1,8226736,,inside_rectangle,single_source,yes,yes,
MZA-00873,2006-01-05T22:58:44.799Z,2006,1,-33.249,-68.893,7.3,3.3,MD,MD,3.3035,Mendoza2022_Meq_to_Mw,Mendoza/YPF 2022,converted_regional,ISC,ISC + USGS,2,9777153,usp000e7ny,inside_rectangle,accepted_auto,yes,yes,
MZA-00874,2006-01-06T22:15:17.100Z,2006,1,-34.26,-69.515,16,3.4,MD,MD,3.4005,Mendoza2022_Meq_to_Mw,Mendoza/YPF 2022,converted_regional,ISC,ISC + USGS,2,9777204,usp000e7r4,inside_rectangle,accepted_auto,yes,yes,
MZA-00875,2006-01-08T05:22:33.180Z,2006,1,-33.8088,-68.4733,22.2,4.6,mb,mb,4.3134,Mendoza2022_mb_to_Mw,Mendoza/YPF 2022,converted_regional,ISC,ISC + USGS,2,8446897,usp000e7tp,inside_rectangle,accepted_auto,yes,yes,
MZA-00876,2006-01-08T05:30:37.700Z,2006,1,-33.861,-68.608,19.7,3.8,MD,MD,3.7885,Mendoza2022_Meq_to_Mw,Mendoza/YPF 2022,converted_regional,ISC,ISC + USGS,2,9777350,usp000e7tq,inside_rectangle,accepted_auto,yes,yes,
MZA-00877,2006-01-08T07:53:21.399Z,2006,1,-33.789,-68.573,15,2.7,ML,ML,2.7215,Mendoza2022_Meq_to_Mw,Mendoza/YPF 2022,converted_regional,ISC,ISC,1,9777358,,inside_rectangle,single_source,yes,yes,
MZA-00878,2006-01-08T13:15:00.000Z,2006,1,-33.762,-68.737,11.1,3.9,MD,MD,3.8855,Mendoza2022_Meq_to_Mw,Mendoza/YPF 2022,converted_regional,ISC,ISC + USGS,2,9777373,usp000e7uh,inside_rectangle,accepted_auto,yes,yes,
MZA-00879,2006-01-08T21:18:53.500Z,2006,1,-33.766,-68.771,2,3.1,MD,MD,3.1095,Mendoza2022_Meq_to_Mw,Mendoza/YPF 2022,converted_regional,ISC,ISC,1,9777385,,inside_rectangle,single_source,yes,yes,
MZA-00880,2006-01-11T11:54:28.400Z,2006,1,-33.671,-68.781,3.5,3.1,MD,MD,3.1095,Mendoza2022_Meq_to_Mw,Mendoza/YPF 2022,converted_regional,ISC,ISC,1,9777489,,inside_rectangle,single_source,yes,yes,
MZA-00881,2006-01-15T11:28:29.100Z,2006,1,-33.411,-68.741,23.1,3.4,MD,MD,3.4005,Mendoza2022_Meq_to_Mw,Mendoza/YPF 2022,converted_regional,ISC,ISC + USGS,2,8078681,usp000e895,inside_rectangle,accepted_auto,yes,yes,
MZA-00882,2006-01-17T18:07:16.400Z,2006,1,-32.366,-69.935,124.3,3.1,MD,MD,3.1095,Mendoza2022_Meq_to_Mw,Mendoza/YPF 2022,converted_regional,ISC,ISC + USGS,2,8078773,usp000e8ce,inside_rectangle,accepted_auto,yes,yes,
MZA-00883,2006-01-18T20:50:34.200Z,2006,1,-33.209,-68.968,13.4,3.2,MD,MD,3.2065,Mendoza2022_Meq_to_Mw,Mendoza/YPF 2022,converted_regional,ISC,ISC + USGS,2,9777778,usp000e8ey,inside_rectangle,accepted_auto,yes,yes,
MZA-00884,2006-01-20T11:01:13.740Z,2006,1,-32.153,-69.998,108.6,4.7,mb,mb,4.3688,Mendoza2022_mb_to_Mw,Mendoza/YPF 2022,converted_regional,USGS,USGS,1,,usp000e8hk,inside_rectangle,single_source,yes,yes,
MZA-00885,2006-01-22T01:23:32.100Z,2006,1,-33.748,-69.88,19.6,2.9,MD,MD,2.9155,Mendoza2022_Meq_to_Mw,Mendoza/YPF 2022,converted_regional,ISC,ISC,1,9777961,,inside_rectangle,single_source,yes,yes,
MZA-00886,2006-01-24T01:45:06.900Z,2006,1,-32.666,-69.203,156.9,3.2,MD,MD,3.2065,Mendoza2022_Meq_to_Mw,Mendoza/YPF 2022,converted_regional,ISC,ISC + USGS,2,9778037,usp000e8s0,inside_rectangle,accepted_auto,yes,yes,
MZA-00887,2006-01-26T03:25:53.900Z,2006,1,-33.545,-69.874,14.8,3.6,MD,MD,3.5945,Mendoza2022_Meq_to_Mw,Mendoza/YPF 2022,converted_regional,ISC,ISC + USGS,2,9778099,usp000e8vr,inside_rectangle,accepted_auto,yes,yes,
MZA-00888,2006-01-29T13:24:38.120Z,2006,1,-32.63,-68.8293,131.8,3.8,MD,MD,3.7885,Mendoza2022_Meq_to_Mw,Mendoza/YPF 2022,converted_regional,ISC,ISC + USGS,2,8447355,usp000e930,inside_rectangle,accepted_auto,yes,yes,
MZA-00889,2006-01-30T06:25:05.100Z,2006,1,-33.799,-68.752,2.9,3.9,MD,MD,3.8855,Mendoza2022_Meq_to_Mw,Mendoza/YPF 2022,converted_regional,ISC,ISC + USGS,2,9778263,usp000e94h,inside_rectangle,accepted_auto,yes,yes,
MZA-00890,2006-01-30T16:56:32.700Z,2006,1,-32.534,-69.96,122.3,3.2,MD,MD,3.2065,Mendoza2022_Meq_to_Mw,Mendoza/YPF 2022,converted_regional,ISC,ISC + USGS,2,9778272,usp000e955,inside_rectangle,accepted_auto,yes,yes,
MZA-00891,2006-02-02T16:08:41.800Z,2006,2,-33.788,-68.786,10,3.3,MD,MD,3.3035,Mendoza2022_Meq_to_Mw,Mendoza/YPF 2022,converted_regional,ISC,ISC,1,9778360,,inside_rectangle,single_source,yes,yes,
MZA-00892,2006-02-09T22:15:51.000Z,2006,2,-33.423,-69.914,2.3,3.2,MD,MD,3.2065,Mendoza2022_Meq_to_Mw,Mendoza/YPF 2022,converted_regional,ISC,ISC,1,9778508,,inside_rectangle,single_source,yes,yes,
MZA-00893,2006-02-11T11:49:40.309Z,2006,2,-32.3516,-67.4897,32.8,4.7,mb,mb,4.3688,Mendoza2022_mb_to_Mw,Mendoza/YPF 2022,converted_regional,ISC,ISC + USGS,2,8095894,usp000e9xp,inside_rectangle,accepted_auto,yes,yes,
MZA-00894,2006-02-12T09:14:03.700Z,2006,2,-32.325,-69.71,146.1,3.1,MD,MD,3.1095,Mendoza2022_Meq_to_Mw,Mendoza/YPF 2022,converted_regional,ISC,ISC,1,9778561,,inside_rectangle,single_source,yes,yes,
MZA-00895,2006-02-14T10:02:16.100Z,2006,2,-32.91,-69.28,0.9,3.8,MD,MD,3.7885,Mendoza2022_Meq_to_Mw,Mendoza/YPF 2022,converted_regional,ISC,ISC,1,9778601,,inside_rectangle,single_source,yes,yes,
MZA-00896,2006-02-16T17:13:27.900Z,2006,2,-33.4,-69.853,17.4,3.4,MD,MD,3.4005,Mendoza2022_Meq_to_Mw,Mendoza/YPF 2022,converted_regional,ISC,ISC,1,9778663,,inside_rectangle,single_source,yes,yes,
MZA-00897,2006-02-18T16:40:34.100Z,2006,2,-34.383,-69.994,8.5,3.4,MD,MD,3.4005,Mendoza2022_Meq_to_Mw,Mendoza/YPF 2022,converted_regional,ISC,ISC,1,9778705,,inside_rectangle,single_source,yes,yes,
MZA-00898,2006-02-21T09:20:51.300Z,2006,2,-33.811,-68.287,19.3,3.9,MD,MD,3.8855,Mendoza2022_Meq_to_Mw,Mendoza/YPF 2022,converted_regional,ISC,ISC,1,9778763,,inside_rectangle,single_source,yes,yes,
MZA-00899,2006-02-24T20:10:09.200Z,2006,2,-33.519,-69.977,118.9,2.8,MD,MD,2.8185,Mendoza2022_Meq_to_Mw,Mendoza/YPF 2022,converted_regional,ISC,ISC,1,9778824,,inside_rectangle,single_source,yes,yes,
MZA-00900,2006-02-27T02:32:21.700Z,2006,2,-35.755,-69.651,217.1,3.1,MD,MD,3.1095,Mendoza2022_Meq_to_Mw,Mendoza/YPF 2022,converted_regional,ISC,ISC,1,9778918,,inside_rectangle,single_source,yes,yes,
MZA-00901,2006-02-27T16:51:34.800Z,2006,2,-32.807,-69.981,107,2.6,MD,MD,2.6245,Mendoza2022_Meq_to_Mw,Mendoza/YPF 2022,converted_regional,ISC,ISC,1,9778919,,inside_rectangle,single_source,yes,yes,
MZA-00902,2006-03-03T19:10:38.700Z,2006,3,-33.903,-69.997,8,3.4,MD,MD,3.4005,Mendoza2022_Meq_to_Mw,Mendoza/YPF 2022,converted_regional,ISC,ISC,1,10596751,,inside_rectangle,single_source,yes,yes,
MZA-00903,2006-03-05T03:06:56.630Z,2006,3,-32.3019,-69.7424,123.3,3.9,mb,mb,3.9256,Mendoza2022_mb_to_Mw,Mendoza/YPF 2022,converted_regional,ISC,ISC + USGS,2,10597581,usp000ebeh,inside_rectangle,accepted_auto,yes,yes,
MZA-00904,2006-03-05T23:04:04.000Z,2006,3,-32.38,-69.698,126.5,2.8,MD,MD,2.8185,Mendoza2022_Meq_to_Mw,Mendoza/YPF 2022,converted_regional,ISC,ISC + USGS,2,10598109,usp000ebgt,inside_rectangle,accepted_auto,yes,yes,
MZA-00905,2006-03-10T14:56:28.500Z,2006,3,-32.43,-69.959,114.7,3.4,MD,MD,3.4005,Mendoza2022_Meq_to_Mw,Mendoza/YPF 2022,converted_regional,ISC,ISC,1,10601233,,inside_rectangle,single_source,yes,yes,
MZA-00906,2006-03-12T19:11:06.700Z,2006,3,-33.644,-68.465,5,3.9,MD,MD,3.8855,Mendoza2022_Meq_to_Mw,Mendoza/YPF 2022,converted_regional,ISC,ISC + USGS,2,10602619,usp000ec12,inside_rectangle,accepted_auto,yes,yes,
MZA-00907,2006-03-16T23:16:05.800Z,2006,3,-34.858,-69.359,150,3,MD,MD,3.0125,Mendoza2022_Meq_to_Mw,Mendoza/YPF 2022,converted_regional,ISC,ISC + USGS,2,10605046,usp000ecaa,inside_rectangle,accepted_auto,yes,yes,
MZA-00908,2006-03-27T11:35:56.300Z,2006,3,-32.207,-68.731,151.1,3.1,MD,MD,3.1095,Mendoza2022_Meq_to_Mw,Mendoza/YPF 2022,converted_regional,ISC,ISC + USGS,2,10611654,usp000ed2e,inside_rectangle,accepted_auto,yes,yes,
MZA-00909,2006-03-29T18:45:20.300Z,2006,3,-32.0828,-68.454,119.9,3.7,MD,MD,3.6915,Mendoza2022_Meq_to_Mw,Mendoza/YPF 2022,converted_regional,ISC,ISC + USGS,2,10613031,usp000ed7u,inside_rectangle,accepted_auto,yes,yes,
MZA-00910,2006-03-31T18:00:58.000Z,2006,3,-32.442,-68.529,115,3,MD,MD,3.0125,Mendoza2022_Meq_to_Mw,Mendoza/YPF 2022,converted_regional,ISC,ISC,1,10614603,,inside_rectangle,single_source,yes,yes,
MZA-00911,2006-04-09T12:29:48.000Z,2006,4,-33.865,-69.962,3.4,3.3,MD,MD,3.3035,Mendoza2022_Meq_to_Mw,Mendoza/YPF 2022,converted_regional,ISC,ISC + USGS,2,8645881,usp000ee0y,inside_rectangle,accepted_auto,yes,yes,
MZA-00912,2006-04-13T14:39:35.400Z,2006,4,-33.821,-69.762,140.6,3,MD,MD,3.0125,Mendoza2022_Meq_to_Mw,Mendoza/YPF 2022,converted_regional,ISC,ISC + USGS,2,8645985,usp000eeds,inside_rectangle,accepted_auto,yes,yes,
MZA-00913,2006-04-16T11:34:26.500Z,2006,4,-33.26,-68.402,0.2,3.3,ML,ML,3.3035,Mendoza2022_Meq_to_Mw,Mendoza/YPF 2022,converted_regional,ISC,ISC + USGS,2,10697797,usp000eep9,inside_rectangle,accepted_auto,yes,yes,
MZA-00914,2006-04-17T17:26:07.900Z,2006,4,-33.176,-69.002,25.3,3.7,MD,MD,3.6915,Mendoza2022_Meq_to_Mw,Mendoza/YPF 2022,converted_regional,ISC,ISC + USGS,2,8646111,usp000eest,inside_rectangle,accepted_auto,yes,yes,
MZA-00915,2006-04-18T16:20:30.399Z,2006,4,-32.032,-69.937,117.9,3.2,MD,MD,3.2065,Mendoza2022_Meq_to_Mw,Mendoza/YPF 2022,converted_regional,ISC,ISC + USGS,2,8646146,usp000eeve,inside_rectangle,accepted_auto,yes,yes,
MZA-00916,2006-04-20T16:25:19.100Z,2006,4,-34.081,-68.395,13.5,3.4,MD,MD,3.4005,Mendoza2022_Meq_to_Mw,Mendoza/YPF 2022,converted_regional,ISC,ISC + USGS,2,8646227,usp000ef0g,inside_rectangle,accepted_auto,yes,yes,
MZA-00917,2006-04-22T16:25:03.700Z,2006,4,-32.191,-69.896,115,2.5,MD,MD,2.5275,Mendoza2022_Meq_to_Mw,Mendoza/YPF 2022,converted_regional,ISC,ISC + USGS,2,8646423,usp000ef94,inside_rectangle,accepted_auto,yes,yes,
MZA-00918,2006-04-27T07:24:23.600Z,2006,4,-32.786,-69.216,9.1,3.8,ML,ML,3.7885,Mendoza2022_Meq_to_Mw,Mendoza/YPF 2022,converted_regional,ISC,ISC + USGS,2,8646661,usp000efkv,inside_rectangle,accepted_auto,yes,yes,
MZA-00919,2006-05-03T11:56:09.600Z,2006,5,-32.028,-69.639,149.4,3.4,MD,MD,3.4005,Mendoza2022_Meq_to_Mw,Mendoza/YPF 2022,converted_regional,ISC,ISC,1,8647426,,inside_rectangle,single_source,yes,yes,
MZA-00920,2006-05-03T22:58:01.100Z,2006,5,-33.528,-68.464,0,3.6,MD,MD,3.5945,Mendoza2022_Meq_to_Mw,Mendoza/YPF 2022,converted_regional,ISC,ISC + USGS,2,8647442,usp000eg6q,inside_rectangle,accepted_auto,yes,yes,
MZA-00921,2006-05-07T08:15:25.600Z,2006,5,-32.083,-69.84,126.3,2.8,MD,MD,2.8185,Mendoza2022_Meq_to_Mw,Mendoza/YPF 2022,converted_regional,ISC,ISC + USGS,2,8647678,usp000egfu,inside_rectangle,accepted_auto,yes,yes,
MZA-00922,2006-05-09T09:02:25.920Z,2006,5,-32.4751,-69.6766,123.2,5.1,mb,mb,4.5904,Mendoza2022_mb_to_Mw,Mendoza/YPF 2022,converted_regional,ISC,ISC + USGS,2,8494679,usp000egnp,inside_rectangle,accepted_auto,yes,yes,
MZA-00923,2006-05-12T08:38:42.000Z,2006,5,-32.943,-69.228,6,4.1,MD,MD,4.0795,Mendoza2022_Meq_to_Mw,Mendoza/YPF 2022,converted_regional,ISC,ISC + USGS,2,8338865,usp000egxn,inside_rectangle,accepted_auto,yes,yes,
MZA-00924,2006-05-13T10:08:22.900Z,2006,5,-32.021,-69.576,137.7,3.4,MD,MD,3.4005,Mendoza2022_Meq_to_Mw,Mendoza/YPF 2022,converted_regional,ISC,ISC + USGS,2,8647820,usp000eh0j,inside_rectangle,accepted_auto,yes,yes,
MZA-00925,2006-05-14T18:15:26.100Z,2006,5,-33.51,-69.979,7.7,1.9,ML,ML,1.9455,Mendoza2022_Meq_to_Mw,Mendoza/YPF 2022,converted_regional,ISC,ISC,1,8647850,,inside_rectangle,single_source,yes,yes,
MZA-00926,2006-05-15T23:02:12.199Z,2006,5,-32.518,-69.72,117.2,3.1,MD,MD,3.1095,Mendoza2022_Meq_to_Mw,Mendoza/YPF 2022,converted_regional,ISC,ISC + USGS,2,8647868,usp000eh7b,inside_rectangle,accepted_auto,yes,yes,
MZA-00927,2006-05-21T10:38:14.000Z,2006,5,-32.12,-69.693,145,3,MD,MD,3.0125,Mendoza2022_Meq_to_Mw,Mendoza/YPF 2022,converted_regional,ISC,ISC,1,8647982,,inside_rectangle,single_source,yes,yes,
MZA-00928,2006-05-22T23:59:11.400Z,2006,5,-32.168,-68.876,10.4,3.8,MD,MD,3.7885,Mendoza2022_Meq_to_Mw,Mendoza/YPF 2022,converted_regional,ISC,ISC,1,8648018,,inside_rectangle,single_source,yes,yes,
MZA-00929,2006-05-23T07:05:05.600Z,2006,5,-33.886,-69.107,150,3.1,MD,MD,3.1095,Mendoza2022_Meq_to_Mw,Mendoza/YPF 2022,converted_regional,ISC,ISC + USGS,2,8648040,usp000ehrv,inside_rectangle,accepted_auto,yes,yes,
MZA-00930,2006-05-25T00:40:20.200Z,2006,5,-32.314,-69.732,133.6,3.3,MG,MG,,not_harmonized,,excluded_type_not_supported,ISC,ISC + USGS,2,8648157,usp000ehwa,inside_rectangle,accepted_auto,yes,no,
MZA-00931,2006-05-29T16:24:08.000Z,2006,5,-32.678,-69.93,111.3,3.4,MD,MD,3.4005,Mendoza2022_Meq_to_Mw,Mendoza/YPF 2022,converted_regional,ISC,ISC + USGS,2,8649749,usp000ej8c,inside_rectangle,accepted_auto,yes,yes,
MZA-00932,2006-06-03T17:14:56.200Z,2006,6,-32.772,-68.17,150,3.6,MD,MD,3.5945,Mendoza2022_Meq_to_Mw,Mendoza/YPF 2022,converted_regional,ISC,ISC + USGS,2,8650072,usp000ejmj,inside_rectangle,accepted_auto,yes,yes,
MZA-00933,2006-06-06T20:56:12.000Z,2006,6,-32.108,-68.649,150,3.3,MG,MG,,not_harmonized,,excluded_type_not_supported,ISC,ISC + USGS,2,8650263,usp000ejus,inside_rectangle,accepted_auto,yes,no,
MZA-00934,2006-06-15T20:23:50.000Z,2006,6,-33.579,-69.992,3.9,2.9,MD,MD,2.9155,Mendoza2022_Meq_to_Mw,Mendoza/YPF 2022,converted_regional,ISC,ISC,1,8650533,,inside_rectangle,single_source,yes,yes,
MZA-00935,2006-06-18T19:47:09.400Z,2006,6,-32.516,-68.298,0.3,3.6,MD,MD,3.5945,Mendoza2022_Meq_to_Mw,Mendoza/YPF 2022,converted_regional,ISC,ISC,1,8650594,,inside_rectangle,single_source,yes,yes,
MZA-00936,2006-06-19T04:52:13.800Z,2006,6,-32.248,-69.879,141.9,2.8,MG,MG,,not_harmonized,,excluded_type_not_supported,ISC,ISC + USGS,2,10665636,usp000eksk,inside_rectangle,accepted_auto,yes,no,
MZA-00937,2006-06-19T12:31:11.599Z,2006,6,-32.553,-69.107,9.4,3.8,MD,MD,3.7885,Mendoza2022_Meq_to_Mw,Mendoza/YPF 2022,converted_regional,ISC,ISC + USGS,2,8650622,usp000ektg,inside_rectangle,accepted_auto,yes,yes,
MZA-00938,2006-06-20T00:14:01.500Z,2006,6,-32.816,-69.026,13.3,3.4,MD,MD,3.4005,Mendoza2022_Meq_to_Mw,Mendoza/YPF 2022,converted_regional,ISC,ISC,1,8650636,,inside_rectangle,single_source,yes,yes,
MZA-00939,2006-06-22T18:41:31.300Z,2006,6,-33.54,-69.968,6.6,3.8,MD,MD,3.7885,Mendoza2022_Meq_to_Mw,Mendoza/YPF 2022,converted_regional,ISC,ISC + USGS,2,8650686,usp000em0r,inside_rectangle,accepted_manual_strong,yes,yes,
MZA-00940,2006-06-23T03:57:27.780Z,2006,6,-34.3392,-69.9183,8.7,3.7,mb,mb,3.8148,Mendoza2022_mb_to_Mw,Mendoza/YPF 2022,converted_regional,ISC,ISC + USGS,2,8650696,usp000em1q,inside_rectangle,accepted_auto,yes,yes,
MZA-00941,2006-06-23T10:35:09.900Z,2006,6,-34.337,-69.941,1,4.1,MD,MD,4.0795,Mendoza2022_Meq_to_Mw,Mendoza/YPF 2022,converted_regional,ISC,ISC + USGS,2,8650697,usp000em2j,inside_rectangle,accepted_auto,yes,yes,
MZA-00942,2006-06-24T22:07:53.800Z,2006,6,-32.881,-69.011,133.7,3.4,MG,MG,,not_harmonized,,excluded_type_not_supported,ISC,ISC + USGS,2,10665662,usp000em6f,inside_rectangle,accepted_auto,yes,no,
MZA-00943,2006-06-28T16:43:20.400Z,2006,6,-34.297,-69.957,5,3.1,MD,MD,3.1095,Mendoza2022_Meq_to_Mw,Mendoza/YPF 2022,converted_regional,ISC,ISC,1,8650866,,inside_rectangle,single_source,yes,yes,
MZA-00944,2006-06-30T07:01:48.600Z,2006,6,-34.425,-69.838,0,3.6,MD,MD,3.5945,Mendoza2022_Meq_to_Mw,Mendoza/YPF 2022,converted_regional,ISC,ISC + USGS,2,8650927,usp000emmh,inside_rectangle,accepted_auto,yes,yes,
MZA-00945,2006-06-30T17:03:33.999Z,2006,6,-32.362,-69.775,130.5,2.7,MD,MD,2.7215,Mendoza2022_Meq_to_Mw,Mendoza/YPF 2022,converted_regional,ISC,ISC + USGS,2,8650941,usp000emnb,inside_rectangle,accepted_auto,yes,yes,
MZA-00946,2006-07-02T11:47:59.900Z,2006,7,-32.496,-68.674,170.2,3.1,ML,ML,3.1095,Mendoza2022_Meq_to_Mw,Mendoza/YPF 2022,converted_regional,ISC,ISC,1,9671415,,inside_rectangle,single_source,yes,yes,
MZA-00947,2006-07-03T10:37:13.690Z,2006,7,-34.4208,-69.7588,8.4,4.3,mb,mb,4.1472,Mendoza2022_mb_to_Mw,Mendoza/YPF 2022,converted_regional,ISC,ISC + USGS,2,9305561,usp000emu9,inside_rectangle,accepted_auto,yes,yes,
MZA-00948,2006-07-03T11:02:23.100Z,2006,7,-34.441,-69.8,10.8,4,MD,MD,3.9825,Mendoza2022_Meq_to_Mw,Mendoza/YPF 2022,converted_regional,ISC,ISC + USGS,2,9305563,usp000emua,inside_rectangle,accepted_auto,yes,yes,
MZA-00949,2006-07-03T13:10:27.400Z,2006,7,-34.453,-69.787,20.1,3.2,MD,MD,3.2065,Mendoza2022_Meq_to_Mw,Mendoza/YPF 2022,converted_regional,ISC,ISC,1,9671435,,inside_rectangle,single_source,yes,yes,
MZA-00950,2006-07-03T14:22:05.700Z,2006,7,-34.449,-69.785,13.5,3.7,MD,MD,3.6915,Mendoza2022_Meq_to_Mw,Mendoza/YPF 2022,converted_regional,ISC,ISC + USGS,2,9305572,usp000emun,inside_rectangle,accepted_auto,yes,yes,
MZA-00951,2006-07-04T03:51:05.900Z,2006,7,-32.747,-68.866,148.8,3.7,MG,MG,,not_harmonized,,excluded_type_not_supported,ISC,ISC + USGS,2,10684796,usp000emvt,inside_rectangle,accepted_auto,yes,no,
MZA-00952,2006-07-05T17:34:32.699Z,2006,7,-34.314,-69.882,5,3.4,MD,MD,3.4005,Mendoza2022_Meq_to_Mw,Mendoza/YPF 2022,converted_regional,ISC,ISC,1,9671478,,inside_rectangle,single_source,yes,yes,
MZA-00953,2006-07-08T15:39:00.400Z,2006,7,-33.533,-69.957,3.6,3.5,MD,MD,3.4975,Mendoza2022_Meq_to_Mw,Mendoza/YPF 2022,converted_regional,ISC,ISC + USGS,2,9305976,usp000en4x,inside_rectangle,accepted_auto,yes,yes,
MZA-00954,2006-07-15T01:31:50.000Z,2006,7,-32.336,-69.709,116.9,3.3,MD,MD,3.3035,Mendoza2022_Meq_to_Mw,Mendoza/YPF 2022,converted_regional,ISC,ISC + USGS,2,9306562,usp000enmz,inside_rectangle,accepted_auto,yes,yes,
MZA-00955,2006-07-19T00:15:49.300Z,2006,7,-32.383,-69.839,136.6,3.1,MG,MG,,not_harmonized,,excluded_type_not_supported,ISC,ISC + USGS,2,9306984,usp000ep1f,inside_rectangle,accepted_auto,yes,no,
MZA-00956,2006-07-24T03:19:55.700Z,2006,7,-32.472,-69.837,119.7,3,MD,MD,3.0125,Mendoza2022_Meq_to_Mw,Mendoza/YPF 2022,converted_regional,ISC,ISC + USGS,2,9307415,usp000epey,inside_rectangle,accepted_auto,yes,yes,
MZA-00957,2006-07-26T13:02:49.800Z,2006,7,-32.734,-69.523,139,2.5,MD,MD,2.5275,Mendoza2022_Meq_to_Mw,Mendoza/YPF 2022,converted_regional,ISC,ISC + USGS,2,9307518,usp000epmm,inside_rectangle,accepted_auto,yes,yes,
MZA-00958,2006-07-30T05:53:55.900Z,2006,7,-32.752,-69.897,125,3.4,MD,MD,3.4005,Mendoza2022_Meq_to_Mw,Mendoza/YPF 2022,converted_regional,ISC,ISC + USGS,2,9307798,usp000epvz,inside_rectangle,accepted_auto,yes,yes,
MZA-00959,2006-07-30T18:20:16.800Z,2006,7,-32.01,-69.886,110.7,3.4,MD,MD,3.4005,Mendoza2022_Meq_to_Mw,Mendoza/YPF 2022,converted_regional,ISC,ISC + USGS,2,9307859,usp000epx4,inside_rectangle,accepted_auto,yes,yes,
MZA-00960,2006-08-05T14:03:43.600Z,2006,8,-33.1177,-68.7857,21.6,5.8,mb,mb,4.9782,Mendoza2022_mb_to_Mw,Mendoza/YPF 2022,converted_regional,ISC,ISC + USGS,2,8568187,usp000eq9x,inside_rectangle,accepted_auto,yes,yes,
MZA-00961,2006-08-05T14:36:37.299Z,2006,8,-32.88,-68.985,31.1,3.5,MD,MD,3.4975,Mendoza2022_Meq_to_Mw,Mendoza/YPF 2022,converted_regional,ISC,ISC,1,9830340,,inside_rectangle,single_source,yes,yes,
MZA-00962,2006-08-05T15:02:00.099Z,2006,8,-33.118,-68.983,9.7,3.5,MD,MD,3.4975,Mendoza2022_Meq_to_Mw,Mendoza/YPF 2022,converted_regional,ISC,ISC + USGS,2,9511736,usp000eqa2,inside_rectangle,accepted_auto,yes,yes,
MZA-00963,2006-08-05T17:47:01.900Z,2006,8,-33.083,-68.882,13.7,3.2,MD,MD,3.2065,Mendoza2022_Meq_to_Mw,Mendoza/YPF 2022,converted_regional,ISC,ISC + USGS,2,9511740,usp000eqa8,inside_rectangle,accepted_auto,yes,yes,
MZA-00964,2006-08-05T18:49:09.000Z,2006,8,-33.115,-68.955,11.8,3.9,MD,MD,3.8855,Mendoza2022_Meq_to_Mw,Mendoza/YPF 2022,converted_regional,ISC,ISC + USGS,2,9511744,usp000eqac,inside_rectangle,accepted_auto,yes,yes,
MZA-00965,2006-08-05T19:29:44.200Z,2006,8,-33.162,-68.965,6.3,3.9,MD,MD,3.8855,Mendoza2022_Meq_to_Mw,Mendoza/YPF 2022,converted_regional,ISC,ISC + USGS,2,9511746,usp000eqae,inside_rectangle,accepted_auto,yes,yes,
MZA-00966,2006-08-05T22:21:41.100Z,2006,8,-33.123,-68.932,1.3,3.6,MD,MD,3.5945,Mendoza2022_Meq_to_Mw,Mendoza/YPF 2022,converted_regional,ISC,ISC + USGS,2,9511751,usp000eqap,inside_rectangle,accepted_auto,yes,yes,
MZA-00967,2006-08-06T06:04:03.400Z,2006,8,-33.093,-68.932,7.4,3.5,MD,MD,3.4975,Mendoza2022_Meq_to_Mw,Mendoza/YPF 2022,converted_regional,ISC,ISC + USGS,2,9511787,usp000eqba,inside_rectangle,accepted_auto,yes,yes,
MZA-00968,2006-08-08T11:33:53.500Z,2006,8,-33.102,-69.001,11.5,3.7,MD,MD,3.6915,Mendoza2022_Meq_to_Mw,Mendoza/YPF 2022,converted_regional,ISC,ISC,1,9830399,,inside_rectangle,single_source,yes,yes,
MZA-00969,2006-08-09T05:36:26.100Z,2006,8,-32.157,-69.704,126.8,3.3,MD,MD,3.3035,Mendoza2022_Meq_to_Mw,Mendoza/YPF 2022,converted_regional,ISC,ISC + USGS,2,9511988,usp000eqjj,inside_rectangle,accepted_auto,yes,yes,
MZA-00970,2006-08-13T06:10:29.800Z,2006,8,-33.06,-68.938,11,3.3,MD,MD,3.3035,Mendoza2022_Meq_to_Mw,Mendoza/YPF 2022,converted_regional,ISC,ISC + USGS,2,9512265,usp000equv,inside_rectangle,accepted_auto,yes,yes,
MZA-00971,2006-08-15T05:18:17.500Z,2006,8,-32.031,-69.25,155.8,3.1,MD,MD,3.1095,Mendoza2022_Meq_to_Mw,Mendoza/YPF 2022,converted_regional,ISC,ISC + USGS,2,9512360,usp000eqzc,inside_rectangle,accepted_auto,yes,yes,
MZA-00972,2006-08-20T00:40:37.600Z,2006,8,-33.098,-68.9,6.5,3.6,MD,MD,3.5945,Mendoza2022_Meq_to_Mw,Mendoza/YPF 2022,converted_regional,ISC,ISC + USGS,2,9512695,usp000erbn,inside_rectangle,accepted_auto,yes,yes,
MZA-00973,2006-08-23T18:24:07.000Z,2006,8,-34.107,-69.25,8.5,3.3,MD,MD,3.3035,Mendoza2022_Meq_to_Mw,Mendoza/YPF 2022,converted_regional,ISC,ISC + USGS,2,9512913,usp000erk6,inside_rectangle,accepted_auto,yes,yes,
MZA-00974,2006-08-23T18:33:56.100Z,2006,8,-34.113,-69.144,15,3.3,MD,MD,3.3035,Mendoza2022_Meq_to_Mw,Mendoza/YPF 2022,converted_regional,ISC,ISC + USGS,2,9512914,usp000erk8,inside_rectangle,accepted_auto,yes,yes,
MZA-00975,2006-08-26T02:17:54.900Z,2006,8,-33.103,-68.844,15.4,3.2,MD,MD,3.2065,Mendoza2022_Meq_to_Mw,Mendoza/YPF 2022,converted_regional,ISC,ISC + USGS,2,9513100,usp000ers4,inside_rectangle,accepted_auto,yes,yes,
MZA-00976,2006-08-26T05:13:40.000Z,2006,8,-32.934,-69.83,123.8,3.1,MD,MD,3.1095,Mendoza2022_Meq_to_Mw,Mendoza/YPF 2022,converted_regional,ISC,ISC + USGS,2,9513107,usp000ersg,inside_rectangle,accepted_auto,yes,yes,
MZA-00977,2006-08-27T19:32:17.400Z,2006,8,-32.18,-68.659,150,3.2,MD,MD,3.2065,Mendoza2022_Meq_to_Mw,Mendoza/YPF 2022,converted_regional,ISC,ISC + USGS,2,9513241,usp000erx2,inside_rectangle,accepted_auto,yes,yes,
MZA-00978,2006-08-31T05:22:55.800Z,2006,8,-32.213,-69.578,127.9,3.1,MD,MD,3.1095,Mendoza2022_Meq_to_Mw,Mendoza/YPF 2022,converted_regional,ISC,ISC + USGS,2,9513777,usp000es4z,inside_rectangle,accepted_auto,yes,yes,
MZA-00979,2006-08-31T09:08:59.300Z,2006,8,-34.034,-69.637,108.2,3.1,MD,MD,3.1095,Mendoza2022_Meq_to_Mw,Mendoza/YPF 2022,converted_regional,ISC,ISC,1,9831862,,inside_rectangle,single_source,yes,yes,
MZA-00980,2006-09-01T11:21:35.900Z,2006,9,-33.871,-69.823,9.1,3,MD,MD,3.0125,Mendoza2022_Meq_to_Mw,Mendoza/YPF 2022,converted_regional,ISC,ISC,1,9831900,,inside_rectangle,single_source,yes,yes,
MZA-00981,2006-09-01T14:57:50.560Z,2006,9,-32.0469,-69.9904,109.3,4.5,mb,mb,4.258,Mendoza2022_mb_to_Mw,Mendoza/YPF 2022,converted_regional,ISC,ISC + USGS,2,8659589,usp000es7z,inside_rectangle,accepted_auto,yes,yes,
MZA-00982,2006-09-03T20:56:18.100Z,2006,9,-32.601,-68.771,10,3.4,MD,MD,3.4005,Mendoza2022_Meq_to_Mw,Mendoza/YPF 2022,converted_regional,ISC,ISC + USGS,2,9673871,usp000esdw,inside_rectangle,accepted_auto,yes,yes,
MZA-00983,2006-09-07T13:11:06.200Z,2006,9,-32.064,-69.838,126.7,3.8,MD,MD,3.7885,Mendoza2022_Meq_to_Mw,Mendoza/YPF 2022,converted_regional,ISC,ISC + USGS,2,9674160,usp000esmz,inside_rectangle,accepted_auto,yes,yes,
MZA-00984,2006-09-12T02:48:16.800Z,2006,9,-34.206,-68.744,0,3.3,MD,MD,3.3035,Mendoza2022_Meq_to_Mw,Mendoza/YPF 2022,converted_regional,ISC,ISC + USGS,2,9674538,usp000esxy,inside_rectangle,accepted_auto,yes,yes,
MZA-00985,2006-09-13T05:20:07.800Z,2006,9,-33.516,-68.501,15.1,3.7,MD,MD,3.6915,Mendoza2022_Meq_to_Mw,Mendoza/YPF 2022,converted_regional,ISC,ISC,1,9832139,,inside_rectangle,single_source,yes,yes,
MZA-00986,2006-09-16T18:23:28.200Z,2006,9,-32.773,-68.82,7.5,2.8,ML,ML,2.8185,Mendoza2022_Meq_to_Mw,Mendoza/YPF 2022,converted_regional,ISC,ISC,1,9832210,,inside_rectangle,single_source,yes,yes,
MZA-00987,2006-09-19T03:21:53.900Z,2006,9,-32.899,-69.134,4.4,3.6,MD,MD,3.5945,Mendoza2022_Meq_to_Mw,Mendoza/YPF 2022,converted_regional,ISC,ISC + USGS,2,9675187,usp000etcp,inside_rectangle,accepted_auto,yes,yes,
MZA-00988,2006-09-19T11:14:21.600Z,2006,9,-33.116,-68.968,10.2,3,ML,ML,3.0125,Mendoza2022_Meq_to_Mw,Mendoza/YPF 2022,converted_regional,ISC,ISC + USGS,2,9675215,usp000etdk,inside_rectangle,accepted_auto,yes,yes,
MZA-00989,2006-09-20T22:24:53.300Z,2006,9,-32.07,-67.56,10,4.1,MD,MD,4.0795,Mendoza2022_Meq_to_Mw,Mendoza/YPF 2022,converted_regional,ISC,ISC + USGS,2,9675336,usp000etg4,inside_rectangle,accepted_auto,yes,yes,
MZA-00990,2006-09-22T13:17:19.900Z,2006,9,-33.138,-68.993,8.7,3.5,MD,MD,3.4975,Mendoza2022_Meq_to_Mw,Mendoza/YPF 2022,converted_regional,ISC,ISC + USGS,2,9675500,usp000etk8,inside_rectangle,accepted_auto,yes,yes,
MZA-00991,2006-09-24T21:08:49.500Z,2006,9,-32.228,-67.687,141,5.7,mwb,Mw,5.7,reported_Mw,ISC/USGS,direct,USGS,USGS,1,,usp000etrf,inside_rectangle,single_source,yes,yes,
MZA-00992,2006-09-25T19:31:34.400Z,2006,9,-33.424,-69.94,109.7,2.4,MD,MD,2.4305,Mendoza2022_Meq_to_Mw,Mendoza/YPF 2022,converted_regional,ISC,ISC,1,9832387,,inside_rectangle,single_source,yes,yes,
MZA-00993,2006-09-26T04:02:00.300Z,2006,9,-33.126,-68.969,11,3.6,MD,MD,3.5945,Mendoza2022_Meq_to_Mw,Mendoza/YPF 2022,converted_regional,ISC,ISC,1,9832399,,inside_rectangle,single_source,yes,yes,
MZA-00994,2006-09-27T16:17:53.200Z,2006,9,-33.131,-69.88,118.4,2.8,MD,MD,2.8185,Mendoza2022_Meq_to_Mw,Mendoza/YPF 2022,converted_regional,ISC,ISC + USGS,2,9675997,usp000etxt,inside_rectangle,accepted_auto,yes,yes,
MZA-00995,2006-10-03T08:45:13.700Z,2006,10,-32.291,-69.506,120.6,2.9,MD,MD,2.9155,Mendoza2022_Meq_to_Mw,Mendoza/YPF 2022,converted_regional,ISC,ISC + USGS,2,9832617,usp000eudk,inside_rectangle,accepted_auto,yes,yes,
MZA-00996,2006-10-04T02:50:07.399Z,2006,10,-34.426,-69.786,21.2,3.2,MD,MD,3.2065,Mendoza2022_Meq_to_Mw,Mendoza/YPF 2022,converted_regional,ISC,ISC + USGS,2,9832680,usp000euf9,inside_rectangle,accepted_auto,yes,yes,
MZA-00997,2006-10-06T00:10:13.400Z,2006,10,-32.241,-69.191,126.6,3.1,MD,MD,3.1095,Mendoza2022_Meq_to_Mw,Mendoza/YPF 2022,converted_regional,ISC,ISC + USGS,2,9832779,usp000euj3,inside_rectangle,accepted_auto,yes,yes,
MZA-00998,2006-10-10T19:16:49.200Z,2006,10,-32.698,-69.868,110.6,2.9,MD,MD,2.9155,Mendoza2022_Meq_to_Mw,Mendoza/YPF 2022,converted_regional,ISC,ISC + USGS,2,9833037,usp000euw8,inside_rectangle,accepted_auto,yes,yes,
MZA-00999,2006-10-12T06:02:28.800Z,2006,10,-33.621,-69.916,2,3.2,MD,MD,3.2065,Mendoza2022_Meq_to_Mw,Mendoza/YPF 2022,converted_regional,ISC,ISC + USGS,2,9833145,usp000euzq,inside_rectangle,accepted_auto,yes,yes,
MZA-01000,2006-10-12T19:47:01.500Z,2006,10,-32.196,-69.764,109.5,2.9,MD,MD,2.9155,Mendoza2022_Meq_to_Mw,Mendoza/YPF 2022,converted_regional,ISC,ISC + USGS,2,9833213,usp000ev1u,inside_rectangle,accepted_auto,yes,yes,
MZA-01001,2006-10-14T15:35:42.600Z,2006,10,-33.109,-68.921,3.7,3.6,MD,MD,3.5945,Mendoza2022_Meq_to_Mw,Mendoza/YPF 2022,converted_regional,ISC,ISC + USGS,2,9833379,usp000ev6g,inside_rectangle,accepted_manual_strong,yes,yes,
MZA-01002,2006-10-21T09:26:41.350Z,2006,10,-33.2132,-68.7179,17.9,3.9,mb,mb,3.9256,Mendoza2022_mb_to_Mw,Mendoza/YPF 2022,converted_regional,ISC,ISC + USGS,2,9680097,usp000evpp,inside_rectangle,accepted_auto,yes,yes,
MZA-01003,2006-10-24T05:54:18.800Z,2006,10,-32.856,-69.137,12.3,3.4,ML,ML,3.4005,Mendoza2022_Meq_to_Mw,Mendoza/YPF 2022,converted_regional,ISC,ISC + USGS,2,9840549,usp000evwx,inside_rectangle,accepted_auto,yes,yes,
MZA-01004,2006-10-26T05:36:50.100Z,2006,10,-32.647,-69.982,110.7,2.6,ML,ML,2.6245,Mendoza2022_Meq_to_Mw,Mendoza/YPF 2022,converted_regional,ISC,ISC + USGS,2,9840710,usp000ew24,inside_rectangle,accepted_auto,yes,yes,
MZA-01005,2006-10-26T06:44:04.000Z,2006,10,-32.672,-69.915,112.5,2.7,ML,ML,2.7215,Mendoza2022_Meq_to_Mw,Mendoza/YPF 2022,converted_regional,ISC,ISC + USGS,2,9840712,usp000ew29,inside_rectangle,accepted_auto,yes,yes,
MZA-01006,2006-10-27T07:30:30.300Z,2006,10,-32.172,-69.479,127.9,2.9,MD,MD,2.9155,Mendoza2022_Meq_to_Mw,Mendoza/YPF 2022,converted_regional,ISC,ISC + USGS,2,9840780,usp000ew42,inside_rectangle,accepted_auto,yes,yes,
MZA-01007,2006-11-04T15:30:07.900Z,2006,11,-33.169,-68.955,7.1,3.9,MD,MD,3.8855,Mendoza2022_Meq_to_Mw,Mendoza/YPF 2022,converted_regional,ISC,ISC + USGS,2,9841261,usp000ewmb,inside_rectangle,accepted_auto,yes,yes,
MZA-01008,2006-11-05T15:47:00.500Z,2006,11,-34.271,-69.868,15.8,3.7,MD,MD,3.6915,Mendoza2022_Meq_to_Mw,Mendoza/YPF 2022,converted_regional,ISC,ISC + USGS,2,9841293,usp000ewp7,inside_rectangle,accepted_auto,yes,yes,
MZA-01009,2006-11-07T12:17:34.900Z,2006,11,-32.946,-69.025,10.1,3.9,MD,MD,3.8855,Mendoza2022_Meq_to_Mw,Mendoza/YPF 2022,converted_regional,ISC,ISC + USGS,2,9841409,usp000ewtf,inside_rectangle,accepted_auto,yes,yes,
MZA-01010,2006-11-10T02:27:43.600Z,2006,11,-32.699,-69.958,111.2,3.3,MD,MD,3.3035,Mendoza2022_Meq_to_Mw,Mendoza/YPF 2022,converted_regional,ISC,ISC + USGS,2,9841582,usp000ex1u,inside_rectangle,accepted_auto,yes,yes,
MZA-01011,2006-11-13T02:56:35.100Z,2006,11,-33.171,-69.005,11.9,3.5,MD,MD,3.4975,Mendoza2022_Meq_to_Mw,Mendoza/YPF 2022,converted_regional,ISC,ISC,1,9841802,,inside_rectangle,single_source,yes,yes,
MZA-01012,2006-11-16T22:03:17.200Z,2006,11,-32.068,-69.772,129.2,2.9,MD,MD,2.9155,Mendoza2022_Meq_to_Mw,Mendoza/YPF 2022,converted_regional,ISC,ISC + USGS,2,9842114,usp000exwr,inside_rectangle,accepted_auto,yes,yes,
MZA-01013,2006-11-24T21:35:17.900Z,2006,11,-32.591,-67.802,10,3.9,MD,MD,3.8855,Mendoza2022_Meq_to_Mw,Mendoza/YPF 2022,converted_regional,ISC,ISC + USGS,2,9750114,usp000eyre,inside_rectangle,accepted_auto,yes,yes,
MZA-01014,2006-11-28T14:06:01.399Z,2006,11,-33.159,-68.978,6.9,3.5,MD,MD,3.4975,Mendoza2022_Meq_to_Mw,Mendoza/YPF 2022,converted_regional,ISC,ISC + USGS,2,9750412,usp000ez1j,inside_rectangle,accepted_auto,yes,yes,
MZA-01015,2006-11-28T15:20:21.100Z,2006,11,-33.077,-68.93,11.4,3.8,MD,MD,3.7885,Mendoza2022_Meq_to_Mw,Mendoza/YPF 2022,converted_regional,ISC,ISC + USGS,2,9750420,usp000ez1z,inside_rectangle,accepted_auto,yes,yes,
MZA-01016,2006-11-29T19:56:46.400Z,2006,11,-34.32,-69.9,14.7,3.3,MD,MD,3.3035,Mendoza2022_Meq_to_Mw,Mendoza/YPF 2022,converted_regional,ISC,ISC,1,9750566,,inside_rectangle,single_source,yes,yes,
MZA-01017,2006-12-02T04:57:27.800Z,2006,12,-33.114,-68.967,12.3,3.3,MD,MD,3.3035,Mendoza2022_Meq_to_Mw,Mendoza/YPF 2022,converted_regional,ISC,ISC + USGS,2,9618346,usp000ezb5,inside_rectangle,accepted_auto,yes,yes,
MZA-01018,2006-12-09T03:52:35.000Z,2006,12,-32.869,-69.908,113.6,2.5,ML,ML,2.5275,Mendoza2022_Meq_to_Mw,Mendoza/YPF 2022,converted_regional,ISC,ISC,1,9618487,,inside_rectangle,single_source,yes,yes,
MZA-01019,2006-12-09T15:47:28.200Z,2006,12,-32.896,-67.889,2.6,3.8,MD,MD,3.7885,Mendoza2022_Meq_to_Mw,Mendoza/YPF 2022,converted_regional,ISC,ISC,1,9618495,,inside_rectangle,single_source,yes,yes,
MZA-01020,2006-12-10T10:37:33.200Z,2006,12,-34.102,-68.597,8.7,3.8,MD,MD,3.7885,Mendoza2022_Meq_to_Mw,Mendoza/YPF 2022,converted_regional,ISC,ISC + USGS,2,9618511,usp000ezyj,inside_rectangle,accepted_auto,yes,yes,
MZA-01021,2006-12-15T21:10:41.900Z,2006,12,-33.443,-68.156,14.6,3.4,MD,MD,3.4005,Mendoza2022_Meq_to_Mw,Mendoza/YPF 2022,converted_regional,ISC,ISC,1,9618617,,inside_rectangle,single_source,yes,yes,
MZA-01022,2006-12-20T13:48:58.500Z,2006,12,-33.219,-68.481,2.1,3.7,MD,MD,3.6915,Mendoza2022_Meq_to_Mw,Mendoza/YPF 2022,converted_regional,ISC,ISC,1,9618708,,inside_rectangle,single_source,yes,yes,
MZA-01023,2006-12-24T19:28:05.300Z,2006,12,-32.089,-68.133,25,3.8,ML,ML,3.7885,Mendoza2022_Meq_to_Mw,Mendoza/YPF 2022,converted_regional,ISC,ISC,1,9618798,,inside_rectangle,single_source,yes,yes,
MZA-01024,2006-12-27T18:11:05.800Z,2006,12,-32.263,-69.805,132.9,3.3,MD,MD,3.3035,Mendoza2022_Meq_to_Mw,Mendoza/YPF 2022,converted_regional,ISC,ISC + USGS,2,9618848,usp000f14r,inside_rectangle,accepted_auto,yes,yes,
MZA-01025,2007-01-03T16:48:11.400Z,2007,1,-32.223,-69.72,132.9,3.6,MD,MD,3.5945,Mendoza2022_Meq_to_Mw,Mendoza/YPF 2022,converted_regional,ISC,ISC + USGS,2,10378330,usp000f1mx,inside_rectangle,accepted_auto,yes,yes,
MZA-01026,2007-01-03T18:04:47.999Z,2007,1,-32.706,-68.727,17.3,3.9,MD,MD,3.8855,Mendoza2022_Meq_to_Mw,Mendoza/YPF 2022,converted_regional,ISC,ISC + USGS,2,10378331,usp000f1n1,inside_rectangle,accepted_auto,yes,yes,
MZA-01027,2007-01-06T18:06:03.000Z,2007,1,-32.106,-69.214,177.2,3.2,MD,MD,3.2065,Mendoza2022_Meq_to_Mw,Mendoza/YPF 2022,converted_regional,ISC,ISC + USGS,2,10380214,usp000f1u7,inside_rectangle,accepted_auto,yes,yes,
MZA-01028,2007-01-19T17:43:52.300Z,2007,1,-33.537,-69.994,3,3.2,MD,MD,3.2065,Mendoza2022_Meq_to_Mw,Mendoza/YPF 2022,converted_regional,ISC,ISC + USGS,2,10389256,usp000f30a,inside_rectangle,accepted_auto,yes,yes,
MZA-01029,2007-01-23T07:52:15.500Z,2007,1,-33.895,-68.709,8,3.4,MD,MD,3.4005,Mendoza2022_Meq_to_Mw,Mendoza/YPF 2022,converted_regional,ISC,ISC + USGS,2,10393342,usp000f3cx,inside_rectangle,accepted_auto,yes,yes,
MZA-01030,2007-01-25T12:36:13.800Z,2007,1,-32.791,-69.974,110.8,2.7,ML,ML,2.7215,Mendoza2022_Meq_to_Mw,Mendoza/YPF 2022,converted_regional,ISC,ISC + USGS,2,10394819,usp000f3jn,inside_rectangle,accepted_auto,yes,yes,
MZA-01031,2007-01-26T08:10:12.899Z,2007,1,-32.248,-69.857,133.8,3.6,MD,MD,3.5945,Mendoza2022_Meq_to_Mw,Mendoza/YPF 2022,converted_regional,ISC,ISC + USGS,2,10395578,usp000f3n3,inside_rectangle,accepted_auto,yes,yes,
MZA-01032,2007-01-30T07:08:56.240Z,2007,1,-32.4444,-69.7003,117.7,3.6,mb,mb,3.7594,Mendoza2022_mb_to_Mw,Mendoza/YPF 2022,converted_regional,ISC,ISC + USGS,2,10398256,usp000f3xw,inside_rectangle,accepted_auto,yes,yes,
MZA-01033,2007-02-08T12:24:55.900Z,2007,2,-32.679,-69.83,115.2,3.2,MD,MD,3.2065,Mendoza2022_Meq_to_Mw,Mendoza/YPF 2022,converted_regional,ISC,ISC + USGS,2,11498561,usp000f4g8,inside_rectangle,accepted_auto,yes,yes,
MZA-01034,2007-02-09T08:52:45.200Z,2007,2,-32.703,-69.853,103.7,2.8,MD,MD,2.8185,Mendoza2022_Meq_to_Mw,Mendoza/YPF 2022,converted_regional,ISC,ISC,1,11499174,,inside_rectangle,single_source,yes,yes,
MZA-01035,2007-02-09T16:34:12.500Z,2007,2,-33.608,-69.972,4.4,3.9,MD,MD,3.8855,Mendoza2022_Meq_to_Mw,Mendoza/YPF 2022,converted_regional,ISC,ISC + USGS,2,11499464,usp000f4jt,inside_rectangle,accepted_auto,yes,yes,
MZA-01036,2007-02-11T11:32:22.900Z,2007,2,-33.036,-69.062,25.7,3.8,MD,MD,3.7885,Mendoza2022_Meq_to_Mw,Mendoza/YPF 2022,converted_regional,ISC,ISC,1,11500574,,inside_rectangle,single_source,yes,yes,
MZA-01037,2007-02-19T19:06:17.000Z,2007,2,-33.29,-68.586,3.3,4.1,ML,ML,4.0795,Mendoza2022_Meq_to_Mw,Mendoza/YPF 2022,converted_regional,ISC,ISC + USGS,2,11505943,usp000f564,inside_rectangle,accepted_auto,yes,yes,
MZA-01038,2007-02-26T07:18:39.900Z,2007,2,-32.952,-68.292,12.6,3.8,MD,MD,3.7885,Mendoza2022_Meq_to_Mw,Mendoza/YPF 2022,converted_regional,ISC,ISC + USGS,2,11510247,usp000f5p7,inside_rectangle,accepted_auto,yes,yes,
MZA-01039,2007-02-26T16:36:12.800Z,2007,2,-32.446,-69.716,116,3,MD,MD,3.0125,Mendoza2022_Meq_to_Mw,Mendoza/YPF 2022,converted_regional,ISC,ISC + USGS,2,11510509,usp000f5pu,inside_rectangle,accepted_auto,yes,yes,
MZA-01040,2007-02-27T23:37:03.900Z,2007,2,-32.248,-69.877,110.8,2.7,MD,MD,2.7215,Mendoza2022_Meq_to_Mw,Mendoza/YPF 2022,converted_regional,ISC,ISC,1,11511404,,inside_rectangle,single_source,yes,yes,
MZA-01041,2007-03-06T02:55:44.800Z,2007,3,-32.106,-69.596,135,2.8,MD,MD,2.8185,Mendoza2022_Meq_to_Mw,Mendoza/YPF 2022,converted_regional,ISC,ISC,1,11691313,,inside_rectangle,single_source,yes,yes,
MZA-01042,2007-03-06T23:30:15.600Z,2007,3,-32.039,-69.788,121,2.7,ML,ML,2.7215,Mendoza2022_Meq_to_Mw,Mendoza/YPF 2022,converted_regional,ISC,ISC + USGS,2,11691863,usp000f67x,inside_rectangle,accepted_auto,yes,yes,
MZA-01043,2007-03-07T01:43:18.900Z,2007,3,-32.46,-69.49,137.3,3,MD,MD,3.0125,Mendoza2022_Meq_to_Mw,Mendoza/YPF 2022,converted_regional,ISC,ISC,1,11691906,,inside_rectangle,single_source,yes,yes,
MZA-01044,2007-03-12T18:44:39.100Z,2007,3,-32.321,-68.804,145.2,3,MD,MD,3.0125,Mendoza2022_Meq_to_Mw,Mendoza/YPF 2022,converted_regional,ISC,ISC + USGS,2,11695554,usp000f6k3,inside_rectangle,accepted_auto,yes,yes,
MZA-01045,2007-03-16T18:29:48.400Z,2007,3,-32.368,-69.874,124.8,3.5,MD,MD,3.4975,Mendoza2022_Meq_to_Mw,Mendoza/YPF 2022,converted_regional,ISC,ISC + USGS,2,11698147,usp000f6uq,inside_rectangle,accepted_auto,yes,yes,
MZA-01046,2007-03-16T22:08:44.000Z,2007,3,-35.202,-68.65,0,3.5,MD,MD,3.4975,Mendoza2022_Meq_to_Mw,Mendoza/YPF 2022,converted_regional,ISC,ISC + USGS,2,11698243,usp000f6v0,inside_rectangle,accepted_auto,yes,yes,
MZA-01047,2007-03-21T11:12:31.200Z,2007,3,-33.626,-69.4,150,2.8,MD,MD,2.8185,Mendoza2022_Meq_to_Mw,Mendoza/YPF 2022,converted_regional,ISC,ISC + USGS,2,11700968,usp000f73s,inside_rectangle,accepted_auto,yes,yes,
MZA-01048,2007-03-21T12:46:14.600Z,2007,3,-32.607,-69.274,168.9,3.2,MD,MD,3.2065,Mendoza2022_Meq_to_Mw,Mendoza/YPF 2022,converted_regional,ISC,ISC + USGS,2,11701021,usp000f73v,inside_rectangle,accepted_auto,yes,yes,
MZA-01049,2007-03-28T18:05:43.300Z,2007,3,-32.156,-69.739,131.5,3.3,MD,MD,3.3035,Mendoza2022_Meq_to_Mw,Mendoza/YPF 2022,converted_regional,ISC,ISC + USGS,2,11707762,usp000f7qp,inside_rectangle,accepted_auto,yes,yes,
MZA-01050,2007-03-30T00:20:09.800Z,2007,3,-32.454,-69.975,118.2,3,MD,MD,3.0125,Mendoza2022_Meq_to_Mw,Mendoza/YPF 2022,converted_regional,ISC,ISC + USGS,2,11708909,usp000f7u1,inside_rectangle,accepted_auto,yes,yes,
MZA-01051,2007-04-03T11:28:58.700Z,2007,4,-32.243,-69.626,123.1,3.1,MD,MD,3.1095,Mendoza2022_Meq_to_Mw,Mendoza/YPF 2022,converted_regional,ISC,ISC + USGS,2,11914387,usp000f8f8,inside_rectangle,accepted_auto,yes,yes,
MZA-01052,2007-04-05T00:21:49.800Z,2007,4,-32.162,-68.485,163.7,4,MD,MD,3.9825,Mendoza2022_Meq_to_Mw,Mendoza/YPF 2022,converted_regional,ISC,ISC + USGS,2,11916046,usp000f8qe,inside_rectangle,accepted_auto,yes,yes,
MZA-01053,2007-04-11T09:34:45.109Z,2007,4,-32.081,-67.9173,2.5,3.7,mb,mb,3.8148,Mendoza2022_mb_to_Mw,Mendoza/YPF 2022,converted_regional,ISC,ISC + USGS,2,11922546,usp000f9e6,inside_rectangle,accepted_auto,yes,yes,
MZA-01054,2007-04-17T20:51:36.400Z,2007,4,-33.193,-69.859,127.5,3,MD,MD,3.0125,Mendoza2022_Meq_to_Mw,Mendoza/YPF 2022,converted_regional,ISC,ISC,1,11927953,,inside_rectangle,single_source,yes,yes,
MZA-01055,2007-04-21T11:25:18.200Z,2007,4,-32.237,-69.952,18.6,3.5,MD,MD,3.4975,Mendoza2022_Meq_to_Mw,Mendoza/YPF 2022,converted_regional,ISC,ISC + USGS,2,11930981,usp000fa8n,inside_rectangle,accepted_auto,yes,yes,
MZA-01056,2007-04-21T16:39:36.050Z,2007,4,-32.2485,-69.5998,124.3,3.8,MD,MD,3.7885,Mendoza2022_Meq_to_Mw,Mendoza/YPF 2022,converted_regional,ISC,ISC + USGS,2,11931142,usp000fa91,inside_rectangle,accepted_manual_location_uncertainty,yes,yes,Match con discrepancia espacial moderada.
MZA-01057,2007-05-01T00:58:14.200Z,2007,5,-32.896,-69.056,11.3,4.1,MD,MD,4.0795,Mendoza2022_Meq_to_Mw,Mendoza/YPF 2022,converted_regional,ISC,ISC + USGS,2,12645092,usp000fazb,inside_rectangle,accepted_auto,yes,yes,
MZA-01058,2007-05-03T11:29:59.400Z,2007,5,-32.85,-69.21,4.1,3.9,MD,MD,3.8855,Mendoza2022_Meq_to_Mw,Mendoza/YPF 2022,converted_regional,ISC,ISC + USGS,2,12646869,usp000fb53,inside_rectangle,accepted_manual_strong,yes,yes,
MZA-01059,2007-05-04T10:08:06.000Z,2007,5,-33.657,-69.988,118.2,2.1,ML,ML,2.1395,Mendoza2022_Meq_to_Mw,Mendoza/YPF 2022,converted_regional,ISC,ISC,1,12647643,,inside_rectangle,single_source,yes,yes,
MZA-01060,2007-05-08T16:39:14.769Z,2007,5,-32.875,-69.939,104.2,4.7,mb,mb,4.3688,Mendoza2022_mb_to_Mw,Mendoza/YPF 2022,converted_regional,USGS,USGS,1,,usp000fbhx,inside_rectangle,single_source,yes,yes,
MZA-01061,2007-05-08T17:09:43.850Z,2007,5,-32.0429,-69.2257,114.8,3.1,mb,mb,3.4824,Mendoza2022_mb_to_Mw,Mendoza/YPF 2022,converted_regional,ISC,ISC + USGS,2,12650935,usp000fbhz,inside_rectangle,accepted_auto,yes,yes,
MZA-01062,2007-05-09T16:07:26.600Z,2007,5,-33.996,-70,13.6,3.3,MD,MD,3.3035,Mendoza2022_Meq_to_Mw,Mendoza/YPF 2022,converted_regional,ISC,ISC,1,12651616,,inside_rectangle,single_source,yes,yes,
MZA-01063,2007-05-13T15:27:42.000Z,2007,5,-33.157,-69.998,12.1,3.9,MD,MD,3.8855,Mendoza2022_Meq_to_Mw,Mendoza/YPF 2022,converted_regional,ISC,ISC + USGS,2,12654520,usp000fbwy,inside_rectangle,accepted_auto,yes,yes,
MZA-01064,2007-05-18T09:50:53.900Z,2007,5,-33.468,-69.734,1.1,3.4,MD,MD,3.4005,Mendoza2022_Meq_to_Mw,Mendoza/YPF 2022,converted_regional,ISC,ISC + USGS,2,12657849,usp000fc7h,inside_rectangle,accepted_auto,yes,yes,
MZA-01065,2007-05-19T09:06:48.000Z,2007,5,-33.805,-68.988,150,3.1,MD,MD,3.1095,Mendoza2022_Meq_to_Mw,Mendoza/YPF 2022,converted_regional,ISC,ISC + USGS,2,12658456,usp000fc9y,inside_rectangle,accepted_auto,yes,yes,
MZA-01066,2007-05-24T03:53:30.000Z,2007,5,-33.366,-69.935,3.2,3.9,MD,MD,3.8855,Mendoza2022_Meq_to_Mw,Mendoza/YPF 2022,converted_regional,ISC,ISC + USGS,2,12661971,usp000fcmb,inside_rectangle,accepted_auto,yes,yes,
MZA-01067,2007-05-25T04:37:26.800Z,2007,5,-33.289,-68.909,10,3.4,MD,MD,3.4005,Mendoza2022_Meq_to_Mw,Mendoza/YPF 2022,converted_regional,ISC,ISC,1,12662683,,inside_rectangle,single_source,yes,yes,
MZA-01068,2007-05-26T09:48:36.000Z,2007,5,-33.336,-69.861,101.1,2.8,MD,MD,2.8185,Mendoza2022_Meq_to_Mw,Mendoza/YPF 2022,converted_regional,ISC,ISC + USGS,2,12663533,usp000fcss,inside_rectangle,accepted_auto,yes,yes,
MZA-01069,2007-06-01T05:43:33.000Z,2007,6,-32.166,-69.335,150,4,MD,MD,3.9825,Mendoza2022_Meq_to_Mw,Mendoza/YPF 2022,converted_regional,ISC,ISC,1,12669289,,inside_rectangle,single_source,yes,yes,
MZA-01070,2007-06-07T04:33:33.800Z,2007,6,-32.314,-69.948,114.7,3.5,MD,MD,3.4975,Mendoza2022_Meq_to_Mw,Mendoza/YPF 2022,converted_regional,ISC,ISC + USGS,2,12674024,usp000fdhn,inside_rectangle,accepted_auto,yes,yes,
MZA-01071,2007-06-07T21:10:20.500Z,2007,6,-32.685,-69.982,127.6,3.1,MD,MD,3.1095,Mendoza2022_Meq_to_Mw,Mendoza/YPF 2022,converted_regional,ISC,ISC + USGS,2,12674807,usp000fdka,inside_rectangle,accepted_auto,yes,yes,
MZA-01072,2007-06-08T03:49:00.700Z,2007,6,-32.539,-69.855,87.5,2.4,ML,ML,2.4305,Mendoza2022_Meq_to_Mw,Mendoza/YPF 2022,converted_regional,ISC,ISC,1,12675070,,inside_rectangle,single_source,yes,yes,
MZA-01073,2007-06-08T14:05:47.300Z,2007,6,-32.233,-69.93,104,3.2,MD,MD,3.2065,Mendoza2022_Meq_to_Mw,Mendoza/YPF 2022,converted_regional,ISC,ISC + USGS,2,12675573,usp000fdmn,inside_rectangle,accepted_auto,yes,yes,
MZA-01074,2007-06-09T22:52:06.000Z,2007,6,-34.422,-69.802,16.3,3.3,MD,MD,3.3035,Mendoza2022_Meq_to_Mw,Mendoza/YPF 2022,converted_regional,ISC,ISC,1,12676744,,inside_rectangle,single_source,yes,yes,
MZA-01075,2007-06-12T12:27:06.430Z,2007,6,-32.2314,-69.533,123.5,3.7,MD,MD,3.6915,Mendoza2022_Meq_to_Mw,Mendoza/YPF 2022,converted_regional,ISC,ISC + USGS,2,12678555,usp000fdwd,inside_rectangle,accepted_auto,yes,yes,
MZA-01076,2007-06-15T01:52:07.900Z,2007,6,-33.247,-69.061,55,3.4,MD,MD,3.4005,Mendoza2022_Meq_to_Mw,Mendoza/YPF 2022,converted_regional,ISC,ISC + USGS,2,12680335,usp000fe1j,inside_rectangle,accepted_auto,yes,yes,
MZA-01077,2007-06-16T11:05:12.550Z,2007,6,-32.0603,-69.5021,123.3,3.8,MD,MD,3.7885,Mendoza2022_Meq_to_Mw,Mendoza/YPF 2022,converted_regional,ISC,ISC + USGS,2,12681219,usp000fe4v,inside_rectangle,accepted_auto,yes,yes,
MZA-01078,2007-06-17T08:46:48.900Z,2007,6,-32.427,-69.655,101.9,3.4,MD,MD,3.4005,Mendoza2022_Meq_to_Mw,Mendoza/YPF 2022,converted_regional,ISC,ISC + USGS,2,12681867,usp000fe7a,inside_rectangle,accepted_auto,yes,yes,
MZA-01079,2007-06-18T10:45:31.200Z,2007,6,-32.681,-69.907,108.3,2.3,MD,MD,2.3335,Mendoza2022_Meq_to_Mw,Mendoza/YPF 2022,converted_regional,ISC,ISC,1,12682611,,inside_rectangle,single_source,yes,yes,
MZA-01080,2007-06-23T11:53:19.400Z,2007,6,-33.421,-68.809,8.7,3.6,MD,MD,3.5945,Mendoza2022_Meq_to_Mw,Mendoza/YPF 2022,converted_regional,ISC,ISC + USGS,2,12686350,usp000femt,inside_rectangle,accepted_auto,yes,yes,
MZA-01081,2007-06-24T14:02:42.200Z,2007,6,-32.044,-68.045,139.6,3.5,MD,MD,3.4975,Mendoza2022_Meq_to_Mw,Mendoza/YPF 2022,converted_regional,ISC,ISC + USGS,2,12687203,usp000fer1,inside_rectangle,accepted_auto,yes,yes,
MZA-01082,2007-07-02T23:01:48.400Z,2007,7,-33.682,-68.745,8.2,3.6,MD,MD,3.5945,Mendoza2022_Meq_to_Mw,Mendoza/YPF 2022,converted_regional,ISC,ISC,1,12760919,,inside_rectangle,single_source,yes,yes,
MZA-01083,2007-07-03T06:38:33.300Z,2007,7,-33.927,-68.786,17.5,2.1,ML,ML,2.1395,Mendoza2022_Meq_to_Mw,Mendoza/YPF 2022,converted_regional,ISC,ISC,1,12761107,,inside_rectangle,single_source,yes,yes,
MZA-01084,2007-07-04T08:48:23.700Z,2007,7,-33.078,-69.997,2.8,3.5,MD,MD,3.4975,Mendoza2022_Meq_to_Mw,Mendoza/YPF 2022,converted_regional,ISC,ISC,1,12761955,,inside_rectangle,single_source,yes,yes,
MZA-01085,2007-07-08T20:20:08.200Z,2007,7,-32.082,-69.585,146.3,3.4,MD,MD,3.4005,Mendoza2022_Meq_to_Mw,Mendoza/YPF 2022,converted_regional,ISC,ISC + USGS,2,12765279,usp000fft4,inside_rectangle,accepted_auto,yes,yes,
MZA-01086,2007-07-11T14:47:54.000Z,2007,7,-32.643,-69.967,112.6,3,MD,MD,3.0125,Mendoza2022_Meq_to_Mw,Mendoza/YPF 2022,converted_regional,ISC,ISC + USGS,2,12767129,usp000ffzh,inside_rectangle,accepted_auto,yes,yes,
MZA-01087,2007-07-13T11:49:35.200Z,2007,7,-33.326,-69.799,2.4,3.8,MD,MD,3.7885,Mendoza2022_Meq_to_Mw,Mendoza/YPF 2022,converted_regional,ISC,ISC + USGS,2,12768289,usp000fg3b,inside_rectangle,accepted_auto,yes,yes,
MZA-01088,2007-07-13T12:04:15.199Z,2007,7,-33.269,-69.803,41.7,3.1,MD,MD,3.1095,Mendoza2022_Meq_to_Mw,Mendoza/YPF 2022,converted_regional,ISC,ISC,1,12768300,,inside_rectangle,single_source,yes,yes,
MZA-01089,2007-07-14T08:22:22.500Z,2007,7,-33.104,-68.991,55,3.1,MD,MD,3.1095,Mendoza2022_Meq_to_Mw,Mendoza/YPF 2022,converted_regional,ISC,ISC + USGS,2,12768759,usp000fg4x,inside_rectangle,accepted_auto,yes,yes,
MZA-01090,2007-07-28T14:59:51.300Z,2007,7,-33.594,-68.756,5,3.5,MD,MD,3.4975,Mendoza2022_Meq_to_Mw,Mendoza/YPF 2022,converted_regional,ISC,ISC,1,12781283,,inside_rectangle,single_source,yes,yes,
MZA-01091,2007-07-29T15:07:29.119Z,2007,7,-32.024,-68.273,56.7,4,md,MD,3.9825,Mendoza2022_Meq_to_Mw,Mendoza/YPF 2022,converted_regional,USGS,USGS,1,,usp000fhc4,inside_rectangle,single_source,yes,yes,
MZA-01092,2007-07-30T06:42:38.030Z,2007,7,-33.3852,-68.3444,8.8,4.3,MD,MD,4.2735,Mendoza2022_Meq_to_Mw,Mendoza/YPF 2022,converted_regional,ISC,ISC + USGS,2,12782486,usp000fhe4,inside_rectangle,accepted_auto,yes,yes,
MZA-01093,2007-08-03T08:46:56.800Z,2007,8,-33.33,-69.739,22.1,3.3,MD,MD,3.3035,Mendoza2022_Meq_to_Mw,Mendoza/YPF 2022,converted_regional,ISC,ISC + USGS,2,12795920,usp000fhst,inside_rectangle,accepted_auto,yes,yes,
MZA-01094,2007-08-08T18:22:47.700Z,2007,8,-33.137,-68.973,10.1,3.3,MD,MD,3.3035,Mendoza2022_Meq_to_Mw,Mendoza/YPF 2022,converted_regional,ISC,ISC + USGS,2,12799414,usp000fj6s,inside_rectangle,accepted_auto,yes,yes,
MZA-01095,2007-08-11T21:12:07.100Z,2007,8,-32.271,-68.63,150,3,ML,ML,3.0125,Mendoza2022_Meq_to_Mw,Mendoza/YPF 2022,converted_regional,ISC,ISC + USGS,2,12801545,usp000fjee,inside_rectangle,accepted_auto,yes,yes,
MZA-01096,2007-08-16T04:08:58.500Z,2007,8,-34.092,-69.767,16.8,2.6,ML,ML,2.6245,Mendoza2022_Meq_to_Mw,Mendoza/YPF 2022,converted_regional,ISC,ISC + USGS,2,12806346,usp000fjuv,inside_rectangle,accepted_auto,yes,yes,
MZA-01097,2007-08-16T05:02:38.100Z,2007,8,-34.086,-69.75,16.8,1.8,ML,ML,1.8485,Mendoza2022_Meq_to_Mw,Mendoza/YPF 2022,converted_regional,ISC,ISC,1,12806314,,inside_rectangle,single_source,yes,yes,
MZA-01098,2007-08-16T12:42:59.800Z,2007,8,-33.102,-69.566,8,3.3,MD,MD,3.3035,Mendoza2022_Meq_to_Mw,Mendoza/YPF 2022,converted_regional,ISC,ISC + USGS,2,12805901,usp000fjxa,inside_rectangle,accepted_auto,yes,yes,
MZA-01099,2007-08-17T01:08:23.500Z,2007,8,-32.936,-68.666,15,2.4,ML,ML,2.4305,Mendoza2022_Meq_to_Mw,Mendoza/YPF 2022,converted_regional,ISC,ISC,1,12807113,,inside_rectangle,single_source,yes,yes,
MZA-01100,2007-08-19T07:22:46.600Z,2007,8,-32.194,-69.859,149.1,2.7,MD,MD,2.7215,Mendoza2022_Meq_to_Mw,Mendoza/YPF 2022,converted_regional,ISC,ISC + USGS,2,12808662,usp000fk66,inside_rectangle,accepted_auto,yes,yes,
MZA-01101,2007-08-24T16:09:43.000Z,2007,8,-32.182,-69.71,135,3.2,MD,MD,3.2065,Mendoza2022_Meq_to_Mw,Mendoza/YPF 2022,converted_regional,ISC,ISC + USGS,2,12812272,usp000fkkt,inside_rectangle,accepted_auto,yes,yes,
MZA-01102,2007-08-26T01:07:24.600Z,2007,8,-32.034,-68.742,150,3.5,MD,MD,3.4975,Mendoza2022_Meq_to_Mw,Mendoza/YPF 2022,converted_regional,ISC,ISC + USGS,2,12813690,usp000fkpy,inside_rectangle,accepted_auto,yes,yes,
MZA-01103,2007-08-26T20:40:57.500Z,2007,8,-32.908,-68.094,25,3.2,ML,ML,3.2065,Mendoza2022_Meq_to_Mw,Mendoza/YPF 2022,converted_regional,ISC,ISC + USGS,2,12813345,usp000fkrz,inside_rectangle,accepted_auto,yes,yes,
MZA-01104,2007-08-30T12:59:15.000Z,2007,8,-34.185,-69.987,10.3,3.7,MD,MD,3.6915,Mendoza2022_Meq_to_Mw,Mendoza/YPF 2022,converted_regional,ISC,ISC + USGS,2,12816704,usp000fm0p,inside_rectangle,accepted_auto,yes,yes,
MZA-01105,2007-09-05T05:52:29.590Z,2007,9,-32.0701,-67.19,127,3.7,MD,MD,3.6915,Mendoza2022_Meq_to_Mw,Mendoza/YPF 2022,converted_regional,ISC,ISC + USGS,2,12957924,usp000fmfm,inside_rectangle,accepted_auto,yes,yes,
MZA-01106,2007-09-15T19:16:37.970Z,2007,9,-32.8922,-68.7783,17.1,4.2,MD,MD,4.1765,Mendoza2022_Meq_to_Mw,Mendoza/YPF 2022,converted_regional,ISC,ISC + USGS,2,12964644,usp000fncg,inside_rectangle,accepted_auto,yes,yes,
MZA-01107,2007-09-16T13:17:49.370Z,2007,9,-32.116,-69.928,137.8,3.3,MD,MD,3.3035,Mendoza2022_Meq_to_Mw,Mendoza/YPF 2022,converted_regional,ISC,ISC + USGS,2,12965261,usp000fner,inside_rectangle,accepted_auto,yes,yes,
MZA-01108,2007-09-19T05:12:54.399Z,2007,9,-32.194,-69.588,132.6,2.3,ML,ML,2.3335,Mendoza2022_Meq_to_Mw,Mendoza/YPF 2022,converted_regional,ISC,ISC,1,12967732,,inside_rectangle,single_source,yes,yes,
MZA-01109,2007-09-23T05:05:40.700Z,2007,9,-34.205,-68.45,20.6,3.2,MD,MD,3.2065,Mendoza2022_Meq_to_Mw,Mendoza/YPF 2022,converted_regional,ISC,ISC + USGS,2,12970290,usp000fnxs,inside_rectangle,accepted_auto,yes,yes,
MZA-01110,2007-09-25T12:05:46.199Z,2007,9,-32.682,-69.886,127.5,2.9,MD,MD,2.9155,Mendoza2022_Meq_to_Mw,Mendoza/YPF 2022,converted_regional,ISC,ISC + USGS,2,12971333,usp000fp33,inside_rectangle,accepted_auto,yes,yes,
MZA-01111,2007-09-29T02:15:30.500Z,2007,9,-33.801,-69.221,108.2,2.7,MD,MD,2.7215,Mendoza2022_Meq_to_Mw,Mendoza/YPF 2022,converted_regional,ISC,ISC,1,12974635,,inside_rectangle,single_source,yes,yes,
MZA-01112,2007-09-30T10:52:17.100Z,2007,9,-32.033,-69.847,157,2.6,MD,MD,2.6245,Mendoza2022_Meq_to_Mw,Mendoza/YPF 2022,converted_regional,ISC,ISC + USGS,2,12975136,usp000fphu,inside_rectangle,accepted_auto,yes,yes,
MZA-01113,2007-10-02T18:33:15.900Z,2007,10,-33.55,-68.394,8,3.7,MD,MD,3.6915,Mendoza2022_Meq_to_Mw,Mendoza/YPF 2022,converted_regional,ISC,ISC + USGS,2,13233831,usp000fpqw,inside_rectangle,accepted_auto,yes,yes,
MZA-01114,2007-10-04T14:26:45.000Z,2007,10,-33.939,-68.796,12.7,3.2,MD,MD,3.2065,Mendoza2022_Meq_to_Mw,Mendoza/YPF 2022,converted_regional,ISC,ISC + USGS,2,13235163,usp000fpvd,inside_rectangle,accepted_auto,yes,yes,
MZA-01115,2007-10-08T21:15:20.200Z,2007,10,-32.245,-69.541,126.6,2.5,ML,ML,2.5275,Mendoza2022_Meq_to_Mw,Mendoza/YPF 2022,converted_regional,ISC,ISC + USGS,2,13238148,usp000fq58,inside_rectangle,accepted_auto,yes,yes,
MZA-01116,2007-10-09T04:23:35.300Z,2007,10,-32.594,-68.994,151,3,MD,MD,3.0125,Mendoza2022_Meq_to_Mw,Mendoza/YPF 2022,converted_regional,ISC,ISC + USGS,2,13238321,usp000fq61,inside_rectangle,accepted_auto,yes,yes,
MZA-01117,2007-10-14T23:36:04.400Z,2007,10,-32.171,-68.047,150,3.5,MD,MD,3.4975,Mendoza2022_Meq_to_Mw,Mendoza/YPF 2022,converted_regional,ISC,ISC + USGS,2,13242370,usp000fqjy,inside_rectangle,accepted_auto,yes,yes,
MZA-01118,2007-10-15T22:35:30.000Z,2007,10,-32.28,-69.702,152,3.2,MD,MD,3.2065,Mendoza2022_Meq_to_Mw,Mendoza/YPF 2022,converted_regional,ISC,ISC + USGS,2,13242927,usp000fqmt,inside_rectangle,accepted_auto,yes,yes,
MZA-01119,2007-10-19T06:43:50.200Z,2007,10,-32.397,-69.316,5,3.5,MD,MD,3.4975,Mendoza2022_Meq_to_Mw,Mendoza/YPF 2022,converted_regional,ISC,ISC + USGS,2,13245206,usp000fqw0,inside_rectangle,accepted_auto,yes,yes,
MZA-01120,2007-10-19T07:30:58.900Z,2007,10,-32.347,-69.286,11.9,4,MD,MD,3.9825,Mendoza2022_Meq_to_Mw,Mendoza/YPF 2022,converted_regional,ISC,ISC + USGS,2,13245221,usp000fqw3,inside_rectangle,accepted_auto,yes,yes,
MZA-01121,2007-10-19T19:10:30.900Z,2007,10,-32.213,-69.599,149,2.7,MD,MD,2.7215,Mendoza2022_Meq_to_Mw,Mendoza/YPF 2022,converted_regional,ISC,ISC + USGS,2,13245562,usp000fqx3,inside_rectangle,accepted_auto,yes,yes,
MZA-01122,2007-10-25T09:53:26.800Z,2007,10,-32.403,-69.715,125.6,3.6,MD,MD,3.5945,Mendoza2022_Meq_to_Mw,Mendoza/YPF 2022,converted_regional,ISC,ISC + USGS,2,13249237,usp000fr84,inside_rectangle,accepted_auto,yes,yes,
MZA-01123,2007-10-28T21:29:15.400Z,2007,10,-32.351,-69.975,123,3.8,MD,MD,3.7885,Mendoza2022_Meq_to_Mw,Mendoza/YPF 2022,converted_regional,ISC,ISC + USGS,2,13251685,usp000frg9,inside_rectangle,accepted_auto,yes,yes,
MZA-01124,2007-11-03T12:51:46.100Z,2007,11,-33.583,-69.998,1.2,3,MD,MD,3.0125,Mendoza2022_Meq_to_Mw,Mendoza/YPF 2022,converted_regional,ISC,ISC + USGS,2,13258595,usp000frwr,inside_rectangle,accepted_auto,yes,yes,
MZA-01125,2007-11-06T12:48:49.600Z,2007,11,-33.812,-68.429,3.9,3.8,MD,MD,3.7885,Mendoza2022_Meq_to_Mw,Mendoza/YPF 2022,converted_regional,ISC,ISC + USGS,2,13260556,usp000fs2a,inside_rectangle,accepted_auto,yes,yes,
MZA-01126,2007-11-10T01:13:41.800Z,2007,11,-32.178,-69.989,139.8,2.9,MD,MD,2.9155,Mendoza2022_Meq_to_Mw,Mendoza/YPF 2022,converted_regional,ISC,ISC + USGS,2,13263207,usp000fs9t,inside_rectangle,accepted_auto,yes,yes,
MZA-01127,2007-11-10T17:27:17.300Z,2007,11,-32.472,-69.864,125,2.7,MD,MD,2.7215,Mendoza2022_Meq_to_Mw,Mendoza/YPF 2022,converted_regional,ISC,ISC + USGS,2,13263625,usp000fsaw,inside_rectangle,accepted_auto,yes,yes,
MZA-01128,2007-11-11T21:58:12.980Z,2007,11,-32.013,-68.4512,115.7,4.3,mb,mb,4.1472,Mendoza2022_mb_to_Mw,Mendoza/YPF 2022,converted_regional,ISC,ISC + USGS,2,13264313,usp000fscw,inside_rectangle,accepted_auto,yes,yes,
MZA-01129,2007-11-16T12:19:16.100Z,2007,11,-32.675,-68.94,138.7,3.1,MD,MD,3.1095,Mendoza2022_Meq_to_Mw,Mendoza/YPF 2022,converted_regional,ISC,ISC + USGS,2,13267510,usp000fspz,inside_rectangle,accepted_auto,yes,yes,
MZA-01130,2007-11-23T01:41:31.200Z,2007,11,-33.398,-69.607,145,2.8,ML,ML,2.8185,Mendoza2022_Meq_to_Mw,Mendoza/YPF 2022,converted_regional,ISC,ISC,1,13272218,,inside_rectangle,single_source,yes,yes,
MZA-01131,2007-11-25T23:26:57.000Z,2007,11,-32.798,-68.801,10.5,3,ML,ML,3.0125,Mendoza2022_Meq_to_Mw,Mendoza/YPF 2022,converted_regional,ISC,ISC,1,13274321,,inside_rectangle,single_source,yes,yes,
MZA-01132,2007-11-26T23:04:52.500Z,2007,11,-34.655,-69.902,17.7,2.8,ML,ML,2.8185,Mendoza2022_Meq_to_Mw,Mendoza/YPF 2022,converted_regional,ISC,ISC,1,13274974,,inside_rectangle,single_source,yes,yes,
MZA-01133,2007-12-02T01:56:09.100Z,2007,12,-34.146,-68.7,4.9,2.8,ML,ML,2.8185,Mendoza2022_Meq_to_Mw,Mendoza/YPF 2022,converted_regional,ISC,ISC,1,13280930,,inside_rectangle,single_source,yes,yes,
MZA-01134,2007-12-07T00:43:18.799Z,2007,12,-33.355,-68.939,7.7,3.7,MD,MD,3.6915,Mendoza2022_Meq_to_Mw,Mendoza/YPF 2022,converted_regional,ISC,ISC + USGS,2,13284176,usp000ftyn,inside_rectangle,accepted_auto,yes,yes,
MZA-01135,2007-12-22T00:51:43.800Z,2007,12,-34.422,-69.887,8.1,3.5,MD,MD,3.4975,Mendoza2022_Meq_to_Mw,Mendoza/YPF 2022,converted_regional,ISC,ISC + USGS,2,13294820,usp000fuzc,inside_rectangle,accepted_auto,yes,yes,
MZA-01136,2007-12-23T13:41:42.900Z,2007,12,-32.609,-68.708,20.5,4,MD,MD,3.9825,Mendoza2022_Meq_to_Mw,Mendoza/YPF 2022,converted_regional,ISC,ISC,1,13295960,,inside_rectangle,single_source,yes,yes,
MZA-01137,2007-12-30T19:45:02.160Z,2007,12,-32.3478,-69.6639,122.7,4.1,mb,mb,4.0364,Mendoza2022_mb_to_Mw,Mendoza/YPF 2022,converted_regional,ISC,ISC + USGS,2,13309233,usp000fvp2,inside_rectangle,accepted_auto,yes,yes,
MZA-01138,2008-01-03T20:01:00.700Z,2008,1,-32.665,-69.091,160.2,3,MD,MD,3.0125,Mendoza2022_Meq_to_Mw,Mendoza/YPF 2022,converted_regional,ISC,ISC + USGS,2,13327014,usp000fvxk,inside_rectangle,accepted_auto,yes,yes,
MZA-01139,2008-01-06T19:58:55.400Z,2008,1,-33.84,-68.82,7.1,2.5,ML,ML,2.5275,Mendoza2022_Meq_to_Mw,Mendoza/YPF 2022,converted_regional,ISC,ISC,1,13329183,,inside_rectangle,single_source,yes,yes,
MZA-01140,2008-01-09T14:39:21.500Z,2008,1,-33.803,-68.94,12.6,2.1,ML,ML,2.1395,Mendoza2022_Meq_to_Mw,Mendoza/YPF 2022,converted_regional,ISC,ISC,1,13331096,,inside_rectangle,single_source,yes,yes,
MZA-01141,2008-01-25T13:44:02.200Z,2008,1,-32.069,-69.833,108.2,3.6,MD,MD,3.5945,Mendoza2022_Meq_to_Mw,Mendoza/YPF 2022,converted_regional,ISC,ISC,1,13341672,,inside_rectangle,single_source,yes,yes,
MZA-01142,2008-01-29T08:27:18.800Z,2008,1,-34.342,-68.438,23.7,3.4,MD,MD,3.4005,Mendoza2022_Meq_to_Mw,Mendoza/YPF 2022,converted_regional,ISC,ISC + USGS,2,13344289,usp000fxpk,inside_rectangle,accepted_auto,yes,yes,
MZA-01143,2008-02-03T18:08:12.900Z,2008,2,-32.15,-69.421,157.4,2.9,MD,MD,2.9155,Mendoza2022_Meq_to_Mw,Mendoza/YPF 2022,converted_regional,ISC,ISC + USGS,2,11323126,usp000fy32,inside_rectangle,accepted_auto,yes,yes,
MZA-01144,2008-02-05T23:26:13.300Z,2008,2,-32.213,-69.435,111.5,3.1,ML,ML,3.1095,Mendoza2022_Meq_to_Mw,Mendoza/YPF 2022,converted_regional,ISC,ISC + USGS,2,11323289,usp000fy8x,inside_rectangle,accepted_auto,yes,yes,
MZA-01145,2008-02-09T02:23:15.000Z,2008,2,-32.119,-69.768,155.7,3,MD,MD,3.0125,Mendoza2022_Meq_to_Mw,Mendoza/YPF 2022,converted_regional,ISC,ISC + USGS,2,11323477,usp000fyfz,inside_rectangle,accepted_auto,yes,yes,
MZA-01146,2008-02-12T18:27:33.900Z,2008,2,-34.975,-68.785,6.1,2.8,ML,ML,2.8185,Mendoza2022_Meq_to_Mw,Mendoza/YPF 2022,converted_regional,ISC,ISC,1,13346042,,inside_rectangle,single_source,yes,yes,
MZA-01147,2008-02-20T01:46:10.100Z,2008,2,-33.979,-69.178,11.5,3.8,MD,MD,3.7885,Mendoza2022_Meq_to_Mw,Mendoza/YPF 2022,converted_regional,ISC,ISC + USGS,2,11324378,usp000fz9z,inside_rectangle,accepted_auto,yes,yes,
MZA-01148,2008-02-21T02:17:12.100Z,2008,2,-33.3,-69.842,1.1,3.8,MD,MD,3.7885,Mendoza2022_Meq_to_Mw,Mendoza/YPF 2022,converted_regional,ISC,ISC,1,13346117,,inside_rectangle,single_source,yes,yes,
MZA-01149,2008-02-22T20:30:44.200Z,2008,2,-32.987,-69.078,15,3.4,MD,MD,3.4005,Mendoza2022_Meq_to_Mw,Mendoza/YPF 2022,converted_regional,ISC,ISC,1,13346131,,inside_rectangle,single_source,yes,yes,
MZA-01150,2008-02-23T17:20:07.000Z,2008,2,-32.582,-69.974,106.9,2.9,MD,MD,2.9155,Mendoza2022_Meq_to_Mw,Mendoza/YPF 2022,converted_regional,ISC,ISC + USGS,2,11324835,usp000fzsn,inside_rectangle,accepted_auto,yes,yes,
MZA-01151,2008-02-26T12:29:09.800Z,2008,2,-32.004,-69.555,132.3,4.7,mb,mb,4.3688,Mendoza2022_mb_to_Mw,Mendoza/YPF 2022,converted_regional,USGS,USGS,1,,usp000g00r,inside_rectangle,single_source,yes,yes,
MZA-01152,2008-02-27T05:34:09.500Z,2008,2,-33.238,-69.306,13.9,2,ML,ML,2.0425,Mendoza2022_Meq_to_Mw,Mendoza/YPF 2022,converted_regional,ISC,ISC,1,11739027,,inside_rectangle,single_source,yes,yes,
MZA-01153,2008-02-28T12:12:22.699Z,2008,2,-33.604,-69.987,4.4,3.8,ml,ML,3.7885,Mendoza2022_Meq_to_Mw,Mendoza/YPF 2022,converted_regional,USGS,USGS,1,,usp000g079,inside_rectangle,single_source,yes,yes,
MZA-01154,2008-03-08T12:36:33.500Z,2008,3,-34.297,-69.907,13.8,3.7,MD,MD,3.6915,Mendoza2022_Meq_to_Mw,Mendoza/YPF 2022,converted_regional,ISC,ISC + USGS,2,13484314,usp000g0z8,inside_rectangle,accepted_auto,yes,yes,
MZA-01155,2008-03-09T05:10:20.000Z,2008,3,-34.292,-69.965,20.6,2,ML,ML,2.0425,Mendoza2022_Meq_to_Mw,Mendoza/YPF 2022,converted_regional,ISC,ISC,1,13484814,,inside_rectangle,single_source,yes,yes,
MZA-01156,2008-03-11T09:10:52.200Z,2008,3,-34.289,-69.94,5,4.1,MD,MD,4.0795,Mendoza2022_Meq_to_Mw,Mendoza/YPF 2022,converted_regional,ISC,ISC + USGS,2,13486275,usp000g17g,inside_rectangle,accepted_auto,yes,yes,
MZA-01157,2008-03-11T11:46:38.500Z,2008,3,-34.307,-69.956,2.1,3.6,MD,MD,3.5945,Mendoza2022_Meq_to_Mw,Mendoza/YPF 2022,converted_regional,ISC,ISC,1,13486355,,inside_rectangle,single_source,yes,yes,
MZA-01158,2008-03-25T20:10:41.600Z,2008,3,-32.179,-69.255,145,3.5,ML,ML,3.4975,Mendoza2022_Meq_to_Mw,Mendoza/YPF 2022,converted_regional,ISC,ISC + USGS,2,13496646,usp000g2c4,inside_rectangle,accepted_auto,yes,yes,
MZA-01159,2008-04-03T19:21:55.300Z,2008,4,-33.371,-68.474,5.1,2.9,ML,ML,2.9155,Mendoza2022_Meq_to_Mw,Mendoza/YPF 2022,converted_regional,ISC,ISC + USGS,2,11475464,usp000g323,inside_rectangle,accepted_auto,yes,yes,
MZA-01160,2008-04-04T14:15:38.400Z,2008,4,-33.958,-68.735,8.9,3.6,MD,MD,3.5945,Mendoza2022_Meq_to_Mw,Mendoza/YPF 2022,converted_regional,ISC,ISC,1,13224179,,inside_rectangle,single_source,yes,yes,
MZA-01161,2008-04-05T12:09:23.299Z,2008,4,-33.526,-69.92,12.5,4,MD,MD,3.9825,Mendoza2022_Meq_to_Mw,Mendoza/YPF 2022,converted_regional,ISC,ISC,1,13224247,,inside_rectangle,single_source,yes,yes,
MZA-01162,2008-04-05T13:56:20.200Z,2008,4,-33.528,-69.961,20.3,3.6,MD,MD,3.5945,Mendoza2022_Meq_to_Mw,Mendoza/YPF 2022,converted_regional,ISC,ISC,1,13224255,,inside_rectangle,single_source,yes,yes,
MZA-01163,2008-04-06T19:27:22.700Z,2008,4,-33.52,-69.947,2.7,2.3,ML,ML,2.3335,Mendoza2022_Meq_to_Mw,Mendoza/YPF 2022,converted_regional,ISC,ISC,1,13224344,,inside_rectangle,single_source,yes,yes,
MZA-01164,2008-04-07T13:53:40.300Z,2008,4,-32.604,-69.992,104.5,2.7,MD,MD,2.7215,Mendoza2022_Meq_to_Mw,Mendoza/YPF 2022,converted_regional,ISC,ISC + USGS,2,11475700,usp000g3a4,inside_rectangle,accepted_auto,yes,yes,
MZA-01165,2008-04-09T17:45:45.700Z,2008,4,-33.216,-68.939,41.2,3.8,MD,MD,3.7885,Mendoza2022_Meq_to_Mw,Mendoza/YPF 2022,converted_regional,ISC,ISC,1,13224604,,inside_rectangle,single_source,yes,yes,
MZA-01166,2008-04-28T06:56:34.000Z,2008,4,-32.618,-68.925,0,3.3,MD,MD,3.3035,Mendoza2022_Meq_to_Mw,Mendoza/YPF 2022,converted_regional,ISC,ISC + USGS,2,11477341,usp000g50r,inside_rectangle,accepted_auto,yes,yes,
MZA-01167,2008-05-05T01:54:53.600Z,2008,5,-32.535,-68.848,10,3.7,MD,MD,3.6915,Mendoza2022_Meq_to_Mw,Mendoza/YPF 2022,converted_regional,ISC,ISC + USGS,2,12948891,usp000g5hd,inside_rectangle,accepted_auto,yes,yes,
MZA-01168,2008-05-08T23:33:15.900Z,2008,5,-32.94,-69.994,107,2.7,ML,ML,2.7215,Mendoza2022_Meq_to_Mw,Mendoza/YPF 2022,converted_regional,ISC,ISC + USGS,2,12949024,usp000g5wc,inside_rectangle,accepted_auto,yes,yes,
MZA-01169,2008-05-11T05:27:29.999Z,2008,5,-32.231,-69.514,121.8,3.6,MD,MD,3.5945,Mendoza2022_Meq_to_Mw,Mendoza/YPF 2022,converted_regional,ISC,ISC + USGS,2,12949141,usp000g62s,inside_rectangle,accepted_auto,yes,yes,
MZA-01170,2008-05-11T07:42:42.200Z,2008,5,-34.699,-69.074,11,3.1,MD,MD,3.1095,Mendoza2022_Meq_to_Mw,Mendoza/YPF 2022,converted_regional,ISC,ISC + USGS,2,12949140,usp000g630,inside_rectangle,accepted_auto,yes,yes,
MZA-01171,2008-05-12T21:19:29.700Z,2008,5,-32.757,-68.899,0,3.4,MD,MD,3.4005,Mendoza2022_Meq_to_Mw,Mendoza/YPF 2022,converted_regional,ISC,ISC + USGS,2,12949180,usp000g6e9,inside_rectangle,accepted_auto,yes,yes,
MZA-01172,2008-05-21T03:06:17.399Z,2008,5,-32.158,-69.847,123.2,2.8,MD,MD,2.8185,Mendoza2022_Meq_to_Mw,Mendoza/YPF 2022,converted_regional,ISC,ISC,1,13229222,,inside_rectangle,single_source,yes,yes,
MZA-01173,2008-05-25T06:31:56.700Z,2008,5,-33.221,-68.168,20,3.5,MD,MD,3.4975,Mendoza2022_Meq_to_Mw,Mendoza/YPF 2022,converted_regional,ISC,ISC,1,13229727,,inside_rectangle,single_source,yes,yes,
MZA-01174,2008-06-09T14:24:13.500Z,2008,6,-34.225,-69.913,20.3,3.7,MD,MD,3.6915,Mendoza2022_Meq_to_Mw,Mendoza/YPF 2022,converted_regional,ISC,ISC + USGS,2,12920798,usp000g90y,inside_rectangle,accepted_auto,yes,yes,
MZA-01175,2008-06-17T20:52:05.200Z,2008,6,-32.05,-69.578,116.9,3.3,MD,MD,3.3035,Mendoza2022_Meq_to_Mw,Mendoza/YPF 2022,converted_regional,ISC,ISC,1,13377860,,inside_rectangle,single_source,yes,yes,
MZA-01176,2008-06-27T17:55:14.100Z,2008,6,-33.673,-69.984,6.8,3.6,MD,MD,3.5945,Mendoza2022_Meq_to_Mw,Mendoza/YPF 2022,converted_regional,ISC,ISC + USGS,2,12921610,usp000garn,inside_rectangle,accepted_auto,yes,yes,
MZA-01177,2008-06-29T05:10:17.630Z,2008,6,-33.2129,-68.5399,42.1,3.8,mb,mb,3.8702,Mendoza2022_mb_to_Mw,Mendoza/YPF 2022,converted_regional,ISC,ISC + USGS,2,11687421,usp000gax5,inside_rectangle,accepted_auto,yes,yes,
MZA-01178,2008-06-30T00:41:56.400Z,2008,6,-32.413,-69.349,23.5,3.5,MD,MD,3.4975,Mendoza2022_Meq_to_Mw,Mendoza/YPF 2022,converted_regional,ISC,ISC + USGS,2,12921708,usp000gaza,inside_rectangle,accepted_auto,yes,yes,
MZA-01179,2008-06-30T20:27:31.700Z,2008,6,-33.184,-68.804,6.1,3.3,MD,MD,3.3035,Mendoza2022_Meq_to_Mw,Mendoza/YPF 2022,converted_regional,ISC,ISC,1,13378981,,inside_rectangle,single_source,yes,yes,
MZA-01180,2008-07-03T22:46:16.300Z,2008,7,-33.766,-68.285,23,3.6,MD,MD,3.5945,Mendoza2022_Meq_to_Mw,Mendoza/YPF 2022,converted_regional,ISC,ISC,1,13596361,,inside_rectangle,single_source,yes,yes,
MZA-01181,2008-07-07T04:40:50.130Z,2008,7,-32.9713,-69.8713,124.8,3.6,MD,MD,3.5945,Mendoza2022_Meq_to_Mw,Mendoza/YPF 2022,converted_regional,ISC,ISC + USGS,2,11810850,usp000gbhe,inside_rectangle,accepted_auto,yes,yes,
MZA-01182,2008-07-07T22:26:23.600Z,2008,7,-32.68,-69.959,86.8,2.4,MD,MD,2.4305,Mendoza2022_Meq_to_Mw,Mendoza/YPF 2022,converted_regional,ISC,ISC,1,13596480,,inside_rectangle,single_source,yes,yes,
MZA-01183,2008-07-07T23:17:02.499Z,2008,7,-32.946,-69.059,9.7,3.8,MD,MD,3.7885,Mendoza2022_Meq_to_Mw,Mendoza/YPF 2022,converted_regional,ISC,ISC + USGS,2,12951101,usp000gbkz,inside_rectangle,accepted_auto,yes,yes,
MZA-01184,2008-07-09T23:25:07.500Z,2008,7,-33.044,-68.875,19.2,3.6,MD,MD,3.5945,Mendoza2022_Meq_to_Mw,Mendoza/YPF 2022,converted_regional,ISC,ISC,1,13596557,,inside_rectangle,single_source,yes,yes,
MZA-01185,2008-07-11T04:52:25.599Z,2008,7,-32.402,-69.856,127.4,3.5,MD,MD,3.4975,Mendoza2022_Meq_to_Mw,Mendoza/YPF 2022,converted_regional,ISC,ISC + USGS,2,12951213,usp000gbvu,inside_rectangle,accepted_auto,yes,yes,
MZA-01186,2008-07-11T08:52:22.000Z,2008,7,-32.087,-69.641,151.5,3.5,MD,MD,3.4975,Mendoza2022_Meq_to_Mw,Mendoza/YPF 2022,converted_regional,ISC,ISC + USGS,2,12951207,usp000gbw3,inside_rectangle,accepted_auto,yes,yes,
MZA-01187,2008-08-02T19:48:44.700Z,2008,8,-32.239,-69.675,109.5,2.5,ML,ML,2.5275,Mendoza2022_Meq_to_Mw,Mendoza/YPF 2022,converted_regional,ISC,ISC,1,13808533,,inside_rectangle,single_source,yes,yes,
MZA-01188,2008-08-05T19:47:47.300Z,2008,8,-32.54,-69.002,142.4,3.7,MD,MD,3.6915,Mendoza2022_Meq_to_Mw,Mendoza/YPF 2022,converted_regional,ISC,ISC + USGS,2,12099702,usp000gdx5,inside_rectangle,accepted_auto,yes,yes,
MZA-01189,2008-08-09T04:24:58.190Z,2008,8,-33.4237,-68.2396,10,3.9,mb,mb,3.9256,Mendoza2022_mb_to_Mw,Mendoza/YPF 2022,converted_regional,ISC,ISC + USGS,2,11907979,usp000ge8d,inside_rectangle,accepted_auto,yes,yes,
MZA-01190,2008-08-20T16:00:29.900Z,2008,8,-33.211,-69.942,109.2,2.9,MD,MD,2.9155,Mendoza2022_Meq_to_Mw,Mendoza/YPF 2022,converted_regional,ISC,ISC + USGS,2,12100096,usp000gf38,inside_rectangle,accepted_auto,yes,yes,
MZA-01191,2008-08-24T05:21:03.600Z,2008,8,-32.809,-69.556,149.5,3.2,MD,MD,3.2065,Mendoza2022_Meq_to_Mw,Mendoza/YPF 2022,converted_regional,ISC,ISC + USGS,2,12100197,usp000gfcz,inside_rectangle,accepted_auto,yes,yes,
MZA-01192,2008-08-29T08:26:20.600Z,2008,8,-32.89,-69.181,22.3,3.4,MD,MD,3.4005,Mendoza2022_Meq_to_Mw,Mendoza/YPF 2022,converted_regional,ISC,ISC + USGS,2,12100342,usp000gfx5,inside_rectangle,accepted_auto,yes,yes,
MZA-01193,2008-08-30T05:00:44.300Z,2008,8,-33.023,-69.252,1.3,3.7,MD,MD,3.6915,Mendoza2022_Meq_to_Mw,Mendoza/YPF 2022,converted_regional,ISC,ISC + USGS,2,12100366,usp000gfzh,inside_rectangle,accepted_auto,yes,yes,
MZA-01194,2008-09-13T06:32:20.500Z,2008,9,-32.171,-69.804,156.6,2.7,ML,ML,2.7215,Mendoza2022_Meq_to_Mw,Mendoza/YPF 2022,converted_regional,ISC,ISC + USGS,2,11280320,usp000ggz1,inside_rectangle,accepted_auto,yes,yes,
MZA-01195,2008-09-21T22:47:23.910Z,2008,9,-33.1293,-68.4669,39.6,3.1,mb,mb,3.4824,Mendoza2022_mb_to_Mw,Mendoza/YPF 2022,converted_regional,ISC,ISC + USGS,2,11910796,usp000ghgf,inside_rectangle,accepted_auto,yes,yes,
MZA-01196,2008-09-26T20:45:08.100Z,2008,9,-33.096,-69.983,107.7,2.3,ML,ML,2.3335,Mendoza2022_Meq_to_Mw,Mendoza/YPF 2022,converted_regional,ISC,ISC,1,13845466,,inside_rectangle,single_source,yes,yes,
MZA-01197,2008-09-26T23:53:53.800Z,2008,9,-33.139,-68.638,5,3.7,MD,MD,3.6915,Mendoza2022_Meq_to_Mw,Mendoza/YPF 2022,converted_regional,ISC,ISC + USGS,2,12952200,usp000ghsz,inside_rectangle,accepted_auto,yes,yes,
MZA-01198,2008-09-28T18:41:12.699Z,2008,9,-32.731,-69.264,15,2.5,ML,ML,2.5275,Mendoza2022_Meq_to_Mw,Mendoza/YPF 2022,converted_regional,ISC,ISC,1,13845522,,inside_rectangle,single_source,yes,yes,
MZA-01199,2008-09-29T08:30:56.900Z,2008,9,-32.305,-67.397,87.1,3.4,ML,ML,3.4005,Mendoza2022_Meq_to_Mw,Mendoza/YPF 2022,converted_regional,ISC,ISC,1,13845541,,inside_rectangle,single_source,yes,yes,
MZA-01200,2008-10-09T10:39:25.200Z,2008,10,-32.118,-69.854,152.4,3.4,MD,MD,3.4005,Mendoza2022_Meq_to_Mw,Mendoza/YPF 2022,converted_regional,ISC,ISC + USGS,2,13396479,usp000gjs3,inside_rectangle,accepted_auto,yes,yes,
MZA-01201,2008-10-10T15:42:16.800Z,2008,10,-33.196,-68.661,1.7,3.1,ML,ML,3.1095,Mendoza2022_Meq_to_Mw,Mendoza/YPF 2022,converted_regional,ISC,ISC + USGS,2,13396575,usp000gjvz,inside_rectangle,accepted_auto,yes,yes,
MZA-01202,2008-10-11T07:15:14.400Z,2008,10,-32.577,-69.93,129.9,2.9,MD,MD,2.9155,Mendoza2022_Meq_to_Mw,Mendoza/YPF 2022,converted_regional,ISC,ISC,1,13932366,,inside_rectangle,single_source,yes,yes,
MZA-01203,2008-10-16T09:26:44.309Z,2008,10,-32.9893,-68.7914,30.9,4.1,mb,mb,4.0364,Mendoza2022_mb_to_Mw,Mendoza/YPF 2022,converted_regional,ISC,ISC + USGS,2,12068755,usp000gkcc,inside_rectangle,accepted_auto,yes,yes,
MZA-01204,2008-10-16T20:06:10.780Z,2008,10,-32.1677,-69.9882,108.1,4.5,mb,mb,4.258,Mendoza2022_mb_to_Mw,Mendoza/YPF 2022,converted_regional,ISC,ISC,1,12068828,,inside_rectangle,single_source,yes,yes,
MZA-01205,2008-10-16T22:35:40.600Z,2008,10,-33.106,-69.056,13.5,2.6,ML,ML,2.6245,Mendoza2022_Meq_to_Mw,Mendoza/YPF 2022,converted_regional,ISC,ISC,1,13932496,,inside_rectangle,single_source,yes,yes,
MZA-01206,2008-10-17T02:20:12.000Z,2008,10,-33.657,-68.683,23.5,3.8,MD,MD,3.7885,Mendoza2022_Meq_to_Mw,Mendoza/YPF 2022,converted_regional,ISC,ISC + USGS,2,13397305,usp000gke5,inside_rectangle,accepted_auto,yes,yes,
MZA-01207,2008-10-17T14:28:07.100Z,2008,10,-32.978,-69.604,1.2,3.5,MD,MD,3.4975,Mendoza2022_Meq_to_Mw,Mendoza/YPF 2022,converted_regional,ISC,ISC,1,13932506,,inside_rectangle,single_source,yes,yes,
MZA-01208,2008-10-19T12:15:54.700Z,2008,10,-33.699,-68.257,24.9,3.7,MD,MD,3.6915,Mendoza2022_Meq_to_Mw,Mendoza/YPF 2022,converted_regional,ISC,ISC,1,13932533,,inside_rectangle,single_source,yes,yes,
MZA-01209,2008-10-21T10:10:41.730Z,2008,10,-32.0726,-68.8939,116.6,4.6,mb,mb,4.3134,Mendoza2022_mb_to_Mw,Mendoza/YPF 2022,converted_regional,ISC,ISC + USGS,2,11360727,usp000gkr6,inside_rectangle,accepted_auto,yes,yes,
MZA-01210,2008-10-23T16:40:32.100Z,2008,10,-32.937,-69.988,97.8,2.5,ML,ML,2.5275,Mendoza2022_Meq_to_Mw,Mendoza/YPF 2022,converted_regional,ISC,ISC,1,13932602,,inside_rectangle,single_source,yes,yes,
MZA-01211,2008-10-28T18:14:12.940Z,2008,10,-34.412,-69.7556,7.1,4,mb,mb,3.981,Mendoza2022_mb_to_Mw,Mendoza/YPF 2022,converted_regional,ISC,ISC,1,12071359,,inside_rectangle,single_source,yes,yes,
MZA-01212,2008-10-28T18:14:16.050Z,2008,10,-34.392,-69.025,21.7,3.9,mb,mb,3.9256,Mendoza2022_mb_to_Mw,Mendoza/YPF 2022,converted_regional,USGS,USGS,1,,usp000gm81,inside_rectangle,single_source,yes,yes,
MZA-01213,2008-11-04T05:15:54.500Z,2008,11,-32.172,-69.977,122.6,2.8,MD,MD,2.8185,Mendoza2022_Meq_to_Mw,Mendoza/YPF 2022,converted_regional,ISC,ISC + USGS,2,13399178,usp000gmx1,inside_rectangle,accepted_auto,yes,yes,
MZA-01214,2008-11-10T18:09:01.700Z,2008,11,-34.318,-69.935,18.1,3.2,MD,MD,3.2065,Mendoza2022_Meq_to_Mw,Mendoza/YPF 2022,converted_regional,ISC,ISC + USGS,2,13399769,usp000gndf,inside_rectangle,accepted_auto,yes,yes,
MZA-01215,2008-11-20T08:47:14.600Z,2008,11,-33.719,-69.518,1.1,3.4,MD,MD,3.4005,Mendoza2022_Meq_to_Mw,Mendoza/YPF 2022,converted_regional,ISC,ISC,1,14123749,,inside_rectangle,single_source,yes,yes,
MZA-01216,2008-11-21T04:00:16.159Z,2008,11,-32.0078,-68.4438,120.1,3.5,mb,mb,3.704,Mendoza2022_mb_to_Mw,Mendoza/YPF 2022,converted_regional,ISC,ISC + USGS,2,12074365,usp000gp4w,inside_rectangle,accepted_auto,yes,yes,
MZA-01217,2008-11-22T18:33:48.060Z,2008,11,-33.177,-68.9072,25.8,3.4,mb,mb,3.6486,Mendoza2022_mb_to_Mw,Mendoza/YPF 2022,converted_regional,ISC,ISC + USGS,2,12074528,usp000gp7n,inside_rectangle,accepted_manual_strong,yes,yes,
MZA-01218,2008-11-26T06:05:28.099Z,2008,11,-32.136,-68.419,150,3.4,ML,ML,3.4005,Mendoza2022_Meq_to_Mw,Mendoza/YPF 2022,converted_regional,ISC,ISC,1,14125927,,inside_rectangle,single_source,yes,yes,
MZA-01219,2008-12-03T08:18:44.600Z,2008,12,-32.624,-68.679,150,3.5,ML,ML,3.4975,Mendoza2022_Meq_to_Mw,Mendoza/YPF 2022,converted_regional,ISC,ISC,1,14238786,,inside_rectangle,single_source,yes,yes,
MZA-01220,2008-12-05T09:14:25.950Z,2008,12,-32.0418,-69.9073,114,3.7,MD,MD,3.6915,Mendoza2022_Meq_to_Mw,Mendoza/YPF 2022,converted_regional,ISC,ISC,1,12075864,,inside_rectangle,single_source,yes,yes,
MZA-01221,2008-12-08T06:27:26.600Z,2008,12,-34.409,-69.592,15.8,3.6,MD,MD,3.5945,Mendoza2022_Meq_to_Mw,Mendoza/YPF 2022,converted_regional,ISC,ISC,1,14238910,,inside_rectangle,single_source,yes,yes,
MZA-01222,2008-12-10T10:53:50.190Z,2008,12,-33.0964,-69.1765,3.4,4.3,mb,mb,4.1472,Mendoza2022_mb_to_Mw,Mendoza/YPF 2022,converted_regional,ISC,ISC + USGS,2,12076726,usp000gqb8,inside_rectangle,accepted_auto,yes,yes,
MZA-01223,2008-12-10T13:27:46.200Z,2008,12,-33.145,-69.245,5.1,3.7,MD,MD,3.6915,Mendoza2022_Meq_to_Mw,Mendoza/YPF 2022,converted_regional,ISC,ISC,1,14238952,,inside_rectangle,single_source,yes,yes,
MZA-01224,2008-12-13T06:17:29.910Z,2008,12,-32.2446,-69.7463,128.9,3.9,MD,MD,3.8855,Mendoza2022_Meq_to_Mw,Mendoza/YPF 2022,converted_regional,ISC,ISC,1,12077245,,inside_rectangle,single_source,yes,yes,
MZA-01225,2008-12-17T09:31:46.300Z,2008,12,-32.103,-69.948,115.3,3.2,MD,MD,3.2065,Mendoza2022_Meq_to_Mw,Mendoza/YPF 2022,converted_regional,ISC,ISC,1,14239004,,inside_rectangle,single_source,yes,yes,
MZA-01226,2008-12-30T11:57:09.299Z,2008,12,-33.619,-69.888,4.7,2.5,ML,ML,2.5275,Mendoza2022_Meq_to_Mw,Mendoza/YPF 2022,converted_regional,ISC,ISC + USGS,2,13837360,usp000grus,inside_rectangle,accepted_auto,yes,yes,
MZA-01227,2009-01-03T03:11:59.600Z,2009,1,-33.728,-68.777,10.7,3.6,MD,MD,3.5945,Mendoza2022_Meq_to_Mw,Mendoza/YPF 2022,converted_regional,ISC,ISC,1,14322995,,inside_rectangle,single_source,yes,yes,
MZA-01228,2009-01-10T05:26:04.300Z,2009,1,-34.12,-69.649,150.1,2.8,MD,MD,2.8185,Mendoza2022_Meq_to_Mw,Mendoza/YPF 2022,converted_regional,ISC,ISC,1,14323068,,inside_rectangle,single_source,yes,yes,
MZA-01229,2009-01-13T21:17:35.700Z,2009,1,-33.706,-69.384,120,3,ML,ML,3.0125,Mendoza2022_Meq_to_Mw,Mendoza/YPF 2022,converted_regional,ISC,ISC,1,14323103,,inside_rectangle,single_source,yes,yes,
MZA-01230,2009-01-14T17:56:04.000Z,2009,1,-33.381,-68.814,28.9,2.9,ML,ML,2.9155,Mendoza2022_Meq_to_Mw,Mendoza/YPF 2022,converted_regional,ISC,ISC,1,14323113,,inside_rectangle,single_source,yes,yes,
MZA-01231,2009-01-22T07:39:05.400Z,2009,1,-32.797,-68.375,2.9,3.4,MD,MD,3.4005,Mendoza2022_Meq_to_Mw,Mendoza/YPF 2022,converted_regional,ISC,ISC,1,14323234,,inside_rectangle,single_source,yes,yes,
MZA-01232,2009-02-01T20:05:49.299Z,2009,2,-33.896,-69.83,3.8,2.2,ML,ML,2.2365,Mendoza2022_Meq_to_Mw,Mendoza/YPF 2022,converted_regional,ISC,ISC,1,14323362,,inside_rectangle,single_source,yes,yes,
MZA-01233,2009-02-05T14:16:38.239Z,2009,2,-32.9723,-69.138,14,4.3,MD,MD,4.2735,Mendoza2022_Meq_to_Mw,Mendoza/YPF 2022,converted_regional,ISC,ISC + USGS,2,14189270,usp000gtfv,inside_rectangle,accepted_auto,yes,yes,
MZA-01234,2009-02-15T20:35:40.600Z,2009,2,-32.095,-68.704,145,3.3,MD,MD,3.3035,Mendoza2022_Meq_to_Mw,Mendoza/YPF 2022,converted_regional,ISC,ISC,1,14323521,,inside_rectangle,single_source,yes,yes,
MZA-01235,2009-02-27T22:51:39.400Z,2009,2,-32.58,-69.979,124.1,3.1,MD,MD,3.1095,Mendoza2022_Meq_to_Mw,Mendoza/YPF 2022,converted_regional,ISC,ISC,1,14323685,,inside_rectangle,single_source,yes,yes,
MZA-01236,2009-03-11T13:44:18.400Z,2009,3,-32.142,-69.732,156.7,3.3,ML,ML,3.3035,Mendoza2022_Meq_to_Mw,Mendoza/YPF 2022,converted_regional,ISC,ISC,1,14693319,,inside_rectangle,single_source,yes,yes,
MZA-01237,2009-03-14T21:45:57.800Z,2009,3,-32.291,-69.682,127.5,2.7,ML,ML,2.7215,Mendoza2022_Meq_to_Mw,Mendoza/YPF 2022,converted_regional,ISC,ISC,1,14693363,,inside_rectangle,single_source,yes,yes,
MZA-01238,2009-03-21T22:10:52.810Z,2009,3,-32.4481,-67.797,151.3,3.5,mb,mb,3.704,Mendoza2022_mb_to_Mw,Mendoza/YPF 2022,converted_regional,ISC,ISC,1,12635228,,inside_rectangle,single_source,yes,yes,
MZA-01239,2009-03-26T08:00:45.000Z,2009,3,-33.051,-69.701,148.7,3.6,MD,MD,3.5945,Mendoza2022_Meq_to_Mw,Mendoza/YPF 2022,converted_regional,ISC,ISC,1,14693490,,inside_rectangle,single_source,yes,yes,
MZA-01240,2009-03-27T05:29:31.300Z,2009,3,-34.092,-68.638,5.1,3.6,MD,MD,3.5945,Mendoza2022_Meq_to_Mw,Mendoza/YPF 2022,converted_regional,ISC,ISC,1,14693499,,inside_rectangle,single_source,yes,yes,
MZA-01241,2009-04-04T14:11:18.900Z,2009,4,-34.379,-69.874,17.1,3.4,MD,MD,3.4005,Mendoza2022_Meq_to_Mw,Mendoza/YPF 2022,converted_regional,ISC,ISC,1,14693704,,inside_rectangle,single_source,yes,yes,
MZA-01242,2009-04-21T15:37:40.700Z,2009,4,-32.519,-69.672,141,3.1,ML,ML,3.1095,Mendoza2022_Meq_to_Mw,Mendoza/YPF 2022,converted_regional,ISC,ISC,1,14694480,,inside_rectangle,single_source,yes,yes,
MZA-01243,2009-04-26T08:03:37.660Z,2009,4,-32.8609,-69.4024,129.7,5,mb,mb,4.535,Mendoza2022_mb_to_Mw,Mendoza/YPF 2022,converted_regional,ISC,ISC + USGS,2,12697300,usp000gwkk,inside_rectangle,accepted_auto,yes,yes,
MZA-01244,2009-04-29T22:44:03.980Z,2009,4,-32.7627,-69.8701,117.6,4.9,mb,mb,4.4796,Mendoza2022_mb_to_Mw,Mendoza/YPF 2022,converted_regional,ISC,ISC,1,12746032,,inside_rectangle,single_source,yes,yes,
MZA-01245,2009-05-02T22:25:26.800Z,2009,5,-32.781,-69.869,126.7,2.8,ML,ML,2.8185,Mendoza2022_Meq_to_Mw,Mendoza/YPF 2022,converted_regional,ISC,ISC,1,14761403,,inside_rectangle,single_source,yes,yes,
MZA-01246,2009-05-07T21:06:38.300Z,2009,5,-33.461,-68.616,22.2,2.7,ML,ML,2.7215,Mendoza2022_Meq_to_Mw,Mendoza/YPF 2022,converted_regional,ISC,ISC,1,14761488,,inside_rectangle,single_source,yes,yes,
MZA-01247,2009-05-08T13:44:53.380Z,2009,5,-32.0244,-69.673,110.8,5.6,mb,mb,4.8674,Mendoza2022_mb_to_Mw,Mendoza/YPF 2022,converted_regional,ISC,ISC + USGS,2,12784565,usp000gwxv,inside_rectangle,accepted_auto,yes,yes,
MZA-01248,2009-05-12T10:16:21.100Z,2009,5,-34.109,-69.515,70.5,3.4,ML,ML,3.4005,Mendoza2022_Meq_to_Mw,Mendoza/YPF 2022,converted_regional,ISC,ISC,1,14761572,,inside_rectangle,single_source,yes,yes,
MZA-01249,2009-05-20T22:53:46.599Z,2009,5,-34.354,-69.868,18.4,3.3,MD,MD,3.3035,Mendoza2022_Meq_to_Mw,Mendoza/YPF 2022,converted_regional,ISC,ISC,1,14761739,,inside_rectangle,single_source,yes,yes,
MZA-01250,2009-05-21T14:49:08.900Z,2009,5,-33.575,-69.868,3.6,2.1,ML,ML,2.1395,Mendoza2022_Meq_to_Mw,Mendoza/YPF 2022,converted_regional,ISC,ISC,1,14761749,,inside_rectangle,single_source,yes,yes,
MZA-01251,2009-05-21T22:39:14.500Z,2009,5,-32.991,-68.941,2.7,3.6,MD,MD,3.5945,Mendoza2022_Meq_to_Mw,Mendoza/YPF 2022,converted_regional,ISC,ISC,1,14761751,,inside_rectangle,single_source,yes,yes,
MZA-01252,2009-05-23T15:28:21.360Z,2009,5,-33.8429,-68.0426,10,3.9,MD,MD,3.8855,Mendoza2022_Meq_to_Mw,Mendoza/YPF 2022,converted_regional,ISC,ISC,1,13679475,,inside_rectangle,single_source,yes,yes,
MZA-01253,2009-06-02T03:52:21.190Z,2009,6,-32.771,-69.0509,25.8,4.8,mb,mb,4.4242,Mendoza2022_mb_to_Mw,Mendoza/YPF 2022,converted_regional,ISC,ISC + USGS,2,12872819,usp000gxsp,inside_rectangle,accepted_auto,yes,yes,
MZA-01254,2009-06-02T15:44:58.890Z,2009,6,-34.8738,-69.5658,10.1,3.6,mb,mb,3.7594,Mendoza2022_mb_to_Mw,Mendoza/YPF 2022,converted_regional,ISC,ISC + USGS,2,13680236,usp000gxt9,inside_rectangle,accepted_auto,yes,yes,
MZA-01255,2009-06-09T07:56:57.520Z,2009,6,-34.8469,-68.0239,35,4,mb,mb,3.981,Mendoza2022_mb_to_Mw,Mendoza/YPF 2022,converted_regional,ISC,ISC + USGS,2,13681031,usp000gy0r,inside_rectangle,accepted_auto,yes,yes,
MZA-01256,2009-06-15T06:07:39.400Z,2009,6,-32.109,-69.329,156.6,3.2,MD,MD,3.2065,Mendoza2022_Meq_to_Mw,Mendoza/YPF 2022,converted_regional,ISC,ISC,1,14988828,,inside_rectangle,single_source,yes,yes,
MZA-01257,2009-06-26T08:51:49.000Z,2009,6,-33.18,-68.974,5.9,2.7,ML,ML,2.7215,Mendoza2022_Meq_to_Mw,Mendoza/YPF 2022,converted_regional,ISC,ISC,1,14989081,,inside_rectangle,single_source,yes,yes,
MZA-01258,2009-06-26T12:14:59.000Z,2009,6,-32.541,-69.925,124.2,3.6,MD,MD,3.5945,Mendoza2022_Meq_to_Mw,Mendoza/YPF 2022,converted_regional,ISC,ISC,1,14989083,,inside_rectangle,single_source,yes,yes,
MZA-01259,2009-06-29T16:59:31.600Z,2009,6,-32.218,-69.608,135,2.8,MD,MD,2.8185,Mendoza2022_Meq_to_Mw,Mendoza/YPF 2022,converted_regional,ISC,ISC,1,14989218,,inside_rectangle,single_source,yes,yes,
MZA-01260,2009-07-02T06:51:00.160Z,2009,7,-32.362,-67.041,24.9,4.7,mb,mb,4.3688,Mendoza2022_mb_to_Mw,Mendoza/YPF 2022,converted_regional,USGS,USGS,1,,usp000gyv2,inside_rectangle,single_source,yes,yes,
MZA-01261,2009-07-09T05:49:50.299Z,2009,7,-32.663,-69.396,150,2.7,ML,ML,2.7215,Mendoza2022_Meq_to_Mw,Mendoza/YPF 2022,converted_regional,ISC,ISC,1,15998450,,inside_rectangle,single_source,yes,yes,
MZA-01262,2009-07-09T09:51:46.200Z,2009,7,-32.331,-69.91,135.1,2.8,ML,ML,2.8185,Mendoza2022_Meq_to_Mw,Mendoza/YPF 2022,converted_regional,ISC,ISC,1,15998452,,inside_rectangle,single_source,yes,yes,
MZA-01263,2009-07-10T21:39:27.370Z,2009,7,-33.2438,-68.5289,14.3,3.7,mb,mb,3.8148,Mendoza2022_mb_to_Mw,Mendoza/YPF 2022,converted_regional,ISC,ISC + USGS,2,13763617,usp000gz3x,inside_rectangle,accepted_auto,yes,yes,
MZA-01264,2009-07-11T02:26:39.100Z,2009,7,-32.792,-69.242,171.2,3.3,MD,MD,3.3035,Mendoza2022_Meq_to_Mw,Mendoza/YPF 2022,converted_regional,ISC,ISC,1,15998464,,inside_rectangle,single_source,yes,yes,
MZA-01265,2009-07-11T05:55:56.500Z,2009,7,-33.995,-69.977,12.1,2.8,MD,MD,2.8185,Mendoza2022_Meq_to_Mw,Mendoza/YPF 2022,converted_regional,ISC,ISC,1,15998466,,inside_rectangle,single_source,yes,yes,
MZA-01266,2009-07-20T08:30:19.000Z,2009,7,-32.309,-69.884,140.8,2.9,MD,MD,2.9155,Mendoza2022_Meq_to_Mw,Mendoza/YPF 2022,converted_regional,ISC,ISC,1,15998532,,inside_rectangle,single_source,yes,yes,
MZA-01267,2009-07-30T08:49:34.300Z,2009,7,-32.945,-69.883,129.7,3.5,MD,MD,3.4975,Mendoza2022_Meq_to_Mw,Mendoza/YPF 2022,converted_regional,ISC,ISC,1,15998627,,inside_rectangle,single_source,yes,yes,
MZA-01268,2009-08-05T08:39:30.300Z,2009,8,-34.246,-70,25.8,3.9,MD,MD,3.8855,Mendoza2022_Meq_to_Mw,Mendoza/YPF 2022,converted_regional,ISC,ISC,1,15998679,,inside_rectangle,single_source,yes,yes,
MZA-01269,2009-08-11T01:13:00.900Z,2009,8,-34.223,-69.972,16.3,3.9,MD,MD,3.8855,Mendoza2022_Meq_to_Mw,Mendoza/YPF 2022,converted_regional,ISC,ISC,1,15998707,,inside_rectangle,single_source,yes,yes,
MZA-01270,2009-08-15T04:50:20.600Z,2009,8,-33.825,-68.822,100,3.1,MD,MD,3.1095,Mendoza2022_Meq_to_Mw,Mendoza/YPF 2022,converted_regional,ISC,ISC,1,15998733,,inside_rectangle,single_source,yes,yes,
MZA-01271,2009-08-18T01:03:23.200Z,2009,8,-33.04,-69.255,5,3.6,MD,MD,3.5945,Mendoza2022_Meq_to_Mw,Mendoza/YPF 2022,converted_regional,ISC,ISC,1,15998748,,inside_rectangle,single_source,yes,yes,
MZA-01272,2009-08-21T03:11:23.100Z,2009,8,-32.567,-69.917,132.1,2.4,ML,ML,2.4305,Mendoza2022_Meq_to_Mw,Mendoza/YPF 2022,converted_regional,ISC,ISC,1,15998792,,inside_rectangle,single_source,yes,yes,
MZA-01273,2009-08-26T07:38:40.260Z,2009,8,-32.9626,-69.9423,114.6,3.9,mb,mb,3.9256,Mendoza2022_mb_to_Mw,Mendoza/YPF 2022,converted_regional,ISC,ISC,1,13991383,,inside_rectangle,single_source,yes,yes,
MZA-01274,2009-08-30T11:11:51.800Z,2009,8,-33.499,-68.835,14,3.3,MD,MD,3.3035,Mendoza2022_Meq_to_Mw,Mendoza/YPF 2022,converted_regional,ISC,ISC,1,15998891,,inside_rectangle,single_source,yes,yes,
MZA-01275,2009-08-30T23:10:45.500Z,2009,8,-33.411,-69.317,5,3.7,MD,MD,3.6915,Mendoza2022_Meq_to_Mw,Mendoza/YPF 2022,converted_regional,ISC,ISC,1,15998895,,inside_rectangle,single_source,yes,yes,
MZA-01276,2009-09-04T00:24:46.600Z,2009,9,-32.362,-69.87,137.5,3.2,ML,ML,3.2065,Mendoza2022_Meq_to_Mw,Mendoza/YPF 2022,converted_regional,ISC,ISC,1,15998936,,inside_rectangle,single_source,yes,yes,
MZA-01277,2009-09-05T02:51:06.790Z,2009,9,-32.1355,-67.833,16.2,4.2,mb,mb,4.0918,Mendoza2022_mb_to_Mw,Mendoza/YPF 2022,converted_regional,ISC,ISC + USGS,2,13992196,usp000h188,inside_rectangle,accepted_auto,yes,yes,
MZA-01278,2009-09-06T08:21:41.600Z,2009,9,-34.697,-69.711,3.4,3.5,MD,MD,3.4975,Mendoza2022_Meq_to_Mw,Mendoza/YPF 2022,converted_regional,ISC,ISC,1,15998949,,inside_rectangle,single_source,yes,yes,
MZA-01279,2009-09-07T00:35:49.400Z,2009,9,-34.253,-69.992,17.5,2.4,ML,ML,2.4305,Mendoza2022_Meq_to_Mw,Mendoza/YPF 2022,converted_regional,ISC,ISC,1,15998959,,inside_rectangle,single_source,yes,yes,
MZA-01280,2009-09-09T21:47:59.600Z,2009,9,-33.681,-69.767,147.5,2.6,ML,ML,2.6245,Mendoza2022_Meq_to_Mw,Mendoza/YPF 2022,converted_regional,ISC,ISC,1,15998980,,inside_rectangle,single_source,yes,yes,
MZA-01281,2009-09-20T23:58:17.000Z,2009,9,-32.93,-69.661,156.9,2.8,MD,MD,2.8185,Mendoza2022_Meq_to_Mw,Mendoza/YPF 2022,converted_regional,ISC,ISC,1,15999099,,inside_rectangle,single_source,yes,yes,
MZA-01282,2009-09-24T00:33:51.800Z,2009,9,-32.237,-69.905,116.2,2.9,MD,MD,2.9155,Mendoza2022_Meq_to_Mw,Mendoza/YPF 2022,converted_regional,ISC,ISC,1,15999128,,inside_rectangle,single_source,yes,yes,
MZA-01283,2009-09-25T11:38:06.800Z,2009,9,-32.174,-69.039,7.4,3.1,ML,ML,3.1095,Mendoza2022_Meq_to_Mw,Mendoza/YPF 2022,converted_regional,ISC,ISC,1,15999148,,inside_rectangle,single_source,yes,yes,
MZA-01284,2009-10-01T03:29:57.600Z,2009,10,-32.974,-69.762,112.7,2.5,ML,ML,2.5275,Mendoza2022_Meq_to_Mw,Mendoza/YPF 2022,converted_regional,ISC,ISC,1,15999186,,inside_rectangle,single_source,yes,yes,
MZA-01285,2009-10-10T15:34:39.000Z,2009,10,-32.993,-69.145,120.3,3.3,MD,MD,3.3035,Mendoza2022_Meq_to_Mw,Mendoza/YPF 2022,converted_regional,ISC,ISC,1,15999259,,inside_rectangle,single_source,yes,yes,
MZA-01286,2009-10-12T10:23:51.700Z,2009,10,-33.087,-68.905,9.7,3.3,ML,ML,3.3035,Mendoza2022_Meq_to_Mw,Mendoza/YPF 2022,converted_regional,ISC,ISC,1,15999282,,inside_rectangle,single_source,yes,yes,
MZA-01287,2009-10-13T05:35:45.700Z,2009,10,-32.89,-69.049,11.9,3.6,MD,MD,3.5945,Mendoza2022_Meq_to_Mw,Mendoza/YPF 2022,converted_regional,ISC,ISC,1,15999291,,inside_rectangle,single_source,yes,yes,
MZA-01288,2009-10-14T19:10:29.200Z,2009,10,-33.143,-69.764,15,2.6,ML,ML,2.6245,Mendoza2022_Meq_to_Mw,Mendoza/YPF 2022,converted_regional,ISC,ISC,1,15999306,,inside_rectangle,single_source,yes,yes,
MZA-01289,2009-10-14T20:49:27.600Z,2009,10,-32.677,-69.953,123.6,3,MD,MD,3.0125,Mendoza2022_Meq_to_Mw,Mendoza/YPF 2022,converted_regional,ISC,ISC,1,15999307,,inside_rectangle,single_source,yes,yes,
MZA-01290,2009-10-15T22:31:19.100Z,2009,10,-33.988,-68.924,11.3,3.6,MD,MD,3.5945,Mendoza2022_Meq_to_Mw,Mendoza/YPF 2022,converted_regional,ISC,ISC,1,15999323,,inside_rectangle,single_source,yes,yes,
MZA-01291,2009-10-16T07:10:20.500Z,2009,10,-32.011,-68.575,150,3.1,ML,ML,3.1095,Mendoza2022_Meq_to_Mw,Mendoza/YPF 2022,converted_regional,ISC,ISC,1,15999324,,inside_rectangle,single_source,yes,yes,
MZA-01292,2009-11-02T06:53:48.300Z,2009,11,-34.647,-69.12,149.2,3.2,MD,MD,3.2065,Mendoza2022_Meq_to_Mw,Mendoza/YPF 2022,converted_regional,ISC,ISC,1,15999445,,inside_rectangle,single_source,yes,yes,
MZA-01293,2009-11-02T10:55:18.500Z,2009,11,-32.53,-69.967,126.1,2.7,ML,ML,2.7215,Mendoza2022_Meq_to_Mw,Mendoza/YPF 2022,converted_regional,ISC,ISC,1,15999450,,inside_rectangle,single_source,yes,yes,
MZA-01294,2009-11-06T12:22:57.200Z,2009,11,-33.376,-69.831,8.9,2.3,ML,ML,2.3335,Mendoza2022_Meq_to_Mw,Mendoza/YPF 2022,converted_regional,ISC,ISC,1,15999491,,inside_rectangle,single_source,yes,yes,
MZA-01295,2009-11-17T06:08:25.700Z,2009,11,-33.502,-69.743,112.5,2.7,ML,ML,2.7215,Mendoza2022_Meq_to_Mw,Mendoza/YPF 2022,converted_regional,ISC,ISC,1,15999560,,inside_rectangle,single_source,yes,yes,
MZA-01296,2009-12-09T07:00:16.800Z,2009,12,-32.674,-69.223,15,3.6,MD,MD,3.5945,Mendoza2022_Meq_to_Mw,Mendoza/YPF 2022,converted_regional,ISC,ISC,1,15999740,,inside_rectangle,single_source,yes,yes,
MZA-01297,2009-12-10T12:18:33.300Z,2009,12,-33.242,-69.933,135.8,2.8,MD,MD,2.8185,Mendoza2022_Meq_to_Mw,Mendoza/YPF 2022,converted_regional,ISC,ISC,1,15999750,,inside_rectangle,single_source,yes,yes,
MZA-01298,2009-12-16T22:34:44.330Z,2009,12,-32.7697,-68.8108,136,3.8,mb,mb,3.8702,Mendoza2022_mb_to_Mw,Mendoza/YPF 2022,converted_regional,ISC,ISC,1,14333812,,inside_rectangle,single_source,yes,yes,
MZA-01299,2009-12-30T20:45:17.600Z,2009,12,-32.421,-69.975,127.6,3,MD,MD,3.0125,Mendoza2022_Meq_to_Mw,Mendoza/YPF 2022,converted_regional,ISC,ISC,1,15999872,,inside_rectangle,single_source,yes,yes,
MZA-01300,2010-01-03T07:09:28.200Z,2010,1,-32.622,-68.835,26,2.8,MD,MD,2.8185,Mendoza2022_Meq_to_Mw,Mendoza/YPF 2022,converted_regional,ISC,ISC,1,600139774,,inside_rectangle,single_source,yes,yes,
MZA-01301,2010-01-03T19:22:48.700Z,2010,1,-33.51,-68.9,12.2,2.6,ML,ML,2.6245,Mendoza2022_Meq_to_Mw,Mendoza/YPF 2022,converted_regional,ISC,ISC,1,15999919,,inside_rectangle,single_source,yes,yes,
MZA-01302,2010-01-04T03:43:02.499Z,2010,1,-33.617,-68.75,4.3,2.3,ML,ML,2.3335,Mendoza2022_Meq_to_Mw,Mendoza/YPF 2022,converted_regional,ISC,ISC,1,15999932,,inside_rectangle,single_source,yes,yes,
MZA-01303,2010-01-04T13:41:08.400Z,2010,1,-34.749,-69.342,9.8,3,ML,ML,3.0125,Mendoza2022_Meq_to_Mw,Mendoza/YPF 2022,converted_regional,ISC,ISC,1,15999933,,inside_rectangle,single_source,yes,yes,
MZA-01304,2010-01-06T06:59:48.300Z,2010,1,-32.998,-68.266,26.8,2.6,ML,ML,2.6245,Mendoza2022_Meq_to_Mw,Mendoza/YPF 2022,converted_regional,ISC,ISC,1,600139781,,inside_rectangle,single_source,yes,yes,
MZA-01305,2010-01-06T18:10:52.600Z,2010,1,-32.159,-69.843,122.1,2.9,ML,ML,2.9155,Mendoza2022_Meq_to_Mw,Mendoza/YPF 2022,converted_regional,ISC,ISC,1,16000021,,inside_rectangle,single_source,yes,yes,
MZA-01306,2010-01-07T01:08:03.000Z,2010,1,-33.255,-69.302,10.7,2.7,ML,ML,2.7215,Mendoza2022_Meq_to_Mw,Mendoza/YPF 2022,converted_regional,ISC,ISC,1,600139784,,inside_rectangle,single_source,yes,yes,
MZA-01307,2010-01-09T16:45:32.300Z,2010,1,-32.897,-69.296,5.9,3.1,ML,ML,3.1095,Mendoza2022_Meq_to_Mw,Mendoza/YPF 2022,converted_regional,ISC,ISC,1,600139792,,inside_rectangle,single_source,yes,yes,
MZA-01308,2010-01-10T02:23:30.500Z,2010,1,-33.267,-67.728,163.2,2.7,ML,ML,2.7215,Mendoza2022_Meq_to_Mw,Mendoza/YPF 2022,converted_regional,ISC,ISC,1,600139794,,inside_rectangle,single_source,yes,yes,
MZA-01309,2010-01-16T05:09:50.500Z,2010,1,-32.602,-68.119,128.9,3.2,MD,MD,3.2065,Mendoza2022_Meq_to_Mw,Mendoza/YPF 2022,converted_regional,ISC,ISC,1,600139807,,inside_rectangle,single_source,yes,yes,
MZA-01310,2010-01-23T17:01:30.200Z,2010,1,-34.635,-69.426,228.9,3.1,MD,MD,3.1095,Mendoza2022_Meq_to_Mw,Mendoza/YPF 2022,converted_regional,ISC,ISC,1,600139826,,inside_rectangle,single_source,yes,yes,
MZA-01311,2010-01-26T04:03:52.000Z,2010,1,-33.358,-68.233,12.5,2.8,ML,ML,2.8185,Mendoza2022_Meq_to_Mw,Mendoza/YPF 2022,converted_regional,ISC,ISC,1,600139839,,inside_rectangle,single_source,yes,yes,
MZA-01312,2010-01-26T08:17:55.200Z,2010,1,-33.316,-67.465,15.4,3.5,MD,MD,3.4975,Mendoza2022_Meq_to_Mw,Mendoza/YPF 2022,converted_regional,ISC,ISC,1,600139840,,inside_rectangle,single_source,yes,yes,
MZA-01313,2010-01-29T00:34:44.400Z,2010,1,-33.294,-67.567,20.5,2.6,ML,ML,2.6245,Mendoza2022_Meq_to_Mw,Mendoza/YPF 2022,converted_regional,ISC,ISC,1,600139852,,inside_rectangle,single_source,yes,yes,
MZA-01314,2010-02-01T00:19:34.800Z,2010,2,-32.274,-67.868,121.8,2.5,ML,ML,2.5275,Mendoza2022_Meq_to_Mw,Mendoza/YPF 2022,converted_regional,ISC,ISC,1,600138796,,inside_rectangle,single_source,yes,yes,
MZA-01315,2010-02-02T01:16:54.300Z,2010,2,-33.154,-69.336,52.1,2.7,ML,ML,2.7215,Mendoza2022_Meq_to_Mw,Mendoza/YPF 2022,converted_regional,ISC,ISC,1,600138799,,inside_rectangle,single_source,yes,yes,
MZA-01316,2010-02-02T13:01:58.799Z,2010,2,-32.937,-69.836,135.8,2.8,ML,ML,2.8185,Mendoza2022_Meq_to_Mw,Mendoza/YPF 2022,converted_regional,ISC,ISC,1,16269194,,inside_rectangle,single_source,yes,yes,
MZA-01317,2010-02-05T11:33:01.799Z,2010,2,-32.226,-69.594,109.1,2.6,ML,ML,2.6245,Mendoza2022_Meq_to_Mw,Mendoza/YPF 2022,converted_regional,ISC,ISC,1,600138809,,inside_rectangle,single_source,yes,yes,
MZA-01318,2010-02-06T05:20:01.700Z,2010,2,-33.067,-68.696,16.9,2.5,ML,ML,2.5275,Mendoza2022_Meq_to_Mw,Mendoza/YPF 2022,converted_regional,ISC,ISC,1,600138814,,inside_rectangle,single_source,yes,yes,
MZA-01319,2010-02-08T01:50:29.000Z,2010,2,-33.27,-69.061,19.4,3.7,ML,ML,3.6915,Mendoza2022_Meq_to_Mw,Mendoza/YPF 2022,converted_regional,ISC,ISC + USGS,2,16247613,usp000h72h,inside_rectangle,accepted_auto,yes,yes,
MZA-01320,2010-02-12T04:14:19.700Z,2010,2,-34.117,-68.607,110.8,2.6,ML,ML,2.6245,Mendoza2022_Meq_to_Mw,Mendoza/YPF 2022,converted_regional,ISC,ISC,1,600138837,,inside_rectangle,single_source,yes,yes,
MZA-01321,2010-02-12T08:36:38.400Z,2010,2,-32.733,-68.46,9.8,2.8,ML,ML,2.8185,Mendoza2022_Meq_to_Mw,Mendoza/YPF 2022,converted_regional,ISC,ISC,1,600138839,,inside_rectangle,single_source,yes,yes,
MZA-01322,2010-02-12T12:03:41.260Z,2010,2,-33.6078,-68.8809,169.9,5.5,mb,mb,4.812,Mendoza2022_mb_to_Mw,Mendoza/YPF 2022,converted_regional,ISC,ISC + USGS,2,14542435,usp000h77d,inside_rectangle,accepted_auto,yes,yes,
MZA-01323,2010-02-20T22:25:24.000Z,2010,2,-33.763,-69.935,136,2.7,MD,MD,2.7215,Mendoza2022_Meq_to_Mw,Mendoza/YPF 2022,converted_regional,ISC,ISC,1,16248195,,inside_rectangle,single_source,yes,yes,
MZA-01324,2010-02-20T23:20:44.900Z,2010,2,-32.138,-68.788,5.3,3.7,MD,MD,3.6915,Mendoza2022_Meq_to_Mw,Mendoza/YPF 2022,converted_regional,ISC,ISC,1,16248196,,inside_rectangle,single_source,yes,yes,
MZA-01325,2010-02-24T19:30:01.299Z,2010,2,-32.467,-68.105,16.2,3.1,MD,MD,3.1095,Mendoza2022_Meq_to_Mw,Mendoza/YPF 2022,converted_regional,ISC,ISC,1,600138876,,inside_rectangle,single_source,yes,yes,
MZA-01326,2010-02-27T11:03:19.790Z,2010,2,-34.4034,-69.562,10,4.1,mb,mb,4.0364,Mendoza2022_mb_to_Mw,Mendoza/YPF 2022,converted_regional,ISC,ISC,1,17149299,,inside_rectangle,single_source,yes,yes,
MZA-01327,2010-02-27T23:59:29.080Z,2010,2,-34.2713,-69.5822,10,4,mb,mb,3.981,Mendoza2022_mb_to_Mw,Mendoza/YPF 2022,converted_regional,ISC,ISC,1,17149527,,inside_rectangle,single_source,yes,yes,
MZA-01328,2010-02-28T00:09:36.399Z,2010,2,-34.059,-68.999,63,3.4,ML,ML,3.4005,Mendoza2022_Meq_to_Mw,Mendoza/YPF 2022,converted_regional,ISC,ISC,1,600138905,,inside_rectangle,single_source,yes,yes,
MZA-01329,2010-02-28T08:15:03.900Z,2010,2,-33.6266,-68.485,15.5,4.9,mb,mb,4.4796,Mendoza2022_mb_to_Mw,Mendoza/YPF 2022,converted_regional,ISC,ISC + USGS,2,14869629,usp000h85u,inside_rectangle,accepted_auto,yes,yes,
MZA-01330,2010-03-02T04:01:27.800Z,2010,3,-32.094,-69.31,100,3.8,ML,ML,3.7885,Mendoza2022_Meq_to_Mw,Mendoza/YPF 2022,converted_regional,ISC,ISC,1,17466475,,inside_rectangle,single_source,yes,yes,
MZA-01331,2010-03-02T23:42:26.240Z,2010,3,-35.6973,-69.3414,0,3.5,mb,mb,3.704,Mendoza2022_mb_to_Mw,Mendoza/YPF 2022,converted_regional,ISC,ISC,1,17150323,,inside_rectangle,single_source,yes,yes,
MZA-01332,2010-03-03T16:04:59.400Z,2010,3,-32.414,-69.386,7.9,4,MD,MD,3.9825,Mendoza2022_Meq_to_Mw,Mendoza/YPF 2022,converted_regional,ISC,ISC,1,600735688,,inside_rectangle,single_source,yes,yes,
MZA-01333,2010-03-04T00:12:49.500Z,2010,3,-32.919,-69.235,32.3,3.1,ML,ML,3.1095,Mendoza2022_Meq_to_Mw,Mendoza/YPF 2022,converted_regional,ISC,ISC,1,600735689,,inside_rectangle,single_source,yes,yes,
MZA-01334,2010-03-04T10:53:53.700Z,2010,3,-35.869,-69.919,35,5,mb,mb,4.535,Mendoza2022_mb_to_Mw,Mendoza/YPF 2022,converted_regional,USGS,USGS,1,,usp000h8pk,inside_rectangle,single_source,yes,yes,
MZA-01335,2010-03-04T14:35:06.729Z,2010,3,-32.6116,-68.8944,33.2,4.2,mb,mb,4.0918,Mendoza2022_mb_to_Mw,Mendoza/YPF 2022,converted_regional,ISC,ISC,1,17150644,,inside_rectangle,single_source,yes,yes,
MZA-01336,2010-03-09T13:21:44.899Z,2010,3,-33.916,-68.757,24,3.9,ML,ML,3.8855,Mendoza2022_Meq_to_Mw,Mendoza/YPF 2022,converted_regional,ISC,ISC,1,600735716,,inside_rectangle,single_source,yes,yes,
MZA-01337,2010-03-09T23:58:54.600Z,2010,3,-33.522,-68.743,29.4,2.9,ML,ML,2.9155,Mendoza2022_Meq_to_Mw,Mendoza/YPF 2022,converted_regional,ISC,ISC,1,600735719,,inside_rectangle,single_source,yes,yes,
MZA-01338,2010-03-11T13:34:11.700Z,2010,3,-33.653,-69.848,30,3.3,ML,ML,3.3035,Mendoza2022_Meq_to_Mw,Mendoza/YPF 2022,converted_regional,ISC,ISC,1,600735730,,inside_rectangle,single_source,yes,yes,
MZA-01339,2010-03-12T05:15:11.400Z,2010,3,-34.795,-69.499,23.8,3.2,ML,ML,3.2065,Mendoza2022_Meq_to_Mw,Mendoza/YPF 2022,converted_regional,ISC,ISC,1,600735735,,inside_rectangle,single_source,yes,yes,
MZA-01340,2010-03-12T09:09:21.620Z,2010,3,-32.7344,-68.8019,136.7,3.5,mb,mb,3.704,Mendoza2022_mb_to_Mw,Mendoza/YPF 2022,converted_regional,ISC,ISC,1,17151671,,inside_rectangle,single_source,yes,yes,
MZA-01341,2010-03-12T17:50:52.100Z,2010,3,-33.543,-68.109,7,3.7,ML,ML,3.6915,Mendoza2022_Meq_to_Mw,Mendoza/YPF 2022,converted_regional,ISC,ISC,1,600735739,,inside_rectangle,single_source,yes,yes,
MZA-01342,2010-03-13T01:56:13.580Z,2010,3,-34.8656,-67.6972,35,4.6,mb,mb,4.3134,Mendoza2022_mb_to_Mw,Mendoza/YPF 2022,converted_regional,ISC,ISC + USGS,2,14405381,usp000h99j,inside_rectangle,accepted_auto,yes,yes,
MZA-01343,2010-03-13T16:33:17.700Z,2010,3,-34.1018,-69.6857,35,4.7,mb,mb,4.3688,Mendoza2022_mb_to_Mw,Mendoza/YPF 2022,converted_regional,ISC,ISC + USGS,2,14405835,usp000h9av,inside_rectangle,accepted_auto,yes,yes,
MZA-01344,2010-03-13T19:34:21.400Z,2010,3,-34.624,-69.737,9.2,3,ML,ML,3.0125,Mendoza2022_Meq_to_Mw,Mendoza/YPF 2022,converted_regional,ISC,ISC,1,600735745,,inside_rectangle,single_source,yes,yes,
MZA-01345,2010-03-14T19:58:05.700Z,2010,3,-33.128,-68.998,23.3,3.1,ML,ML,3.1095,Mendoza2022_Meq_to_Mw,Mendoza/YPF 2022,converted_regional,ISC,ISC,1,600735746,,inside_rectangle,single_source,yes,yes,
MZA-01346,2010-03-15T01:10:17.500Z,2010,3,-32.762,-68.876,15.3,2.4,MD,MD,2.4305,Mendoza2022_Meq_to_Mw,Mendoza/YPF 2022,converted_regional,ISC,ISC,1,600735752,,inside_rectangle,single_source,yes,yes,
MZA-01347,2010-03-15T14:35:24.300Z,2010,3,-34.254,-69.51,9.7,3.3,ML,ML,3.3035,Mendoza2022_Meq_to_Mw,Mendoza/YPF 2022,converted_regional,ISC,ISC,1,600735756,,inside_rectangle,single_source,yes,yes,
MZA-01348,2010-03-15T20:01:10.500Z,2010,3,-32.955,-68.444,3,2.9,ML,ML,2.9155,Mendoza2022_Meq_to_Mw,Mendoza/YPF 2022,converted_regional,ISC,ISC,1,600735757,,inside_rectangle,single_source,yes,yes,
MZA-01349,2010-03-15T23:58:25.800Z,2010,3,-33.331,-69.622,5,3.1,ML,ML,3.1095,Mendoza2022_Meq_to_Mw,Mendoza/YPF 2022,converted_regional,ISC,ISC,1,600735758,,inside_rectangle,single_source,yes,yes,
MZA-01350,2010-03-16T04:12:40.900Z,2010,3,-34.158,-69.878,20,3.3,ML,ML,3.3035,Mendoza2022_Meq_to_Mw,Mendoza/YPF 2022,converted_regional,ISC,ISC,1,600735760,,inside_rectangle,single_source,yes,yes,
MZA-01351,2010-03-17T10:40:43.700Z,2010,3,-32.9207,-69.7215,114,3.8,mb,mb,3.8702,Mendoza2022_mb_to_Mw,Mendoza/YPF 2022,converted_regional,ISC,ISC,1,17152298,,inside_rectangle,single_source,yes,yes,
MZA-01352,2010-03-22T16:08:05.100Z,2010,3,-32.49,-67.433,15.1,3.1,MD,MD,3.1095,Mendoza2022_Meq_to_Mw,Mendoza/YPF 2022,converted_regional,ISC,ISC,1,600735779,,inside_rectangle,single_source,yes,yes,
MZA-01353,2010-03-22T19:26:48.600Z,2010,3,-32.764,-69.922,95.3,3.3,ML,ML,3.3035,Mendoza2022_Meq_to_Mw,Mendoza/YPF 2022,converted_regional,ISC,ISC,1,17467288,,inside_rectangle,single_source,yes,yes,
MZA-01354,2010-03-23T02:43:37.700Z,2010,3,-34.385,-69.274,20.8,3.2,MD,MD,3.2065,Mendoza2022_Meq_to_Mw,Mendoza/YPF 2022,converted_regional,ISC,ISC,1,600735780,,inside_rectangle,single_source,yes,yes,
MZA-01355,2010-03-25T21:18:33.000Z,2010,3,-33.17,-69.414,7.9,3.5,ML,ML,3.4975,Mendoza2022_Meq_to_Mw,Mendoza/YPF 2022,converted_regional,ISC,ISC,1,17467408,,inside_rectangle,single_source,yes,yes,
MZA-01356,2010-03-26T19:17:38.370Z,2010,3,-33.8317,-68.3884,5.8,4.1,mb,mb,4.0364,Mendoza2022_mb_to_Mw,Mendoza/YPF 2022,converted_regional,ISC,ISC + USGS,2,17153384,usp000ha0g,inside_rectangle,accepted_auto,yes,yes,
MZA-01357,2010-03-27T06:37:04.230Z,2010,3,-32.4178,-69.3641,13.1,4.6,mb,mb,4.3134,Mendoza2022_mb_to_Mw,Mendoza/YPF 2022,converted_regional,ISC,ISC + USGS,2,14560347,usp000ha0z,inside_rectangle,accepted_auto,yes,yes,
MZA-01358,2010-03-30T00:47:00.700Z,2010,3,-32.975,-68.146,14.5,3.3,ML,ML,3.3035,Mendoza2022_Meq_to_Mw,Mendoza/YPF 2022,converted_regional,ISC,ISC,1,17467585,,inside_rectangle,single_source,yes,yes,
MZA-01359,2010-03-30T10:47:20.200Z,2010,3,-33.856,-69.843,0.9,3.3,ML,ML,3.3035,Mendoza2022_Meq_to_Mw,Mendoza/YPF 2022,converted_regional,ISC,ISC,1,17467599,,inside_rectangle,single_source,yes,yes,
MZA-01360,2010-04-02T19:40:27.100Z,2010,4,-33.135,-69.104,20,3.3,ML,ML,3.3035,Mendoza2022_Meq_to_Mw,Mendoza/YPF 2022,converted_regional,ISC,ISC,1,600734741,,inside_rectangle,single_source,yes,yes,
MZA-01361,2010-04-02T22:48:05.500Z,2010,4,-33.724,-69.022,6,2.8,ML,ML,2.8185,Mendoza2022_Meq_to_Mw,Mendoza/YPF 2022,converted_regional,ISC,ISC,1,600734742,,inside_rectangle,single_source,yes,yes,
MZA-01362,2010-04-04T02:06:42.800Z,2010,4,-33.616,-69.947,20.3,1.9,ML,ML,1.9455,Mendoza2022_Meq_to_Mw,Mendoza/YPF 2022,converted_regional,ISC,ISC,1,17467826,,inside_rectangle,single_source,yes,yes,
MZA-01363,2010-04-05T04:50:16.200Z,2010,4,-32.013,-69.46,109.5,2.7,MD,MD,2.7215,Mendoza2022_Meq_to_Mw,Mendoza/YPF 2022,converted_regional,ISC,ISC,1,600734746,,inside_rectangle,single_source,yes,yes,
MZA-01364,2010-04-05T15:58:14.400Z,2010,4,-33.883,-68.845,20.5,3.5,MD,MD,3.4975,Mendoza2022_Meq_to_Mw,Mendoza/YPF 2022,converted_regional,ISC,ISC,1,600734747,,inside_rectangle,single_source,yes,yes,
MZA-01365,2010-04-05T17:12:27.100Z,2010,4,-32.413,-69.691,114.1,2.7,MD,MD,2.7215,Mendoza2022_Meq_to_Mw,Mendoza/YPF 2022,converted_regional,ISC,ISC,1,600734748,,inside_rectangle,single_source,yes,yes,
MZA-01366,2010-04-08T12:59:30.800Z,2010,4,-33.714,-68.968,16.8,2.2,ML,ML,2.2365,Mendoza2022_Meq_to_Mw,Mendoza/YPF 2022,converted_regional,ISC,ISC,1,600734756,,inside_rectangle,single_source,yes,yes,
MZA-01367,2010-04-10T21:40:18.800Z,2010,4,-34.8164,-69.538,35,3.8,mb,mb,3.8702,Mendoza2022_mb_to_Mw,Mendoza/YPF 2022,converted_regional,ISC,ISC,1,17154938,,inside_rectangle,single_source,yes,yes,
MZA-01368,2010-04-11T12:46:39.100Z,2010,4,-34.212,-69.325,39.8,2.8,ML,ML,2.8185,Mendoza2022_Meq_to_Mw,Mendoza/YPF 2022,converted_regional,ISC,ISC,1,600734768,,inside_rectangle,single_source,yes,yes,
MZA-01369,2010-04-12T12:10:39.050Z,2010,4,-32.1986,-69.4539,100,2.8,mb,mb,3.3162,Mendoza2022_mb_to_Mw,Mendoza/YPF 2022,converted_regional,ISC,ISC,1,17155143,,inside_rectangle,single_source,yes,yes,
MZA-01370,2010-04-12T15:10:22.200Z,2010,4,-33.732,-69.977,4.2,3.4,ML,ML,3.4005,Mendoza2022_Meq_to_Mw,Mendoza/YPF 2022,converted_regional,ISC,ISC,1,17468175,,inside_rectangle,single_source,yes,yes,
MZA-01371,2010-04-13T00:05:41.000Z,2010,4,-32.819,-69.055,189,3.9,ML,ML,3.8855,Mendoza2022_Meq_to_Mw,Mendoza/YPF 2022,converted_regional,ISC,ISC,1,17468187,,inside_rectangle,single_source,yes,yes,
MZA-01372,2010-04-18T22:40:57.600Z,2010,4,-33.404,-69.363,3.8,2.6,ML,ML,2.6245,Mendoza2022_Meq_to_Mw,Mendoza/YPF 2022,converted_regional,ISC,ISC,1,17468359,,inside_rectangle,single_source,yes,yes,
MZA-01373,2010-04-20T16:09:37.700Z,2010,4,-34.891,-68.467,69.6,3.5,ML,ML,3.4975,Mendoza2022_Meq_to_Mw,Mendoza/YPF 2022,converted_regional,ISC,ISC,1,600734786,,inside_rectangle,single_source,yes,yes,
MZA-01374,2010-04-21T16:51:58.400Z,2010,4,-35.201,-69.946,145,3.5,ML,ML,3.4975,Mendoza2022_Meq_to_Mw,Mendoza/YPF 2022,converted_regional,ISC,ISC,1,17468426,,inside_rectangle,single_source,yes,yes,
MZA-01375,2010-04-23T10:52:17.500Z,2010,4,-32.822,-69.435,111.8,3.1,ML,ML,3.1095,Mendoza2022_Meq_to_Mw,Mendoza/YPF 2022,converted_regional,ISC,ISC,1,17468461,,inside_rectangle,single_source,yes,yes,
MZA-01376,2010-04-23T13:31:20.600Z,2010,4,-32.121,-69.285,101.9,2.9,ML,ML,2.9155,Mendoza2022_Meq_to_Mw,Mendoza/YPF 2022,converted_regional,ISC,ISC,1,600734799,,inside_rectangle,single_source,yes,yes,
MZA-01377,2010-04-25T08:27:48.899Z,2010,4,-34.204,-69.978,14.1,2.6,ML,ML,2.6245,Mendoza2022_Meq_to_Mw,Mendoza/YPF 2022,converted_regional,ISC,ISC,1,17468493,,inside_rectangle,single_source,yes,yes,
MZA-01378,2010-04-26T10:46:23.400Z,2010,4,-32.228,-69.488,105.7,2.6,ML,ML,2.6245,Mendoza2022_Meq_to_Mw,Mendoza/YPF 2022,converted_regional,ISC,ISC,1,600734813,,inside_rectangle,single_source,yes,yes,
MZA-01379,2010-04-26T21:07:58.600Z,2010,4,-32.372,-69.682,101.3,3.2,ML,ML,3.2065,Mendoza2022_Meq_to_Mw,Mendoza/YPF 2022,converted_regional,ISC,ISC,1,600734815,,inside_rectangle,single_source,yes,yes,
MZA-01380,2010-04-26T21:09:10.500Z,2010,4,-33.046,-69.958,10.6,3,ML,ML,3.0125,Mendoza2022_Meq_to_Mw,Mendoza/YPF 2022,converted_regional,ISC,ISC,1,17468526,,inside_rectangle,single_source,yes,yes,
MZA-01381,2010-04-27T09:24:27.400Z,2010,4,-33.402,-68.794,33.9,2.6,ML,ML,2.6245,Mendoza2022_Meq_to_Mw,Mendoza/YPF 2022,converted_regional,ISC,ISC,1,600734821,,inside_rectangle,single_source,yes,yes,
MZA-01382,2010-04-28T20:02:23.400Z,2010,4,-32.425,-69.412,6.1,2.6,ML,ML,2.6245,Mendoza2022_Meq_to_Mw,Mendoza/YPF 2022,converted_regional,ISC,ISC,1,600734826,,inside_rectangle,single_source,yes,yes,
MZA-01383,2010-04-29T10:21:06.300Z,2010,4,-32.048,-67.293,129.4,2.3,ML,ML,2.3335,Mendoza2022_Meq_to_Mw,Mendoza/YPF 2022,converted_regional,ISC,ISC,1,600734830,,inside_rectangle,single_source,yes,yes,
MZA-01384,2010-05-03T01:33:32.000Z,2010,5,-33.718,-69.415,6.2,2.1,ML,ML,2.1395,Mendoza2022_Meq_to_Mw,Mendoza/YPF 2022,converted_regional,ISC,ISC,1,600815771,,inside_rectangle,single_source,yes,yes,
MZA-01385,2010-05-03T20:19:27.100Z,2010,5,-32.433,-69.685,110.1,2.1,ML,ML,2.1395,Mendoza2022_Meq_to_Mw,Mendoza/YPF 2022,converted_regional,ISC,ISC,1,600815780,,inside_rectangle,single_source,yes,yes,
MZA-01386,2010-05-04T15:47:31.900Z,2010,5,-32.161,-69.477,101,2.5,ML,ML,2.5275,Mendoza2022_Meq_to_Mw,Mendoza/YPF 2022,converted_regional,ISC,ISC,1,600815797,,inside_rectangle,single_source,yes,yes,
MZA-01387,2010-05-05T19:04:45.400Z,2010,5,-33.47,-69.484,13.4,3.3,ML,ML,3.3035,Mendoza2022_Meq_to_Mw,Mendoza/YPF 2022,converted_regional,ISC,ISC,1,600815814,,inside_rectangle,single_source,yes,yes,
MZA-01388,2010-05-06T05:55:11.900Z,2010,5,-33.32,-68.917,31.4,2.7,ML,ML,2.7215,Mendoza2022_Meq_to_Mw,Mendoza/YPF 2022,converted_regional,ISC,ISC,1,600815848,,inside_rectangle,single_source,yes,yes,
MZA-01389,2010-05-07T21:24:25.800Z,2010,5,-33.415,-68.849,9.9,2.3,ML,ML,2.3335,Mendoza2022_Meq_to_Mw,Mendoza/YPF 2022,converted_regional,ISC,ISC,1,600815872,,inside_rectangle,single_source,yes,yes,
MZA-01390,2010-05-10T09:01:05.000Z,2010,5,-34.507,-69.42,17.3,2.5,ML,ML,2.5275,Mendoza2022_Meq_to_Mw,Mendoza/YPF 2022,converted_regional,ISC,ISC,1,600815929,,inside_rectangle,single_source,yes,yes,
MZA-01391,2010-05-11T06:46:54.000Z,2010,5,-32.263,-69.743,148.1,3.2,MD,MD,3.2065,Mendoza2022_Meq_to_Mw,Mendoza/YPF 2022,converted_regional,ISC,ISC,1,600815954,,inside_rectangle,single_source,yes,yes,
MZA-01392,2010-05-11T17:13:23.600Z,2010,5,-33.19,-69.076,16.1,2.8,ML,ML,2.8185,Mendoza2022_Meq_to_Mw,Mendoza/YPF 2022,converted_regional,ISC,ISC,1,600815959,,inside_rectangle,single_source,yes,yes,
MZA-01393,2010-05-11T21:02:06.400Z,2010,5,-34.49,-69.406,18.1,3.2,ML,ML,3.2065,Mendoza2022_Meq_to_Mw,Mendoza/YPF 2022,converted_regional,ISC,ISC,1,600815960,,inside_rectangle,single_source,yes,yes,
MZA-01394,2010-05-12T00:55:36.700Z,2010,5,-32.979,-69.727,110.4,2.7,ML,ML,2.7215,Mendoza2022_Meq_to_Mw,Mendoza/YPF 2022,converted_regional,ISC,ISC,1,17468759,,inside_rectangle,single_source,yes,yes,
MZA-01395,2010-05-12T22:13:50.700Z,2010,5,-33.032,-69.213,10,2.8,ML,ML,2.8185,Mendoza2022_Meq_to_Mw,Mendoza/YPF 2022,converted_regional,ISC,ISC,1,600815984,,inside_rectangle,single_source,yes,yes,
MZA-01396,2010-05-13T16:28:05.000Z,2010,5,-34.716,-69.645,40,3.4,ML,ML,3.4005,Mendoza2022_Meq_to_Mw,Mendoza/YPF 2022,converted_regional,ISC,ISC,1,600816003,,inside_rectangle,single_source,yes,yes,
MZA-01397,2010-05-15T10:26:46.200Z,2010,5,-32.032,-69.323,109.1,2.8,ML,ML,2.8185,Mendoza2022_Meq_to_Mw,Mendoza/YPF 2022,converted_regional,ISC,ISC,1,600816054,,inside_rectangle,single_source,yes,yes,
MZA-01398,2010-05-15T13:57:59.800Z,2010,5,-33.402,-69.748,79.9,3.4,ML,ML,3.4005,Mendoza2022_Meq_to_Mw,Mendoza/YPF 2022,converted_regional,ISC,ISC,1,600816055,,inside_rectangle,single_source,yes,yes,
MZA-01399,2010-05-19T09:00:00.300Z,2010,5,-32.347,-69.477,111,2.9,ML,ML,2.9155,Mendoza2022_Meq_to_Mw,Mendoza/YPF 2022,converted_regional,ISC,ISC,1,17468881,,inside_rectangle,single_source,yes,yes,
MZA-01400,2010-05-21T15:07:16.300Z,2010,5,-32.99,-68.058,7.1,2.2,ML,ML,2.2365,Mendoza2022_Meq_to_Mw,Mendoza/YPF 2022,converted_regional,ISC,ISC,1,600816147,,inside_rectangle,single_source,yes,yes,
MZA-01401,2010-05-21T19:30:54.000Z,2010,5,-33.799,-68.404,25.2,2.8,ML,ML,2.8185,Mendoza2022_Meq_to_Mw,Mendoza/YPF 2022,converted_regional,ISC,ISC,1,600816152,,inside_rectangle,single_source,yes,yes,
MZA-01402,2010-05-23T04:18:56.800Z,2010,5,-32.521,-69.308,2.9,1.8,ML,ML,1.8485,Mendoza2022_Meq_to_Mw,Mendoza/YPF 2022,converted_regional,ISC,ISC,1,600816199,,inside_rectangle,single_source,yes,yes,
MZA-01403,2010-05-23T16:16:29.000Z,2010,5,-32.928,-67.665,175.3,2.4,ML,ML,2.4305,Mendoza2022_Meq_to_Mw,Mendoza/YPF 2022,converted_regional,ISC,ISC,1,600816205,,inside_rectangle,single_source,yes,yes,
MZA-01404,2010-05-24T15:54:56.200Z,2010,5,-32.849,-68.952,4.9,2.6,ML,ML,2.6245,Mendoza2022_Meq_to_Mw,Mendoza/YPF 2022,converted_regional,ISC,ISC,1,600816227,,inside_rectangle,single_source,yes,yes,
MZA-01405,2010-05-25T15:38:58.800Z,2010,5,-32.182,-69.559,109.8,2.8,MD,MD,2.8185,Mendoza2022_Meq_to_Mw,Mendoza/YPF 2022,converted_regional,ISC,ISC,1,17469003,,inside_rectangle,single_source,yes,yes,
MZA-01406,2010-05-26T20:59:59.800Z,2010,5,-33.119,-68.7,22.6,2.9,MD,MD,2.9155,Mendoza2022_Meq_to_Mw,Mendoza/YPF 2022,converted_regional,ISC,ISC,1,600816266,,inside_rectangle,single_source,yes,yes,
MZA-01407,2010-05-27T17:15:03.100Z,2010,5,-32.246,-68.398,36.7,2.7,ML,ML,2.7215,Mendoza2022_Meq_to_Mw,Mendoza/YPF 2022,converted_regional,ISC,ISC,1,17469073,,inside_rectangle,single_source,yes,yes,
MZA-01408,2010-05-29T08:59:43.000Z,2010,5,-32.071,-67.188,140.5,3.1,ML,ML,3.1095,Mendoza2022_Meq_to_Mw,Mendoza/YPF 2022,converted_regional,ISC,ISC,1,600816291,,inside_rectangle,single_source,yes,yes,
MZA-01409,2010-05-30T13:27:59.800Z,2010,5,-32.28,-68.375,115.5,3.1,ML,ML,3.1095,Mendoza2022_Meq_to_Mw,Mendoza/YPF 2022,converted_regional,ISC,ISC,1,17469170,,inside_rectangle,single_source,yes,yes,
MZA-01410,2010-05-31T09:38:31.900Z,2010,5,-34.537,-69.888,12.9,3.7,ML,ML,3.6915,Mendoza2022_Meq_to_Mw,Mendoza/YPF 2022,converted_regional,ISC,ISC,1,17469203,,inside_rectangle,single_source,yes,yes,
MZA-01411,2010-06-01T02:01:08.300Z,2010,6,-32.078,-69.558,106.1,2.6,ML,ML,2.6245,Mendoza2022_Meq_to_Mw,Mendoza/YPF 2022,converted_regional,ISC,ISC,1,601071402,,inside_rectangle,single_source,yes,yes,
MZA-01412,2010-06-01T17:41:36.800Z,2010,6,-33.543,-69.976,29.2,2.5,ML,ML,2.5275,Mendoza2022_Meq_to_Mw,Mendoza/YPF 2022,converted_regional,ISC,ISC,1,17469237,,inside_rectangle,single_source,yes,yes,
MZA-01413,2010-06-02T13:22:21.500Z,2010,6,-32.984,-69.194,14.2,1.7,ML,ML,1.7515,Mendoza2022_Meq_to_Mw,Mendoza/YPF 2022,converted_regional,ISC,ISC,1,601071416,,inside_rectangle,single_source,yes,yes,
MZA-01414,2010-06-02T15:22:32.099Z,2010,6,-34.528,-69.868,14.6,3.4,ML,ML,3.4005,Mendoza2022_Meq_to_Mw,Mendoza/YPF 2022,converted_regional,ISC,ISC,1,17469252,,inside_rectangle,single_source,yes,yes,
MZA-01415,2010-06-02T16:44:13.200Z,2010,6,-34.496,-69.645,20,3,ML,ML,3.0125,Mendoza2022_Meq_to_Mw,Mendoza/YPF 2022,converted_regional,ISC,ISC,1,601071419,,inside_rectangle,single_source,yes,yes,
MZA-01416,2010-06-04T12:00:07.099Z,2010,6,-34.869,-69.095,39.8,3.5,ML,ML,3.4975,Mendoza2022_Meq_to_Mw,Mendoza/YPF 2022,converted_regional,ISC,ISC,1,601071433,,inside_rectangle,single_source,yes,yes,
MZA-01417,2010-06-04T20:58:40.900Z,2010,6,-34.838,-69.086,39.9,3.3,ML,ML,3.3035,Mendoza2022_Meq_to_Mw,Mendoza/YPF 2022,converted_regional,ISC,ISC,1,601071439,,inside_rectangle,single_source,yes,yes,
MZA-01418,2010-06-06T06:58:08.900Z,2010,6,-32.486,-69.9,119.3,2.8,ML,ML,2.8185,Mendoza2022_Meq_to_Mw,Mendoza/YPF 2022,converted_regional,ISC,ISC,1,601071454,,inside_rectangle,single_source,yes,yes,
MZA-01419,2010-06-07T02:30:52.800Z,2010,6,-32.098,-68.492,117.1,3.2,ML,ML,3.2065,Mendoza2022_Meq_to_Mw,Mendoza/YPF 2022,converted_regional,ISC,ISC,1,601071464,,inside_rectangle,single_source,yes,yes,
MZA-01420,2010-06-08T11:50:34.200Z,2010,6,-32.354,-69.137,318.5,2.5,ML,ML,2.5275,Mendoza2022_Meq_to_Mw,Mendoza/YPF 2022,converted_regional,ISC,ISC,1,601071479,,inside_rectangle,single_source,yes,yes,
MZA-01421,2010-06-11T15:31:58.500Z,2010,6,-32.943,-69.303,10,2.2,ML,ML,2.2365,Mendoza2022_Meq_to_Mw,Mendoza/YPF 2022,converted_regional,ISC,ISC,1,601071505,,inside_rectangle,single_source,yes,yes,
MZA-01422,2010-06-12T20:31:15.000Z,2010,6,-32.333,-69.08,31.6,1.5,ML,ML,1.5575,Mendoza2022_Meq_to_Mw,Mendoza/YPF 2022,converted_regional,ISC,ISC,1,601071514,,inside_rectangle,single_source,yes,yes,
MZA-01423,2010-06-14T14:22:07.900Z,2010,6,-33.73,-69.626,143.3,3,ML,ML,3.0125,Mendoza2022_Meq_to_Mw,Mendoza/YPF 2022,converted_regional,ISC,ISC,1,601071526,,inside_rectangle,single_source,yes,yes,
MZA-01424,2010-06-14T23:34:04.700Z,2010,6,-32.587,-68.52,135,2,ML,ML,2.0425,Mendoza2022_Meq_to_Mw,Mendoza/YPF 2022,converted_regional,ISC,ISC,1,601071533,,inside_rectangle,single_source,yes,yes,
MZA-01425,2010-06-15T05:06:13.900Z,2010,6,-33.942,-68.851,17.7,2.9,ML,ML,2.9155,Mendoza2022_Meq_to_Mw,Mendoza/YPF 2022,converted_regional,ISC,ISC,1,601071535,,inside_rectangle,single_source,yes,yes,
MZA-01426,2010-06-15T05:07:48.500Z,2010,6,-33.695,-68.86,18.3,3.2,ML,ML,3.2065,Mendoza2022_Meq_to_Mw,Mendoza/YPF 2022,converted_regional,ISC,ISC,1,601071536,,inside_rectangle,single_source,yes,yes,
MZA-01427,2010-06-15T16:04:14.300Z,2010,6,-33.418,-67.547,205.7,3.3,MD,MD,3.3035,Mendoza2022_Meq_to_Mw,Mendoza/YPF 2022,converted_regional,ISC,ISC,1,601071540,,inside_rectangle,single_source,yes,yes,
MZA-01428,2010-06-16T16:32:58.600Z,2010,6,-32.671,-69.125,37,2,ML,ML,2.0425,Mendoza2022_Meq_to_Mw,Mendoza/YPF 2022,converted_regional,ISC,ISC,1,601071552,,inside_rectangle,single_source,yes,yes,
MZA-01429,2010-06-17T11:28:12.600Z,2010,6,-32.02,-68.469,115.5,1.9,ML,ML,1.9455,Mendoza2022_Meq_to_Mw,Mendoza/YPF 2022,converted_regional,ISC,ISC,1,601071570,,inside_rectangle,single_source,yes,yes,
MZA-01430,2010-06-17T13:01:13.600Z,2010,6,-32.55,-68.148,141,2.4,ML,ML,2.4305,Mendoza2022_Meq_to_Mw,Mendoza/YPF 2022,converted_regional,ISC,ISC,1,601071571,,inside_rectangle,single_source,yes,yes,
MZA-01431,2010-06-18T20:39:35.300Z,2010,6,-32.951,-69.171,16.7,1.5,ML,ML,1.5575,Mendoza2022_Meq_to_Mw,Mendoza/YPF 2022,converted_regional,ISC,ISC,1,601071594,,inside_rectangle,single_source,yes,yes,
MZA-01432,2010-06-19T02:19:45.900Z,2010,6,-33.368,-69.234,17.6,2.1,ML,ML,2.1395,Mendoza2022_Meq_to_Mw,Mendoza/YPF 2022,converted_regional,ISC,ISC,1,601071600,,inside_rectangle,single_source,yes,yes,
MZA-01433,2010-06-21T11:36:35.300Z,2010,6,-33.047,-69.444,3.8,2.3,ML,ML,2.3335,Mendoza2022_Meq_to_Mw,Mendoza/YPF 2022,converted_regional,ISC,ISC,1,601071624,,inside_rectangle,single_source,yes,yes,
MZA-01434,2010-06-21T16:48:04.300Z,2010,6,-32.51,-69.678,120.7,2.1,ML,ML,2.1395,Mendoza2022_Meq_to_Mw,Mendoza/YPF 2022,converted_regional,ISC,ISC,1,601071627,,inside_rectangle,single_source,yes,yes,
MZA-01435,2010-06-21T18:09:48.400Z,2010,6,-32.606,-69.096,127,2.8,ML,ML,2.8185,Mendoza2022_Meq_to_Mw,Mendoza/YPF 2022,converted_regional,ISC,ISC,1,601071628,,inside_rectangle,single_source,yes,yes,
MZA-01436,2010-06-23T08:16:35.700Z,2010,6,-32.377,-69.741,125.2,2.8,ML,ML,2.8185,Mendoza2022_Meq_to_Mw,Mendoza/YPF 2022,converted_regional,ISC,ISC,1,601071647,,inside_rectangle,single_source,yes,yes,
MZA-01437,2010-06-23T15:30:14.800Z,2010,6,-32.785,-69.317,66.6,3.2,ML,ML,3.2065,Mendoza2022_Meq_to_Mw,Mendoza/YPF 2022,converted_regional,ISC,ISC,1,17469673,,inside_rectangle,single_source,yes,yes,
MZA-01438,2010-06-24T05:06:06.560Z,2010,6,-32.1384,-69.1712,118.6,3.5,mb,mb,3.704,Mendoza2022_mb_to_Mw,Mendoza/YPF 2022,converted_regional,ISC,ISC,1,17176350,,inside_rectangle,single_source,yes,yes,
MZA-01439,2010-06-25T02:17:18.700Z,2010,6,-32.159,-67.493,133.5,2.7,ML,ML,2.7215,Mendoza2022_Meq_to_Mw,Mendoza/YPF 2022,converted_regional,ISC,ISC,1,601071666,,inside_rectangle,single_source,yes,yes,
MZA-01440,2010-06-26T01:36:25.600Z,2010,6,-32.108,-69.626,113.4,2.9,ML,ML,2.9155,Mendoza2022_Meq_to_Mw,Mendoza/YPF 2022,converted_regional,ISC,ISC,1,601071671,,inside_rectangle,single_source,yes,yes,
MZA-01441,2010-06-28T05:19:07.400Z,2010,6,-33.125,-69.589,10.1,2.5,ML,ML,2.5275,Mendoza2022_Meq_to_Mw,Mendoza/YPF 2022,converted_regional,ISC,ISC,1,601071705,,inside_rectangle,single_source,yes,yes,
MZA-01442,2010-07-01T00:40:38.200Z,2010,7,-32.333,-69.649,114.3,3.5,ML,ML,3.4975,Mendoza2022_Meq_to_Mw,Mendoza/YPF 2022,converted_regional,ISC,ISC,1,601001811,,inside_rectangle,single_source,yes,yes,
MZA-01443,2010-07-01T19:23:28.400Z,2010,7,-33.767,-69.198,159.4,2.6,ML,ML,2.6245,Mendoza2022_Meq_to_Mw,Mendoza/YPF 2022,converted_regional,ISC,ISC,1,601001821,,inside_rectangle,single_source,yes,yes,
MZA-01444,2010-07-02T13:56:33.300Z,2010,7,-32.968,-68.093,10,2.5,ML,ML,2.5275,Mendoza2022_Meq_to_Mw,Mendoza/YPF 2022,converted_regional,ISC,ISC,1,601001829,,inside_rectangle,single_source,yes,yes,
MZA-01445,2010-07-02T15:25:26.700Z,2010,7,-33.184,-69.806,111.6,2.8,MD,MD,2.8185,Mendoza2022_Meq_to_Mw,Mendoza/YPF 2022,converted_regional,ISC,ISC,1,601001830,,inside_rectangle,single_source,yes,yes,
MZA-01446,2010-07-03T08:32:07.600Z,2010,7,-32.748,-69.254,5,2.8,ML,ML,2.8185,Mendoza2022_Meq_to_Mw,Mendoza/YPF 2022,converted_regional,ISC,ISC,1,601001835,,inside_rectangle,single_source,yes,yes,
MZA-01447,2010-07-03T19:35:59.900Z,2010,7,-34.321,-69.719,10,2.6,ML,ML,2.6245,Mendoza2022_Meq_to_Mw,Mendoza/YPF 2022,converted_regional,ISC,ISC,1,601001839,,inside_rectangle,single_source,yes,yes,
MZA-01448,2010-07-05T09:29:38.190Z,2010,7,-33.8413,-68.6141,25.8,4.5,mb,mb,4.258,Mendoza2022_mb_to_Mw,Mendoza/YPF 2022,converted_regional,ISC,ISC + USGS,2,15637475,usp000hexc,inside_rectangle,accepted_auto,yes,yes,
MZA-01449,2010-07-05T11:14:57.300Z,2010,7,-34.026,-68.838,13.7,3.2,ML,ML,3.2065,Mendoza2022_Meq_to_Mw,Mendoza/YPF 2022,converted_regional,ISC,ISC,1,601002744,,inside_rectangle,single_source,yes,yes,
MZA-01450,2010-07-09T03:40:46.500Z,2010,7,-33.237,-67.725,9.8,2.9,MD,MD,2.9155,Mendoza2022_Meq_to_Mw,Mendoza/YPF 2022,converted_regional,ISC,ISC,1,601002776,,inside_rectangle,single_source,yes,yes,
MZA-01451,2010-07-11T16:33:31.200Z,2010,7,-32.294,-69.562,111.3,2.7,ML,ML,2.7215,Mendoza2022_Meq_to_Mw,Mendoza/YPF 2022,converted_regional,ISC,ISC,1,601002794,,inside_rectangle,single_source,yes,yes,
MZA-01452,2010-07-13T16:57:29.900Z,2010,7,-33.111,-68.313,19.8,3.4,ML,ML,3.4005,Mendoza2022_Meq_to_Mw,Mendoza/YPF 2022,converted_regional,ISC,ISC,1,601002810,,inside_rectangle,single_source,yes,yes,
MZA-01453,2010-07-16T14:55:05.400Z,2010,7,-32.651,-69.043,127.3,2.1,ML,ML,2.1395,Mendoza2022_Meq_to_Mw,Mendoza/YPF 2022,converted_regional,ISC,ISC,1,601002835,,inside_rectangle,single_source,yes,yes,
MZA-01454,2010-07-16T22:19:25.600Z,2010,7,-34.225,-69.757,10,2.1,ML,ML,2.1395,Mendoza2022_Meq_to_Mw,Mendoza/YPF 2022,converted_regional,ISC,ISC,1,601002841,,inside_rectangle,single_source,yes,yes,
MZA-01455,2010-07-17T16:17:50.900Z,2010,7,-32.24,-69.489,114.2,2.4,ML,ML,2.4305,Mendoza2022_Meq_to_Mw,Mendoza/YPF 2022,converted_regional,ISC,ISC,1,601002848,,inside_rectangle,single_source,yes,yes,
MZA-01456,2010-07-18T16:31:59.299Z,2010,7,-33.81,-68.75,182.3,3.1,MD,MD,3.1095,Mendoza2022_Meq_to_Mw,Mendoza/YPF 2022,converted_regional,ISC,ISC,1,601002873,,inside_rectangle,single_source,yes,yes,
MZA-01457,2010-07-18T16:43:41.000Z,2010,7,-33.399,-68.683,24.7,2.2,ML,ML,2.2365,Mendoza2022_Meq_to_Mw,Mendoza/YPF 2022,converted_regional,ISC,ISC,1,601002874,,inside_rectangle,single_source,yes,yes,
MZA-01458,2010-07-18T17:00:18.170Z,2010,7,-32.1263,-68.6993,121.6,4,ML,ML,3.9825,Mendoza2022_Meq_to_Mw,Mendoza/YPF 2022,converted_regional,ISC,ISC,1,17178192,,inside_rectangle,single_source,yes,yes,
MZA-01459,2010-07-18T19:19:17.100Z,2010,7,-33.175,-68.965,17,3,ML,ML,3.0125,Mendoza2022_Meq_to_Mw,Mendoza/YPF 2022,converted_regional,ISC,ISC,1,601002878,,inside_rectangle,single_source,yes,yes,
MZA-01460,2010-07-18T19:43:31.600Z,2010,7,-32.597,-67.165,14.9,3,ML,ML,3.0125,Mendoza2022_Meq_to_Mw,Mendoza/YPF 2022,converted_regional,ISC,ISC,1,601002879,,inside_rectangle,single_source,yes,yes,
MZA-01461,2010-07-20T01:02:28.000Z,2010,7,-32.189,-68.602,114.4,2.3,MD,MD,2.3335,Mendoza2022_Meq_to_Mw,Mendoza/YPF 2022,converted_regional,ISC,ISC,1,601002892,,inside_rectangle,single_source,yes,yes,
MZA-01462,2010-07-20T01:09:28.000Z,2010,7,-32.713,-67.223,27.8,2.8,MD,MD,2.8185,Mendoza2022_Meq_to_Mw,Mendoza/YPF 2022,converted_regional,ISC,ISC,1,601002893,,inside_rectangle,single_source,yes,yes,
MZA-01463,2010-07-20T06:52:55.200Z,2010,7,-34.232,-68.982,8.9,2.8,ML,ML,2.8185,Mendoza2022_Meq_to_Mw,Mendoza/YPF 2022,converted_regional,ISC,ISC,1,601002895,,inside_rectangle,single_source,yes,yes,
MZA-01464,2010-07-22T05:16:21.200Z,2010,7,-32.21,-69.347,112.4,2.6,ML,ML,2.6245,Mendoza2022_Meq_to_Mw,Mendoza/YPF 2022,converted_regional,ISC,ISC,1,601002909,,inside_rectangle,single_source,yes,yes,
MZA-01465,2010-07-22T12:53:29.000Z,2010,7,-32.359,-68.52,126.4,2.5,MD,MD,2.5275,Mendoza2022_Meq_to_Mw,Mendoza/YPF 2022,converted_regional,ISC,ISC,1,601002916,,inside_rectangle,single_source,yes,yes,
MZA-01466,2010-07-23T17:28:30.200Z,2010,7,-33.495,-69.623,10,3.1,ML,ML,3.1095,Mendoza2022_Meq_to_Mw,Mendoza/YPF 2022,converted_regional,ISC,ISC,1,17470063,,inside_rectangle,single_source,yes,yes,
MZA-01467,2010-07-24T04:26:01.590Z,2010,7,-32.2469,-68.1668,25.7,3.6,mb,mb,3.7594,Mendoza2022_mb_to_Mw,Mendoza/YPF 2022,converted_regional,ISC,ISC,1,601002935,,inside_rectangle,single_source,yes,yes,
MZA-01468,2010-07-24T15:22:49.600Z,2010,7,-32.046,-68.404,110.3,2.4,ML,ML,2.4305,Mendoza2022_Meq_to_Mw,Mendoza/YPF 2022,converted_regional,ISC,ISC,1,601002938,,inside_rectangle,single_source,yes,yes,
MZA-01469,2010-07-24T16:21:15.500Z,2010,7,-32.486,-69.653,112.6,2.7,ML,ML,2.7215,Mendoza2022_Meq_to_Mw,Mendoza/YPF 2022,converted_regional,ISC,ISC,1,601002939,,inside_rectangle,single_source,yes,yes,
MZA-01470,2010-07-24T16:57:00.899Z,2010,7,-32.338,-69.899,108.3,2.9,ML,ML,2.9155,Mendoza2022_Meq_to_Mw,Mendoza/YPF 2022,converted_regional,ISC,ISC,1,601002940,,inside_rectangle,single_source,yes,yes,
MZA-01471,2010-07-24T17:33:48.900Z,2010,7,-32.446,-69.183,119.6,2.5,ML,ML,2.5275,Mendoza2022_Meq_to_Mw,Mendoza/YPF 2022,converted_regional,ISC,ISC,1,601002941,,inside_rectangle,single_source,yes,yes,
MZA-01472,2010-07-25T10:27:24.799Z,2010,7,-32.292,-69.854,120.6,2.7,MD,MD,2.7215,Mendoza2022_Meq_to_Mw,Mendoza/YPF 2022,converted_regional,ISC,ISC,1,601002951,,inside_rectangle,single_source,yes,yes,
MZA-01473,2010-07-25T13:03:24.700Z,2010,7,-32.326,-68.726,113.6,2.9,ML,ML,2.9155,Mendoza2022_Meq_to_Mw,Mendoza/YPF 2022,converted_regional,ISC,ISC,1,601002952,,inside_rectangle,single_source,yes,yes,
MZA-01474,2010-07-26T20:18:46.300Z,2010,7,-33.923,-68.865,27.4,2.9,ML,ML,2.9155,Mendoza2022_Meq_to_Mw,Mendoza/YPF 2022,converted_regional,ISC,ISC,1,601002968,,inside_rectangle,single_source,yes,yes,
MZA-01475,2010-07-28T16:22:46.400Z,2010,7,-32.259,-68.195,16.5,2.8,MD,MD,2.8185,Mendoza2022_Meq_to_Mw,Mendoza/YPF 2022,converted_regional,ISC,ISC,1,601002990,,inside_rectangle,single_source,yes,yes,
MZA-01476,2010-07-29T07:25:49.300Z,2010,7,-32.404,-69.736,107.8,3.1,ML,ML,3.1095,Mendoza2022_Meq_to_Mw,Mendoza/YPF 2022,converted_regional,ISC,ISC,1,17470143,,inside_rectangle,single_source,yes,yes,
MZA-01477,2010-07-31T08:13:36.600Z,2010,7,-33.176,-69.086,6.9,2.5,ML,ML,2.5275,Mendoza2022_Meq_to_Mw,Mendoza/YPF 2022,converted_regional,ISC,ISC,1,601003017,,inside_rectangle,single_source,yes,yes,
MZA-01478,2010-07-31T13:04:55.500Z,2010,7,-33.043,-68.15,27.8,2.8,MD,MD,2.8185,Mendoza2022_Meq_to_Mw,Mendoza/YPF 2022,converted_regional,ISC,ISC,1,601003018,,inside_rectangle,single_source,yes,yes,
MZA-01479,2010-07-31T16:23:51.900Z,2010,7,-32.956,-68.989,23.7,2.6,ML,ML,2.6245,Mendoza2022_Meq_to_Mw,Mendoza/YPF 2022,converted_regional,ISC,ISC,1,601003022,,inside_rectangle,single_source,yes,yes,
MZA-01480,2010-07-31T22:19:18.900Z,2010,7,-32.097,-67.631,23.4,2.7,MD,MD,2.7215,Mendoza2022_Meq_to_Mw,Mendoza/YPF 2022,converted_regional,ISC,ISC,1,601003028,,inside_rectangle,single_source,yes,yes,
MZA-01481,2010-08-05T00:57:15.000Z,2010,8,-33.444,-68.377,25.6,2.8,ML,ML,2.8185,Mendoza2022_Meq_to_Mw,Mendoza/YPF 2022,converted_regional,ISC,ISC,1,601111164,,inside_rectangle,single_source,yes,yes,
MZA-01482,2010-08-07T02:07:01.400Z,2010,8,-32.542,-69.334,10,2,ML,ML,2.0425,Mendoza2022_Meq_to_Mw,Mendoza/YPF 2022,converted_regional,ISC,ISC,1,601111183,,inside_rectangle,single_source,yes,yes,
MZA-01483,2010-08-07T11:05:01.900Z,2010,8,-32.008,-69.635,114.8,3.1,ML,ML,3.1095,Mendoza2022_Meq_to_Mw,Mendoza/YPF 2022,converted_regional,ISC,ISC,1,17470295,,inside_rectangle,single_source,yes,yes,
MZA-01484,2010-08-07T11:24:05.999Z,2010,8,-33.423,-69.945,7.2,2.9,ML,ML,2.9155,Mendoza2022_Meq_to_Mw,Mendoza/YPF 2022,converted_regional,ISC,ISC,1,17470296,,inside_rectangle,single_source,yes,yes,
MZA-01485,2010-08-08T00:22:30.900Z,2010,8,-32.907,-68.974,37.9,2.1,ML,ML,2.1395,Mendoza2022_Meq_to_Mw,Mendoza/YPF 2022,converted_regional,ISC,ISC,1,601111199,,inside_rectangle,single_source,yes,yes,
MZA-01486,2010-08-09T01:51:34.100Z,2010,8,-32.583,-68.927,27.5,1.7,ML,ML,1.7515,Mendoza2022_Meq_to_Mw,Mendoza/YPF 2022,converted_regional,ISC,ISC,1,601111219,,inside_rectangle,single_source,yes,yes,
MZA-01487,2010-08-10T04:30:36.000Z,2010,8,-33.009,-68.314,6.9,2.9,ML,ML,2.9155,Mendoza2022_Meq_to_Mw,Mendoza/YPF 2022,converted_regional,ISC,ISC,1,601111238,,inside_rectangle,single_source,yes,yes,
MZA-01488,2010-08-10T16:15:54.200Z,2010,8,-33.976,-68.81,38.8,2.4,ML,ML,2.4305,Mendoza2022_Meq_to_Mw,Mendoza/YPF 2022,converted_regional,ISC,ISC,1,601111226,,inside_rectangle,single_source,yes,yes,
MZA-01489,2010-08-13T19:45:34.500Z,2010,8,-32.456,-68.226,10.5,1.8,ML,ML,1.8485,Mendoza2022_Meq_to_Mw,Mendoza/YPF 2022,converted_regional,ISC,ISC,1,601111267,,inside_rectangle,single_source,yes,yes,
MZA-01490,2010-08-13T20:50:30.000Z,2010,8,-32.421,-69.322,10.5,2.3,ML,ML,2.3335,Mendoza2022_Meq_to_Mw,Mendoza/YPF 2022,converted_regional,ISC,ISC,1,601111266,,inside_rectangle,single_source,yes,yes,
MZA-01491,2010-08-13T23:06:48.400Z,2010,8,-32.101,-69.747,100.8,2.7,ML,ML,2.7215,Mendoza2022_Meq_to_Mw,Mendoza/YPF 2022,converted_regional,ISC,ISC,1,601111263,,inside_rectangle,single_source,yes,yes,
MZA-01492,2010-08-14T04:54:33.600Z,2010,8,-32.225,-69.493,103.9,1.6,ML,ML,1.6545,Mendoza2022_Meq_to_Mw,Mendoza/YPF 2022,converted_regional,ISC,ISC,1,601111289,,inside_rectangle,single_source,yes,yes,
MZA-01493,2010-08-14T15:28:45.799Z,2010,8,-33.297,-68.698,32.2,2,ML,ML,2.0425,Mendoza2022_Meq_to_Mw,Mendoza/YPF 2022,converted_regional,ISC,ISC,1,601111284,,inside_rectangle,single_source,yes,yes,
MZA-01494,2010-08-15T20:59:48.500Z,2010,8,-32.023,-69.434,110.5,2.5,ML,ML,2.5275,Mendoza2022_Meq_to_Mw,Mendoza/YPF 2022,converted_regional,ISC,ISC,1,601111294,,inside_rectangle,single_source,yes,yes,
MZA-01495,2010-08-15T21:12:55.100Z,2010,8,-35.026,-69.183,100.3,3.1,ML,ML,3.1095,Mendoza2022_Meq_to_Mw,Mendoza/YPF 2022,converted_regional,ISC,ISC,1,601111293,,inside_rectangle,single_source,yes,yes,
MZA-01496,2010-08-15T22:46:14.700Z,2010,8,-32.113,-69.422,110.8,1.7,ML,ML,1.7515,Mendoza2022_Meq_to_Mw,Mendoza/YPF 2022,converted_regional,ISC,ISC,1,601111292,,inside_rectangle,single_source,yes,yes,
MZA-01497,2010-08-17T22:37:11.800Z,2010,8,-33.2708,-68.8613,31.7,4.4,mb,mb,4.2026,Mendoza2022_mb_to_Mw,Mendoza/YPF 2022,converted_regional,ISC,ISC + USGS,2,15643684,usp000hjce,inside_rectangle,accepted_auto,yes,yes,
MZA-01498,2010-08-21T18:16:43.000Z,2010,8,-32.021,-68.52,103.7,3,ML,ML,3.0125,Mendoza2022_Meq_to_Mw,Mendoza/YPF 2022,converted_regional,ISC,ISC,1,601111356,,inside_rectangle,single_source,yes,yes,
MZA-01499,2010-08-24T02:12:57.800Z,2010,8,-32.557,-69.501,126.4,3.6,ML,ML,3.5945,Mendoza2022_Meq_to_Mw,Mendoza/YPF 2022,converted_regional,ISC,ISC,1,17470650,,inside_rectangle,single_source,yes,yes,
MZA-01500,2010-08-26T00:41:53.799Z,2010,8,-32.588,-69.112,24.8,2.4,ML,ML,2.4305,Mendoza2022_Meq_to_Mw,Mendoza/YPF 2022,converted_regional,ISC,ISC,1,601111404,,inside_rectangle,single_source,yes,yes,
MZA-01501,2010-08-26T08:32:31.900Z,2010,8,-34.309,-69.268,14.2,4.1,ML,ML,4.0795,Mendoza2022_Meq_to_Mw,Mendoza/YPF 2022,converted_regional,ISC,ISC,1,17470686,,inside_rectangle,single_source,yes,yes,
MZA-01502,2010-08-26T08:37:05.899Z,2010,8,-33.996,-69.08,3.2,2.4,ML,ML,2.4305,Mendoza2022_Meq_to_Mw,Mendoza/YPF 2022,converted_regional,ISC,ISC,1,601111396,,inside_rectangle,single_source,yes,yes,
MZA-01503,2010-08-27T23:33:00.800Z,2010,8,-33.394,-68.846,35.7,2,ML,ML,2.0425,Mendoza2022_Meq_to_Mw,Mendoza/YPF 2022,converted_regional,ISC,ISC,1,601111413,,inside_rectangle,single_source,yes,yes,
MZA-01504,2010-08-28T08:41:24.900Z,2010,8,-33.089,-68.453,29.5,2.1,ML,ML,2.1395,Mendoza2022_Meq_to_Mw,Mendoza/YPF 2022,converted_regional,ISC,ISC,1,601111435,,inside_rectangle,single_source,yes,yes,
MZA-01505,2010-08-29T01:55:54.499Z,2010,8,-32.28,-67.577,10.3,2.6,ML,ML,2.6245,Mendoza2022_Meq_to_Mw,Mendoza/YPF 2022,converted_regional,ISC,ISC,1,601111450,,inside_rectangle,single_source,yes,yes,
MZA-01506,2010-08-29T16:08:10.000Z,2010,8,-32.719,-67.383,10,2.5,ML,ML,2.5275,Mendoza2022_Meq_to_Mw,Mendoza/YPF 2022,converted_regional,ISC,ISC,1,601111447,,inside_rectangle,single_source,yes,yes,
MZA-01507,2010-08-29T22:15:08.700Z,2010,8,-32.2,-69.586,109.3,2.2,ML,ML,2.2365,Mendoza2022_Meq_to_Mw,Mendoza/YPF 2022,converted_regional,ISC,ISC,1,601111442,,inside_rectangle,single_source,yes,yes,
MZA-01508,2010-09-02T09:42:26.900Z,2010,9,-33.099,-69.098,24.4,2.4,ML,ML,2.4305,Mendoza2022_Meq_to_Mw,Mendoza/YPF 2022,converted_regional,ISC,ISC,1,601459546,,inside_rectangle,single_source,yes,yes,
MZA-01509,2010-09-03T19:13:18.900Z,2010,9,-33.215,-69.268,117.4,2.6,MD,MD,2.6245,Mendoza2022_Meq_to_Mw,Mendoza/YPF 2022,converted_regional,ISC,ISC,1,601459560,,inside_rectangle,single_source,yes,yes,
MZA-01510,2010-09-04T15:24:46.800Z,2010,9,-33.226,-68.527,10,2.2,ML,ML,2.2365,Mendoza2022_Meq_to_Mw,Mendoza/YPF 2022,converted_regional,ISC,ISC,1,601459579,,inside_rectangle,single_source,yes,yes,
MZA-01511,2010-09-07T15:21:39.000Z,2010,9,-32.07,-68.509,119.8,2.8,ML,ML,2.8185,Mendoza2022_Meq_to_Mw,Mendoza/YPF 2022,converted_regional,ISC,ISC,1,601459611,,inside_rectangle,single_source,yes,yes,
MZA-01512,2010-09-07T21:14:33.400Z,2010,9,-32.146,-69.537,117.1,2.9,ML,ML,2.9155,Mendoza2022_Meq_to_Mw,Mendoza/YPF 2022,converted_regional,ISC,ISC,1,601459613,,inside_rectangle,single_source,yes,yes,
MZA-01513,2010-09-08T11:48:05.200Z,2010,9,-32.526,-69.088,53,2.8,ML,ML,2.8185,Mendoza2022_Meq_to_Mw,Mendoza/YPF 2022,converted_regional,ISC,ISC,1,601459622,,inside_rectangle,single_source,yes,yes,
MZA-01514,2010-09-08T21:33:13.300Z,2010,9,-33.39,-68.332,42.5,2.8,ML,ML,2.8185,Mendoza2022_Meq_to_Mw,Mendoza/YPF 2022,converted_regional,ISC,ISC,1,601459624,,inside_rectangle,single_source,yes,yes,
MZA-01515,2010-09-09T03:47:08.200Z,2010,9,-32.123,-69.02,117.3,2.7,ML,ML,2.7215,Mendoza2022_Meq_to_Mw,Mendoza/YPF 2022,converted_regional,ISC,ISC,1,601459626,,inside_rectangle,single_source,yes,yes,
MZA-01516,2010-09-12T14:14:01.800Z,2010,9,-32.185,-69.542,117,2.5,ML,ML,2.5275,Mendoza2022_Meq_to_Mw,Mendoza/YPF 2022,converted_regional,ISC,ISC,1,601459651,,inside_rectangle,single_source,yes,yes,
MZA-01517,2010-09-13T10:35:30.200Z,2010,9,-32.116,-69.093,104.2,2.6,MD,MD,2.6245,Mendoza2022_Meq_to_Mw,Mendoza/YPF 2022,converted_regional,ISC,ISC,1,601459658,,inside_rectangle,single_source,yes,yes,
MZA-01518,2010-09-13T14:06:52.700Z,2010,9,-32.808,-68.94,131.8,2.6,ML,ML,2.6245,Mendoza2022_Meq_to_Mw,Mendoza/YPF 2022,converted_regional,ISC,ISC,1,601459661,,inside_rectangle,single_source,yes,yes,
MZA-01519,2010-09-14T09:06:36.400Z,2010,9,-32.154,-67.8,19.4,2.2,ML,ML,2.2365,Mendoza2022_Meq_to_Mw,Mendoza/YPF 2022,converted_regional,ISC,ISC,1,601459677,,inside_rectangle,single_source,yes,yes,
MZA-01520,2010-09-15T07:40:07.000Z,2010,9,-33.141,-68.979,20.5,2.5,ML,ML,2.5275,Mendoza2022_Meq_to_Mw,Mendoza/YPF 2022,converted_regional,ISC,ISC,1,601459690,,inside_rectangle,single_source,yes,yes,
MZA-01521,2010-09-18T16:48:24.200Z,2010,9,-33.066,-68.897,17.5,2.6,ML,ML,2.6245,Mendoza2022_Meq_to_Mw,Mendoza/YPF 2022,converted_regional,ISC,ISC,1,601459730,,inside_rectangle,single_source,yes,yes,
MZA-01522,2010-09-19T19:44:18.720Z,2010,9,-33.2111,-69.0891,11.4,3.8,mb,mb,3.8702,Mendoza2022_mb_to_Mw,Mendoza/YPF 2022,converted_regional,ISC,ISC,1,17182350,,inside_rectangle,single_source,yes,yes,
MZA-01523,2010-09-21T03:53:52.400Z,2010,9,-33.155,-69.165,8.3,3,ML,ML,3.0125,Mendoza2022_Meq_to_Mw,Mendoza/YPF 2022,converted_regional,ISC,ISC,1,601459776,,inside_rectangle,single_source,yes,yes,
MZA-01524,2010-09-21T07:15:02.100Z,2010,9,-32.115,-67.631,4,2.6,MD,MD,2.6245,Mendoza2022_Meq_to_Mw,Mendoza/YPF 2022,converted_regional,ISC,ISC,1,601459780,,inside_rectangle,single_source,yes,yes,
MZA-01525,2010-09-23T03:55:09.000Z,2010,9,-33.375,-68.227,16.1,3.2,ML,ML,3.2065,Mendoza2022_Meq_to_Mw,Mendoza/YPF 2022,converted_regional,ISC,ISC,1,601459800,,inside_rectangle,single_source,yes,yes,
MZA-01526,2010-09-23T07:40:29.000Z,2010,9,-33.657,-68.844,33.4,2.5,ML,ML,2.5275,Mendoza2022_Meq_to_Mw,Mendoza/YPF 2022,converted_regional,ISC,ISC,1,601459803,,inside_rectangle,single_source,yes,yes,
MZA-01527,2010-09-24T02:11:47.700Z,2010,9,-33.13,-67.929,10,2.1,ML,ML,2.1395,Mendoza2022_Meq_to_Mw,Mendoza/YPF 2022,converted_regional,ISC,ISC,1,601459816,,inside_rectangle,single_source,yes,yes,
MZA-01528,2010-09-24T03:46:50.600Z,2010,9,-33.146,-68.978,20.3,2,ML,ML,2.0425,Mendoza2022_Meq_to_Mw,Mendoza/YPF 2022,converted_regional,ISC,ISC,1,601459819,,inside_rectangle,single_source,yes,yes,
MZA-01529,2010-09-24T15:15:00.799Z,2010,9,-32.222,-69.47,107.9,2.7,ML,ML,2.7215,Mendoza2022_Meq_to_Mw,Mendoza/YPF 2022,converted_regional,ISC,ISC,1,601459823,,inside_rectangle,single_source,yes,yes,
MZA-01530,2010-09-26T04:39:59.900Z,2010,9,-32.857,-69.47,2.7,2.1,ML,ML,2.1395,Mendoza2022_Meq_to_Mw,Mendoza/YPF 2022,converted_regional,ISC,ISC,1,601459852,,inside_rectangle,single_source,yes,yes,
MZA-01531,2010-09-26T05:24:16.600Z,2010,9,-32.017,-69.152,105.2,2.1,ML,ML,2.1395,Mendoza2022_Meq_to_Mw,Mendoza/YPF 2022,converted_regional,ISC,ISC,1,601459853,,inside_rectangle,single_source,yes,yes,
MZA-01532,2010-09-29T13:56:07.100Z,2010,9,-33.214,-69.843,18.4,3,MD,MD,3.0125,Mendoza2022_Meq_to_Mw,Mendoza/YPF 2022,converted_regional,ISC,ISC,1,601459893,,inside_rectangle,single_source,yes,yes,
MZA-01533,2010-10-01T19:42:53.300Z,2010,10,-33.044,-69.051,3,2.5,ML,ML,2.5275,Mendoza2022_Meq_to_Mw,Mendoza/YPF 2022,converted_regional,ISC,ISC,1,601551815,,inside_rectangle,single_source,yes,yes,
MZA-01534,2010-10-03T17:25:28.400Z,2010,10,-32.108,-68.161,27.8,2.6,ML,ML,2.6245,Mendoza2022_Meq_to_Mw,Mendoza/YPF 2022,converted_regional,ISC,ISC,1,601551822,,inside_rectangle,single_source,yes,yes,
MZA-01535,2010-10-03T21:19:19.300Z,2010,10,-32.136,-69.714,119.1,3,ML,ML,3.0125,Mendoza2022_Meq_to_Mw,Mendoza/YPF 2022,converted_regional,ISC,ISC,1,601513258,,inside_rectangle,single_source,yes,yes,
MZA-01536,2010-10-04T20:49:30.000Z,2010,10,-33.304,-69.401,20.3,2.5,ML,ML,2.5275,Mendoza2022_Meq_to_Mw,Mendoza/YPF 2022,converted_regional,ISC,ISC,1,601551825,,inside_rectangle,single_source,yes,yes,
MZA-01537,2010-10-06T08:02:49.600Z,2010,10,-32.704,-68.901,136,2.5,ML,ML,2.5275,Mendoza2022_Meq_to_Mw,Mendoza/YPF 2022,converted_regional,ISC,ISC,1,601551848,,inside_rectangle,single_source,yes,yes,
MZA-01538,2010-10-08T21:16:25.999Z,2010,10,-33.192,-68.842,11.6,3.2,MD,MD,3.2065,Mendoza2022_Meq_to_Mw,Mendoza/YPF 2022,converted_regional,ISC,ISC,1,601551857,,inside_rectangle,single_source,yes,yes,
MZA-01539,2010-10-09T13:49:01.400Z,2010,10,-32.711,-69.113,25.7,2.8,MD,MD,2.8185,Mendoza2022_Meq_to_Mw,Mendoza/YPF 2022,converted_regional,ISC,ISC,1,601551867,,inside_rectangle,single_source,yes,yes,
MZA-01540,2010-10-10T00:02:08.500Z,2010,10,-32.336,-69.218,117,2.6,MD,MD,2.6245,Mendoza2022_Meq_to_Mw,Mendoza/YPF 2022,converted_regional,ISC,ISC,1,601551884,,inside_rectangle,single_source,yes,yes,
MZA-01541,2010-10-10T05:49:46.300Z,2010,10,-32.147,-69.461,113.6,2.8,MD,MD,2.8185,Mendoza2022_Meq_to_Mw,Mendoza/YPF 2022,converted_regional,ISC,ISC,1,601551880,,inside_rectangle,single_source,yes,yes,
MZA-01542,2010-10-10T09:31:20.499Z,2010,10,-33.02,-69.688,10,2.9,MD,MD,2.9155,Mendoza2022_Meq_to_Mw,Mendoza/YPF 2022,converted_regional,ISC,ISC,1,601551879,,inside_rectangle,single_source,yes,yes,
MZA-01543,2010-10-10T12:06:16.599Z,2010,10,-32.005,-68.47,112.5,2.6,MD,MD,2.6245,Mendoza2022_Meq_to_Mw,Mendoza/YPF 2022,converted_regional,ISC,ISC,1,601551874,,inside_rectangle,single_source,yes,yes,
MZA-01544,2010-10-10T17:23:58.400Z,2010,10,-32.031,-69.612,108.8,2.5,MD,MD,2.5275,Mendoza2022_Meq_to_Mw,Mendoza/YPF 2022,converted_regional,ISC,ISC,1,601551870,,inside_rectangle,single_source,yes,yes,
MZA-01545,2010-10-11T23:04:33.300Z,2010,10,-32.203,-69.501,116.2,2.9,MD,MD,2.9155,Mendoza2022_Meq_to_Mw,Mendoza/YPF 2022,converted_regional,ISC,ISC,1,601551885,,inside_rectangle,single_source,yes,yes,
MZA-01546,2010-10-13T05:45:51.600Z,2010,10,-32.142,-68.343,36.1,2.7,ML,ML,2.7215,Mendoza2022_Meq_to_Mw,Mendoza/YPF 2022,converted_regional,ISC,ISC,1,601551909,,inside_rectangle,single_source,yes,yes,
MZA-01547,2010-10-15T19:23:34.100Z,2010,10,-32.76,-69.649,8.8,3.3,ML,ML,3.3035,Mendoza2022_Meq_to_Mw,Mendoza/YPF 2022,converted_regional,ISC,ISC,1,601551920,,inside_rectangle,single_source,yes,yes,
MZA-01548,2010-10-15T22:27:15.600Z,2010,10,-32.973,-69.131,23,3.7,ML,ML,3.6915,Mendoza2022_Meq_to_Mw,Mendoza/YPF 2022,converted_regional,ISC,ISC,1,601551928,,inside_rectangle,single_source,yes,yes,
MZA-01549,2010-10-17T06:36:34.199Z,2010,10,-32.304,-69.494,113.4,3.2,ML,ML,3.2065,Mendoza2022_Meq_to_Mw,Mendoza/YPF 2022,converted_regional,ISC,ISC,1,601513515,,inside_rectangle,single_source,yes,yes,
MZA-01550,2010-10-17T14:40:14.399Z,2010,10,-32.083,-69.491,110.8,5.4,ML,ML,5.3405,Mendoza2022_Meq_to_Mw,Mendoza/YPF 2022,converted_regional,ISC,ISC,1,601551944,,inside_rectangle,single_source,yes,yes,
MZA-01551,2010-10-17T15:12:31.599Z,2010,10,-32.048,-68.444,113.2,3.7,MD,MD,3.6915,Mendoza2022_Meq_to_Mw,Mendoza/YPF 2022,converted_regional,ISC,ISC,1,601551943,,inside_rectangle,single_source,yes,yes,
MZA-01552,2010-10-17T15:50:17.500Z,2010,10,-33.475,-68.582,25.7,5.1,ML,ML,5.0495,Mendoza2022_Meq_to_Mw,Mendoza/YPF 2022,converted_regional,ISC,ISC,1,601551942,,inside_rectangle,single_source,yes,yes,
MZA-01553,2010-10-17T16:32:33.200Z,2010,10,-32.898,-69.165,8,2.5,MD,MD,2.5275,Mendoza2022_Meq_to_Mw,Mendoza/YPF 2022,converted_regional,ISC,ISC,1,601551941,,inside_rectangle,single_source,yes,yes,
MZA-01554,2010-10-17T18:00:10.100Z,2010,10,-32.006,-69.243,95.6,2.8,MD,MD,2.8185,Mendoza2022_Meq_to_Mw,Mendoza/YPF 2022,converted_regional,ISC,ISC,1,601551940,,inside_rectangle,single_source,yes,yes,
MZA-01555,2010-10-19T01:03:09.400Z,2010,10,-33.181,-69.011,21.7,2.7,ML,ML,2.7215,Mendoza2022_Meq_to_Mw,Mendoza/YPF 2022,converted_regional,ISC,ISC,1,601551959,,inside_rectangle,single_source,yes,yes,
MZA-01556,2010-10-20T04:33:06.600Z,2010,10,-32.291,-69.166,18.4,1.6,ML,ML,1.6545,Mendoza2022_Meq_to_Mw,Mendoza/YPF 2022,converted_regional,ISC,ISC,1,601551977,,inside_rectangle,single_source,yes,yes,
MZA-01557,2010-10-20T04:47:00.000Z,2010,10,-32.124,-69.239,116.3,2.7,ML,ML,2.7215,Mendoza2022_Meq_to_Mw,Mendoza/YPF 2022,converted_regional,ISC,ISC,1,601551976,,inside_rectangle,single_source,yes,yes,
MZA-01558,2010-10-21T18:59:28.100Z,2010,10,-32.543,-67.793,10,2.1,ML,ML,2.1395,Mendoza2022_Meq_to_Mw,Mendoza/YPF 2022,converted_regional,ISC,ISC,1,601551986,,inside_rectangle,single_source,yes,yes,
MZA-01559,2010-10-22T04:22:37.100Z,2010,10,-32.563,-69.485,122.8,2.4,ML,ML,2.4305,Mendoza2022_Meq_to_Mw,Mendoza/YPF 2022,converted_regional,ISC,ISC,1,601551996,,inside_rectangle,single_source,yes,yes,
MZA-01560,2010-10-22T13:53:54.000Z,2010,10,-33.193,-69.023,20,2.1,ML,ML,2.1395,Mendoza2022_Meq_to_Mw,Mendoza/YPF 2022,converted_regional,ISC,ISC,1,601551994,,inside_rectangle,single_source,yes,yes,
MZA-01561,2010-10-22T18:11:03.300Z,2010,10,-32.333,-68.955,10.1,2.2,ML,ML,2.2365,Mendoza2022_Meq_to_Mw,Mendoza/YPF 2022,converted_regional,ISC,ISC,1,601551993,,inside_rectangle,single_source,yes,yes,
MZA-01562,2010-10-23T03:04:46.399Z,2010,10,-34.627,-67.192,232.6,3.4,ML,ML,3.4005,Mendoza2022_Meq_to_Mw,Mendoza/YPF 2022,converted_regional,ISC,ISC,1,601552008,,inside_rectangle,single_source,yes,yes,
MZA-01563,2010-10-23T22:16:04.600Z,2010,10,-33.072,-69.657,11.6,3,ML,ML,3.0125,Mendoza2022_Meq_to_Mw,Mendoza/YPF 2022,converted_regional,ISC,ISC,1,601551998,,inside_rectangle,single_source,yes,yes,
MZA-01564,2010-10-24T12:42:07.600Z,2010,10,-33.087,-69.602,10,1.6,ML,ML,1.6545,Mendoza2022_Meq_to_Mw,Mendoza/YPF 2022,converted_regional,ISC,ISC,1,601552020,,inside_rectangle,single_source,yes,yes,
MZA-01565,2010-10-24T23:14:41.500Z,2010,10,-32.889,-68.778,26.1,2.6,ML,ML,2.6245,Mendoza2022_Meq_to_Mw,Mendoza/YPF 2022,converted_regional,ISC,ISC,1,601552012,,inside_rectangle,single_source,yes,yes,
MZA-01566,2010-10-25T11:00:52.900Z,2010,10,-33.077,-69.61,10,2.5,ML,ML,2.5275,Mendoza2022_Meq_to_Mw,Mendoza/YPF 2022,converted_regional,ISC,ISC,1,601552030,,inside_rectangle,single_source,yes,yes,
MZA-01567,2010-10-26T18:40:20.000Z,2010,10,-33.982,-68.857,16.2,3.2,MD,MD,3.2065,Mendoza2022_Meq_to_Mw,Mendoza/YPF 2022,converted_regional,ISC,ISC,1,601552039,,inside_rectangle,single_source,yes,yes,
MZA-01568,2010-10-27T11:34:43.600Z,2010,10,-32.026,-69.491,130,3.2,ML,ML,3.2065,Mendoza2022_Meq_to_Mw,Mendoza/YPF 2022,converted_regional,ISC,ISC,1,601552050,,inside_rectangle,single_source,yes,yes,
MZA-01569,2010-10-30T00:41:25.600Z,2010,10,-33.189,-69.688,114.9,1.8,ML,ML,1.8485,Mendoza2022_Meq_to_Mw,Mendoza/YPF 2022,converted_regional,ISC,ISC,1,601552100,,inside_rectangle,single_source,yes,yes,
MZA-01570,2010-10-30T07:13:38.199Z,2010,10,-32.314,-69.708,113.3,2.4,ML,ML,2.4305,Mendoza2022_Meq_to_Mw,Mendoza/YPF 2022,converted_regional,ISC,ISC,1,601552097,,inside_rectangle,single_source,yes,yes,
MZA-01571,2010-10-30T15:23:25.100Z,2010,10,-32.075,-69.334,101.9,2,ML,ML,2.0425,Mendoza2022_Meq_to_Mw,Mendoza/YPF 2022,converted_regional,ISC,ISC,1,601552091,,inside_rectangle,single_source,yes,yes,
MZA-01572,2010-10-30T23:11:40.200Z,2010,10,-32.828,-67.205,10,2.4,ML,ML,2.4305,Mendoza2022_Meq_to_Mw,Mendoza/YPF 2022,converted_regional,ISC,ISC,1,601552085,,inside_rectangle,single_source,yes,yes,
MZA-01573,2010-11-02T00:46:46.800Z,2010,11,-32.539,-69.71,114.4,3.5,MD,MD,3.4975,Mendoza2022_Meq_to_Mw,Mendoza/YPF 2022,converted_regional,ISC,ISC,1,601514652,,inside_rectangle,single_source,yes,yes,
MZA-01574,2010-11-02T03:16:57.800Z,2010,11,-32.097,-69.313,110.2,3,MD,MD,3.0125,Mendoza2022_Meq_to_Mw,Mendoza/YPF 2022,converted_regional,ISC,ISC,1,601625239,,inside_rectangle,single_source,yes,yes,
MZA-01575,2010-11-02T04:54:42.600Z,2010,11,-32.205,-69.515,113.4,2.7,MD,MD,2.7215,Mendoza2022_Meq_to_Mw,Mendoza/YPF 2022,converted_regional,ISC,ISC,1,601625241,,inside_rectangle,single_source,yes,yes,
MZA-01576,2010-11-02T08:30:32.500Z,2010,11,-32.058,-67.901,10,3.4,MD,MD,3.4005,Mendoza2022_Meq_to_Mw,Mendoza/YPF 2022,converted_regional,ISC,ISC,1,601625245,,inside_rectangle,single_source,yes,yes,
MZA-01577,2010-11-02T21:46:40.500Z,2010,11,-32.981,-69.704,7.9,3.5,MD,MD,3.4975,Mendoza2022_Meq_to_Mw,Mendoza/YPF 2022,converted_regional,ISC,ISC,1,601625250,,inside_rectangle,single_source,yes,yes,
MZA-01578,2010-11-05T17:15:22.800Z,2010,11,-33.17,-69.061,10,2.8,ML,ML,2.8185,Mendoza2022_Meq_to_Mw,Mendoza/YPF 2022,converted_regional,ISC,ISC,1,601625276,,inside_rectangle,single_source,yes,yes,
MZA-01579,2010-11-06T19:22:18.300Z,2010,11,-34.126,-67.026,10,3.3,ML,ML,3.3035,Mendoza2022_Meq_to_Mw,Mendoza/YPF 2022,converted_regional,ISC,ISC,1,601625287,,inside_rectangle,single_source,yes,yes,
MZA-01580,2010-11-07T11:36:45.500Z,2010,11,-32.221,-67.587,138,2.2,ML,ML,2.2365,Mendoza2022_Meq_to_Mw,Mendoza/YPF 2022,converted_regional,ISC,ISC,1,601625293,,inside_rectangle,single_source,yes,yes,
MZA-01581,2010-11-07T11:48:05.000Z,2010,11,-32.015,-68.529,117.9,2.6,ML,ML,2.6245,Mendoza2022_Meq_to_Mw,Mendoza/YPF 2022,converted_regional,ISC,ISC,1,601514755,,inside_rectangle,single_source,yes,yes,
MZA-01582,2010-11-11T09:09:23.900Z,2010,11,-33.174,-69.011,24.3,2.2,ML,ML,2.2365,Mendoza2022_Meq_to_Mw,Mendoza/YPF 2022,converted_regional,ISC,ISC,1,601625322,,inside_rectangle,single_source,yes,yes,
MZA-01583,2010-11-11T12:35:42.400Z,2010,11,-32.136,-68.65,11.1,3.5,ML,ML,3.4975,Mendoza2022_Meq_to_Mw,Mendoza/YPF 2022,converted_regional,ISC,ISC,1,601625326,,inside_rectangle,single_source,yes,yes,
MZA-01584,2010-11-11T14:50:21.500Z,2010,11,-32.377,-69.692,122.7,2.1,ML,ML,2.1395,Mendoza2022_Meq_to_Mw,Mendoza/YPF 2022,converted_regional,ISC,ISC,1,601625328,,inside_rectangle,single_source,yes,yes,
MZA-01585,2010-11-14T09:40:59.100Z,2010,11,-33.514,-67.784,200.4,3.2,MD,MD,3.2065,Mendoza2022_Meq_to_Mw,Mendoza/YPF 2022,converted_regional,ISC,ISC,1,601625341,,inside_rectangle,single_source,yes,yes,
MZA-01586,2010-11-15T11:21:26.200Z,2010,11,-33.251,-68.414,10,2.3,ML,ML,2.3335,Mendoza2022_Meq_to_Mw,Mendoza/YPF 2022,converted_regional,ISC,ISC,1,601625354,,inside_rectangle,single_source,yes,yes,
MZA-01587,2010-11-15T12:31:21.700Z,2010,11,-32.989,-69.17,20.9,2,ML,ML,2.0425,Mendoza2022_Meq_to_Mw,Mendoza/YPF 2022,converted_regional,ISC,ISC,1,601625357,,inside_rectangle,single_source,yes,yes,
MZA-01588,2010-11-17T18:53:14.300Z,2010,11,-32.034,-68.295,16.8,2.6,ML,ML,2.6245,Mendoza2022_Meq_to_Mw,Mendoza/YPF 2022,converted_regional,ISC,ISC,1,601625381,,inside_rectangle,single_source,yes,yes,
MZA-01589,2010-11-18T13:37:07.800Z,2010,11,-32.286,-68.505,120.6,1.6,ML,ML,1.6545,Mendoza2022_Meq_to_Mw,Mendoza/YPF 2022,converted_regional,ISC,ISC,1,601625398,,inside_rectangle,single_source,yes,yes,
MZA-01590,2010-11-19T06:22:17.000Z,2010,11,-32.035,-67.055,10.4,3.2,ML,ML,3.2065,Mendoza2022_Meq_to_Mw,Mendoza/YPF 2022,converted_regional,ISC,ISC,1,601625409,,inside_rectangle,single_source,yes,yes,
MZA-01591,2010-11-19T15:47:48.900Z,2010,11,-33.141,-68.642,41.8,2.7,MD,MD,2.7215,Mendoza2022_Meq_to_Mw,Mendoza/YPF 2022,converted_regional,ISC,ISC,1,601625417,,inside_rectangle,single_source,yes,yes,
MZA-01592,2010-11-20T09:42:26.599Z,2010,11,-32.935,-68.13,6.3,2.6,ML,ML,2.6245,Mendoza2022_Meq_to_Mw,Mendoza/YPF 2022,converted_regional,ISC,ISC,1,601625429,,inside_rectangle,single_source,yes,yes,
MZA-01593,2010-11-21T19:13:38.900Z,2010,11,-33.084,-69.41,138.1,2.7,ML,ML,2.7215,Mendoza2022_Meq_to_Mw,Mendoza/YPF 2022,converted_regional,ISC,ISC,1,601625447,,inside_rectangle,single_source,yes,yes,
MZA-01594,2010-11-23T21:25:18.900Z,2010,11,-32.821,-69.798,111.8,3,MD,MD,3.0125,Mendoza2022_Meq_to_Mw,Mendoza/YPF 2022,converted_regional,ISC,ISC,1,601625476,,inside_rectangle,single_source,yes,yes,
MZA-01595,2010-11-24T08:14:18.300Z,2010,11,-32.498,-69.249,122,2.9,MD,MD,2.9155,Mendoza2022_Meq_to_Mw,Mendoza/YPF 2022,converted_regional,ISC,ISC,1,601515095,,inside_rectangle,single_source,yes,yes,
MZA-01596,2010-11-25T15:27:05.200Z,2010,11,-32.306,-69.026,32.8,2.9,MD,MD,2.9155,Mendoza2022_Meq_to_Mw,Mendoza/YPF 2022,converted_regional,ISC,ISC,1,601625497,,inside_rectangle,single_source,yes,yes,
MZA-01597,2010-11-27T15:24:37.300Z,2010,11,-32.866,-68.979,30.1,3.4,MD,MD,3.4005,Mendoza2022_Meq_to_Mw,Mendoza/YPF 2022,converted_regional,ISC,ISC,1,601625540,,inside_rectangle,single_source,yes,yes,
MZA-01598,2010-11-28T07:51:27.500Z,2010,11,-33.437,-69.997,82.1,3,MD,MD,3.0125,Mendoza2022_Meq_to_Mw,Mendoza/YPF 2022,converted_regional,ISC,ISC,1,601625555,,inside_rectangle,single_source,yes,yes,
MZA-01599,2010-11-28T09:49:14.500Z,2010,11,-32.55,-69.144,103.4,3.2,MD,MD,3.2065,Mendoza2022_Meq_to_Mw,Mendoza/YPF 2022,converted_regional,ISC,ISC,1,601625557,,inside_rectangle,single_source,yes,yes,
MZA-01600,2010-11-28T15:22:06.500Z,2010,11,-33.364,-68.577,32.1,2.9,MD,MD,2.9155,Mendoza2022_Meq_to_Mw,Mendoza/YPF 2022,converted_regional,ISC,ISC,1,601625561,,inside_rectangle,single_source,yes,yes,
MZA-01601,2010-11-28T22:37:14.200Z,2010,11,-33.082,-68.887,17.7,2.6,MD,MD,2.6245,Mendoza2022_Meq_to_Mw,Mendoza/YPF 2022,converted_regional,ISC,ISC,1,601625564,,inside_rectangle,single_source,yes,yes,
MZA-01602,2010-12-01T05:12:31.000Z,2010,12,-33.878,-68.902,22,2.6,ML,ML,2.6245,Mendoza2022_Meq_to_Mw,Mendoza/YPF 2022,converted_regional,ISC,ISC,1,601836742,,inside_rectangle,single_source,yes,yes,
MZA-01603,2010-12-02T02:56:54.800Z,2010,12,-32.571,-69.843,116.7,2.5,ML,ML,2.5275,Mendoza2022_Meq_to_Mw,Mendoza/YPF 2022,converted_regional,ISC,ISC,1,601515278,,inside_rectangle,single_source,yes,yes,
MZA-01604,2010-12-02T07:58:38.100Z,2010,12,-32.016,-69.586,105.9,2.7,ML,ML,2.7215,Mendoza2022_Meq_to_Mw,Mendoza/YPF 2022,converted_regional,ISC,ISC,1,601515280,,inside_rectangle,single_source,yes,yes,
MZA-01605,2010-12-03T03:16:10.800Z,2010,12,-34.071,-67.059,5.8,3.6,ML,ML,3.5945,Mendoza2022_Meq_to_Mw,Mendoza/YPF 2022,converted_regional,ISC,ISC,1,601836758,,inside_rectangle,single_source,yes,yes,
MZA-01606,2010-12-04T05:35:29.600Z,2010,12,-32.953,-68.263,10,2.1,ML,ML,2.1395,Mendoza2022_Meq_to_Mw,Mendoza/YPF 2022,converted_regional,ISC,ISC,1,601836770,,inside_rectangle,single_source,yes,yes,
MZA-01607,2010-12-04T06:53:09.400Z,2010,12,-33.091,-69.074,6.6,2.5,ML,ML,2.5275,Mendoza2022_Meq_to_Mw,Mendoza/YPF 2022,converted_regional,ISC,ISC,1,601836773,,inside_rectangle,single_source,yes,yes,
MZA-01608,2010-12-04T19:39:35.800Z,2010,12,-32.377,-69.759,107.3,2.5,MD,MD,2.5275,Mendoza2022_Meq_to_Mw,Mendoza/YPF 2022,converted_regional,ISC,ISC,1,601836782,,inside_rectangle,single_source,yes,yes,
MZA-01609,2010-12-06T03:02:13.500Z,2010,12,-32.036,-68.003,27.1,3.4,ML,ML,3.4005,Mendoza2022_Meq_to_Mw,Mendoza/YPF 2022,converted_regional,ISC,ISC,1,601515359,,inside_rectangle,single_source,yes,yes,
MZA-01610,2010-12-07T04:22:09.100Z,2010,12,-33.242,-69.951,131.2,3.2,ML,ML,3.2065,Mendoza2022_Meq_to_Mw,Mendoza/YPF 2022,converted_regional,ISC,ISC,1,601515381,,inside_rectangle,single_source,yes,yes,
MZA-01611,2010-12-08T03:20:20.700Z,2010,12,-32.81,-69.728,114.7,3,MD,MD,3.0125,Mendoza2022_Meq_to_Mw,Mendoza/YPF 2022,converted_regional,ISC,ISC,1,601836822,,inside_rectangle,single_source,yes,yes,
MZA-01612,2010-12-12T19:03:46.800Z,2010,12,-32.067,-67.969,10.2,3.2,ML,ML,3.2065,Mendoza2022_Meq_to_Mw,Mendoza/YPF 2022,converted_regional,ISC,ISC,1,601836869,,inside_rectangle,single_source,yes,yes,
MZA-01613,2010-12-13T08:42:44.500Z,2010,12,-33.121,-68.973,21.2,3.1,ML,ML,3.1095,Mendoza2022_Meq_to_Mw,Mendoza/YPF 2022,converted_regional,ISC,ISC,1,601836870,,inside_rectangle,single_source,yes,yes,
MZA-01614,2010-12-17T04:49:46.500Z,2010,12,-32.961,-69.998,114.8,2.5,ML,ML,2.5275,Mendoza2022_Meq_to_Mw,Mendoza/YPF 2022,converted_regional,ISC,ISC,1,601515603,,inside_rectangle,single_source,yes,yes,
MZA-01615,2010-12-17T04:51:09.800Z,2010,12,-34.187,-69.522,15.1,2.5,ML,ML,2.5275,Mendoza2022_Meq_to_Mw,Mendoza/YPF 2022,converted_regional,ISC,ISC,1,601836893,,inside_rectangle,single_source,yes,yes,
MZA-01616,2010-12-19T08:27:26.800Z,2010,12,-32.822,-68.954,35.2,4,ML,ML,3.9825,Mendoza2022_Meq_to_Mw,Mendoza/YPF 2022,converted_regional,ISC,ISC,1,601836905,,inside_rectangle,single_source,yes,yes,
MZA-01617,2010-12-22T01:01:12.700Z,2010,12,-33.545,-67.257,10,2.6,ML,ML,2.6245,Mendoza2022_Meq_to_Mw,Mendoza/YPF 2022,converted_regional,ISC,ISC,1,601836940,,inside_rectangle,single_source,yes,yes,
MZA-01618,2010-12-23T12:29:34.700Z,2010,12,-33.657,-68.594,19.3,3.5,ML,ML,3.4975,Mendoza2022_Meq_to_Mw,Mendoza/YPF 2022,converted_regional,ISC,ISC,1,601515757,,inside_rectangle,single_source,yes,yes,
MZA-01619,2010-12-24T03:01:17.700Z,2010,12,-33.04,-67.414,6,2.5,ML,ML,2.5275,Mendoza2022_Meq_to_Mw,Mendoza/YPF 2022,converted_regional,ISC,ISC,1,601836961,,inside_rectangle,single_source,yes,yes,
MZA-01620,2010-12-24T20:36:47.300Z,2010,12,-32.29,-69.695,98.7,2.5,MD,MD,2.5275,Mendoza2022_Meq_to_Mw,Mendoza/YPF 2022,converted_regional,ISC,ISC,1,601836972,,inside_rectangle,single_source,yes,yes,
MZA-01621,2010-12-25T08:35:15.170Z,2010,12,-35.0902,-69.8976,154.7,4.2,mb,mb,4.0918,Mendoza2022_mb_to_Mw,Mendoza/YPF 2022,converted_regional,ISC,ISC + USGS,2,15957944,usp000hrvj,inside_rectangle,accepted_auto,yes,yes,
MZA-01622,2010-12-28T23:20:04.400Z,2010,12,-33.056,-67.379,159.3,2.4,ML,ML,2.4305,Mendoza2022_Meq_to_Mw,Mendoza/YPF 2022,converted_regional,ISC,ISC,1,601837011,,inside_rectangle,single_source,yes,yes,
MZA-01623,2010-12-30T22:54:59.730Z,2010,12,-32.0762,-69.3707,116.8,3.8,mb,mb,3.8702,Mendoza2022_mb_to_Mw,Mendoza/YPF 2022,converted_regional,ISC,ISC + USGS,2,15996032,usp000hsb4,inside_rectangle,accepted_auto,yes,yes,
MZA-01624,2010-12-31T11:18:54.500Z,2010,12,-32.563,-68.79,14.5,1.7,ML,ML,1.7515,Mendoza2022_Meq_to_Mw,Mendoza/YPF 2022,converted_regional,ISC,ISC,1,601837040,,inside_rectangle,single_source,yes,yes,
MZA-01625,2011-01-02T19:57:04.099Z,2011,1,-32.732,-68.926,29.8,1.7,ML,ML,1.7515,Mendoza2022_Meq_to_Mw,Mendoza/YPF 2022,converted_regional,ISC,ISC,1,601890941,,inside_rectangle,single_source,yes,yes,
MZA-01626,2011-01-03T08:24:12.800Z,2011,1,-33.052,-68.295,22.8,2.8,ML,ML,2.8185,Mendoza2022_Meq_to_Mw,Mendoza/YPF 2022,converted_regional,ISC,ISC,1,601890947,,inside_rectangle,single_source,yes,yes,
MZA-01627,2011-01-04T04:29:08.800Z,2011,1,-33.694,-68.521,29,2.4,ML,ML,2.4305,Mendoza2022_Meq_to_Mw,Mendoza/YPF 2022,converted_regional,ISC,ISC,1,601890954,,inside_rectangle,single_source,yes,yes,
MZA-01628,2011-01-05T20:26:46.100Z,2011,1,-32.07,-68.271,110.2,3.3,ML,ML,3.3035,Mendoza2022_Meq_to_Mw,Mendoza/YPF 2022,converted_regional,ISC,ISC,1,601890966,,inside_rectangle,single_source,yes,yes,
MZA-01629,2011-01-06T19:10:12.100Z,2011,1,-32.112,-69.554,106.8,2.5,ML,ML,2.5275,Mendoza2022_Meq_to_Mw,Mendoza/YPF 2022,converted_regional,ISC,ISC,1,601890972,,inside_rectangle,single_source,yes,yes,
MZA-01630,2011-01-08T10:54:50.599Z,2011,1,-32.179,-69.492,106.5,4.3,ML,ML,4.2735,Mendoza2022_Meq_to_Mw,Mendoza/YPF 2022,converted_regional,ISC,ISC,1,601890992,,inside_rectangle,single_source,yes,yes,
MZA-01631,2011-01-09T04:59:47.700Z,2011,1,-33.213,-68.86,7.7,3.2,MD,MD,3.2065,Mendoza2022_Meq_to_Mw,Mendoza/YPF 2022,converted_regional,ISC,ISC,1,601891003,,inside_rectangle,single_source,yes,yes,
MZA-01632,2011-01-09T14:49:56.700Z,2011,1,-32.035,-68.907,18.5,3,MD,MD,3.0125,Mendoza2022_Meq_to_Mw,Mendoza/YPF 2022,converted_regional,ISC,ISC,1,601891009,,inside_rectangle,single_source,yes,yes,
MZA-01633,2011-01-11T09:29:08.500Z,2011,1,-32.232,-68.579,98.1,2.7,MD,MD,2.7215,Mendoza2022_Meq_to_Mw,Mendoza/YPF 2022,converted_regional,ISC,ISC,1,601891057,,inside_rectangle,single_source,yes,yes,
MZA-01634,2011-01-12T06:43:22.300Z,2011,1,-32.67,-69.303,120.6,2.5,MD,MD,2.5275,Mendoza2022_Meq_to_Mw,Mendoza/YPF 2022,converted_regional,ISC,ISC,1,601891068,,inside_rectangle,single_source,yes,yes,
MZA-01635,2011-01-12T13:51:50.600Z,2011,1,-33.028,-69.611,10.3,2.1,ML,ML,2.1395,Mendoza2022_Meq_to_Mw,Mendoza/YPF 2022,converted_regional,ISC,ISC,1,601891074,,inside_rectangle,single_source,yes,yes,
MZA-01636,2011-01-12T14:21:33.300Z,2011,1,-34.916,-69.584,40,3,ML,ML,3.0125,Mendoza2022_Meq_to_Mw,Mendoza/YPF 2022,converted_regional,ISC,ISC,1,601891075,,inside_rectangle,single_source,yes,yes,
MZA-01637,2011-01-12T17:30:41.000Z,2011,1,-33.153,-68.431,10,1.7,ML,ML,1.7515,Mendoza2022_Meq_to_Mw,Mendoza/YPF 2022,converted_regional,ISC,ISC,1,601891079,,inside_rectangle,single_source,yes,yes,
MZA-01638,2011-01-15T16:50:19.500Z,2011,1,-33.609,-69.932,30.9,2.4,ML,ML,2.4305,Mendoza2022_Meq_to_Mw,Mendoza/YPF 2022,converted_regional,ISC,ISC,1,601516188,,inside_rectangle,single_source,yes,yes,
MZA-01639,2011-01-17T03:50:55.300Z,2011,1,-32.3762,-69.6376,125.3,2.9,ML,ML,2.9155,Mendoza2022_Meq_to_Mw,Mendoza/YPF 2022,converted_regional,ISC,ISC,1,601516208,,inside_rectangle,single_source,yes,yes,
MZA-01640,2011-01-23T03:02:28.270Z,2011,1,-32.0151,-69.8002,108.5,3.9,mb,mb,3.9256,Mendoza2022_mb_to_Mw,Mendoza/YPF 2022,converted_regional,ISC,ISC,1,17190774,,inside_rectangle,single_source,yes,yes,
MZA-01641,2011-01-24T21:26:43.200Z,2011,1,-32.203,-68.62,121.5,1.9,ML,ML,1.9455,Mendoza2022_Meq_to_Mw,Mendoza/YPF 2022,converted_regional,ISC,ISC,1,601891141,,inside_rectangle,single_source,yes,yes,
MZA-01642,2011-01-25T14:56:11.200Z,2011,1,-32.266,-67.967,129.7,2.7,ML,ML,2.7215,Mendoza2022_Meq_to_Mw,Mendoza/YPF 2022,converted_regional,ISC,ISC,1,601891144,,inside_rectangle,single_source,yes,yes,
MZA-01643,2011-01-25T15:30:08.700Z,2011,1,-32.317,-68.709,132.2,2.7,MD,MD,2.7215,Mendoza2022_Meq_to_Mw,Mendoza/YPF 2022,converted_regional,ISC,ISC,1,601891145,,inside_rectangle,single_source,yes,yes,
MZA-01644,2011-01-27T09:08:37.800Z,2011,1,-32.69,-67.922,14.5,3,ML,ML,3.0125,Mendoza2022_Meq_to_Mw,Mendoza/YPF 2022,converted_regional,ISC,ISC,1,601891161,,inside_rectangle,single_source,yes,yes,
MZA-01645,2011-01-27T22:17:05.300Z,2011,1,-32.732,-69.718,127.9,2.7,ML,ML,2.7215,Mendoza2022_Meq_to_Mw,Mendoza/YPF 2022,converted_regional,ISC,ISC,1,601891163,,inside_rectangle,single_source,yes,yes,
MZA-01646,2011-01-29T10:18:31.200Z,2011,1,-32.941,-68.31,18.8,2.6,ML,ML,2.6245,Mendoza2022_Meq_to_Mw,Mendoza/YPF 2022,converted_regional,ISC,ISC,1,601891170,,inside_rectangle,single_source,yes,yes,
MZA-01647,2011-01-29T11:55:48.400Z,2011,1,-32.095,-69.207,26.6,2.6,MD,MD,2.6245,Mendoza2022_Meq_to_Mw,Mendoza/YPF 2022,converted_regional,ISC,ISC,1,601891172,,inside_rectangle,single_source,yes,yes,
MZA-01648,2011-01-30T01:53:21.100Z,2011,1,-32.836,-69.056,21.3,2,ML,ML,2.0425,Mendoza2022_Meq_to_Mw,Mendoza/YPF 2022,converted_regional,ISC,ISC,1,601891177,,inside_rectangle,single_source,yes,yes,
MZA-01649,2011-01-30T09:13:23.600Z,2011,1,-33.067,-69.067,26.7,2.1,ML,ML,2.1395,Mendoza2022_Meq_to_Mw,Mendoza/YPF 2022,converted_regional,ISC,ISC,1,601891183,,inside_rectangle,single_source,yes,yes,
MZA-01650,2011-02-02T15:56:20.570Z,2011,2,-32.2654,-69.4665,109.5,3.4,ML,ML,3.4005,Mendoza2022_Meq_to_Mw,Mendoza/YPF 2022,converted_regional,ISC,ISC,1,601516437,,inside_rectangle,single_source,yes,yes,
MZA-01651,2011-02-05T06:38:32.300Z,2011,2,-33.063,-68.991,18.9,2.8,ML,ML,2.8185,Mendoza2022_Meq_to_Mw,Mendoza/YPF 2022,converted_regional,ISC,ISC,1,602035828,,inside_rectangle,single_source,yes,yes,
MZA-01652,2011-02-05T17:16:04.800Z,2011,2,-32.048,-67.432,128.1,2.1,ML,ML,2.1395,Mendoza2022_Meq_to_Mw,Mendoza/YPF 2022,converted_regional,ISC,ISC,1,602035835,,inside_rectangle,single_source,yes,yes,
MZA-01653,2011-02-06T06:10:32.200Z,2011,2,-33.072,-69.059,17.2,2.6,ML,ML,2.6245,Mendoza2022_Meq_to_Mw,Mendoza/YPF 2022,converted_regional,ISC,ISC,1,602035843,,inside_rectangle,single_source,yes,yes,
MZA-01654,2011-02-10T16:38:12.700Z,2011,2,-32,-69.76,100.9,3.3,ML,ML,3.3035,Mendoza2022_Meq_to_Mw,Mendoza/YPF 2022,converted_regional,ISC,ISC,1,602035895,,inside_rectangle,single_source,yes,yes,
MZA-01655,2011-02-11T18:05:52.100Z,2011,2,-33.181,-69.079,22.1,2.5,ML,ML,2.5275,Mendoza2022_Meq_to_Mw,Mendoza/YPF 2022,converted_regional,ISC,ISC,1,602035912,,inside_rectangle,single_source,yes,yes,
MZA-01656,2011-02-12T17:11:39.400Z,2011,2,-32.808,-69.331,10.1,3.2,ML,ML,3.2065,Mendoza2022_Meq_to_Mw,Mendoza/YPF 2022,converted_regional,ISC,ISC,1,602035939,,inside_rectangle,single_source,yes,yes,
MZA-01657,2011-02-12T21:27:54.400Z,2011,2,-32.42,-68.474,125.7,2.1,ML,ML,2.1395,Mendoza2022_Meq_to_Mw,Mendoza/YPF 2022,converted_regional,ISC,ISC,1,602035944,,inside_rectangle,single_source,yes,yes,
MZA-01658,2011-02-13T16:39:48.000Z,2011,2,-33.063,-68.595,19.2,3.9,ML,ML,3.8855,Mendoza2022_Meq_to_Mw,Mendoza/YPF 2022,converted_regional,ISC,ISC,1,602035958,,inside_rectangle,single_source,yes,yes,
MZA-01659,2011-02-14T04:54:40.020Z,2011,2,-32.916,-69.995,94.4,4.5,mb,mb,4.258,Mendoza2022_mb_to_Mw,Mendoza/YPF 2022,converted_regional,USGS,USGS,1,,usp000hugp,inside_rectangle,single_source,yes,yes,
MZA-01660,2011-02-15T00:09:18.800Z,2011,2,-32.487,-69.739,120.8,2.7,ML,ML,2.7215,Mendoza2022_Meq_to_Mw,Mendoza/YPF 2022,converted_regional,ISC,ISC,1,602035980,,inside_rectangle,single_source,yes,yes,
MZA-01661,2011-02-15T19:45:29.800Z,2011,2,-33.087,-69.202,24.7,2.5,ML,ML,2.5275,Mendoza2022_Meq_to_Mw,Mendoza/YPF 2022,converted_regional,ISC,ISC,1,602035982,,inside_rectangle,single_source,yes,yes,
MZA-01662,2011-02-16T12:09:53.600Z,2011,2,-32.004,-69.426,114.7,2.8,MD,MD,2.8185,Mendoza2022_Meq_to_Mw,Mendoza/YPF 2022,converted_regional,ISC,ISC,1,602035998,,inside_rectangle,single_source,yes,yes,
MZA-01663,2011-02-16T22:39:54.900Z,2011,2,-32.206,-68.495,120.1,2.8,MD,MD,2.8185,Mendoza2022_Meq_to_Mw,Mendoza/YPF 2022,converted_regional,ISC,ISC,1,602036000,,inside_rectangle,single_source,yes,yes,
MZA-01664,2011-02-17T02:29:41.200Z,2011,2,-33.46,-68.681,5.5,3.4,ML,ML,3.4005,Mendoza2022_Meq_to_Mw,Mendoza/YPF 2022,converted_regional,ISC,ISC,1,602036004,,inside_rectangle,single_source,yes,yes,
MZA-01665,2011-02-18T00:57:47.600Z,2011,2,-32.7,-69.728,120.2,2,ML,ML,2.0425,Mendoza2022_Meq_to_Mw,Mendoza/YPF 2022,converted_regional,ISC,ISC,1,602036011,,inside_rectangle,single_source,yes,yes,
MZA-01666,2011-02-18T17:51:44.700Z,2011,2,-32.509,-69.302,119.3,3.4,ML,ML,3.4005,Mendoza2022_Meq_to_Mw,Mendoza/YPF 2022,converted_regional,ISC,ISC,1,602036038,,inside_rectangle,single_source,yes,yes,
MZA-01667,2011-02-19T16:13:53.200Z,2011,2,-32.949,-69.325,10,2.3,ML,ML,2.3335,Mendoza2022_Meq_to_Mw,Mendoza/YPF 2022,converted_regional,ISC,ISC,1,602036056,,inside_rectangle,single_source,yes,yes,
MZA-01668,2011-02-19T20:11:32.900Z,2011,2,-32.565,-69.004,38.4,1.7,ML,ML,1.7515,Mendoza2022_Meq_to_Mw,Mendoza/YPF 2022,converted_regional,ISC,ISC,1,602036061,,inside_rectangle,single_source,yes,yes,
MZA-01669,2011-02-20T00:52:32.000Z,2011,2,-32.348,-69.388,50.6,4.6,ML,ML,4.5645,Mendoza2022_Meq_to_Mw,Mendoza/YPF 2022,converted_regional,ISC,ISC,1,602036070,,inside_rectangle,single_source,yes,yes,
MZA-01670,2011-02-20T02:33:53.600Z,2011,2,-32.645,-67.942,18,1.8,ML,ML,1.8485,Mendoza2022_Meq_to_Mw,Mendoza/YPF 2022,converted_regional,ISC,ISC,1,602036072,,inside_rectangle,single_source,yes,yes,
MZA-01671,2011-02-20T07:25:38.700Z,2011,2,-34.001,-69.543,22.9,2.7,ML,ML,2.7215,Mendoza2022_Meq_to_Mw,Mendoza/YPF 2022,converted_regional,ISC,ISC,1,602036076,,inside_rectangle,single_source,yes,yes,
MZA-01672,2011-02-21T13:59:07.200Z,2011,2,-32.068,-68.27,8.5,2.6,ML,ML,2.6245,Mendoza2022_Meq_to_Mw,Mendoza/YPF 2022,converted_regional,ISC,ISC,1,602036109,,inside_rectangle,single_source,yes,yes,
MZA-01673,2011-02-21T15:06:32.099Z,2011,2,-32.682,-68.801,118.5,2,ML,ML,2.0425,Mendoza2022_Meq_to_Mw,Mendoza/YPF 2022,converted_regional,ISC,ISC,1,602036110,,inside_rectangle,single_source,yes,yes,
MZA-01674,2011-02-22T23:23:00.700Z,2011,2,-32.39,-69.767,114.1,2.9,ML,ML,2.9155,Mendoza2022_Meq_to_Mw,Mendoza/YPF 2022,converted_regional,ISC,ISC,1,602036121,,inside_rectangle,single_source,yes,yes,
MZA-01675,2011-02-23T15:05:51.800Z,2011,2,-32.187,-69.893,102.5,2.4,ML,ML,2.4305,Mendoza2022_Meq_to_Mw,Mendoza/YPF 2022,converted_regional,ISC,ISC,1,602036133,,inside_rectangle,single_source,yes,yes,
MZA-01676,2011-02-25T15:35:12.500Z,2011,2,-32.98,-69.31,10,2.1,ML,ML,2.1395,Mendoza2022_Meq_to_Mw,Mendoza/YPF 2022,converted_regional,ISC,ISC,1,602036147,,inside_rectangle,single_source,yes,yes,
MZA-01677,2011-02-26T01:47:00.800Z,2011,2,-33.032,-69.585,10.2,1.4,ML,ML,1.4605,Mendoza2022_Meq_to_Mw,Mendoza/YPF 2022,converted_regional,ISC,ISC,1,602036154,,inside_rectangle,single_source,yes,yes,
MZA-01678,2011-02-26T07:04:32.699Z,2011,2,-33.729,-68.797,33.6,2.2,ML,ML,2.2365,Mendoza2022_Meq_to_Mw,Mendoza/YPF 2022,converted_regional,ISC,ISC,1,602036159,,inside_rectangle,single_source,yes,yes,
MZA-01679,2011-02-26T12:44:02.400Z,2011,2,-32.438,-69.85,112.9,2,ML,ML,2.0425,Mendoza2022_Meq_to_Mw,Mendoza/YPF 2022,converted_regional,ISC,ISC,1,602036164,,inside_rectangle,single_source,yes,yes,
MZA-01680,2011-02-26T14:48:07.600Z,2011,2,-32.022,-69.893,114.9,2.3,ML,ML,2.3335,Mendoza2022_Meq_to_Mw,Mendoza/YPF 2022,converted_regional,ISC,ISC,1,602036167,,inside_rectangle,single_source,yes,yes,
MZA-01681,2011-02-27T08:03:18.100Z,2011,2,-33.008,-69.159,17.8,2.1,ML,ML,2.1395,Mendoza2022_Meq_to_Mw,Mendoza/YPF 2022,converted_regional,ISC,ISC,1,602036177,,inside_rectangle,single_source,yes,yes,
MZA-01682,2011-02-27T23:27:28.399Z,2011,2,-32.689,-68.822,27.7,2.7,ML,ML,2.7215,Mendoza2022_Meq_to_Mw,Mendoza/YPF 2022,converted_regional,ISC,ISC,1,602036185,,inside_rectangle,single_source,yes,yes,
MZA-01683,2011-03-01T11:05:54.700Z,2011,3,-32.487,-68.506,138.3,2.3,ML,ML,2.3335,Mendoza2022_Meq_to_Mw,Mendoza/YPF 2022,converted_regional,ISC,ISC,1,16603266,,inside_rectangle,single_source,yes,yes,
MZA-01684,2011-03-01T21:27:34.700Z,2011,3,-32.163,-67.225,133.4,2.1,ML,ML,2.1395,Mendoza2022_Meq_to_Mw,Mendoza/YPF 2022,converted_regional,ISC,ISC,1,16603276,,inside_rectangle,single_source,yes,yes,
MZA-01685,2011-03-02T00:45:33.800Z,2011,3,-32.354,-69.204,32.1,2.1,ML,ML,2.1395,Mendoza2022_Meq_to_Mw,Mendoza/YPF 2022,converted_regional,ISC,ISC,1,16603279,,inside_rectangle,single_source,yes,yes,
MZA-01686,2011-03-02T03:55:09.500Z,2011,3,-32.199,-68.292,116.3,2.8,ML,ML,2.8185,Mendoza2022_Meq_to_Mw,Mendoza/YPF 2022,converted_regional,ISC,ISC,1,16603282,,inside_rectangle,single_source,yes,yes,
MZA-01687,2011-03-03T12:21:03.300Z,2011,3,-32.958,-68.577,24,2.2,ML,ML,2.2365,Mendoza2022_Meq_to_Mw,Mendoza/YPF 2022,converted_regional,ISC,ISC,1,16603304,,inside_rectangle,single_source,yes,yes,
MZA-01688,2011-03-03T13:11:10.799Z,2011,3,-33.067,-67.315,208.1,2.8,ML,ML,2.8185,Mendoza2022_Meq_to_Mw,Mendoza/YPF 2022,converted_regional,ISC,ISC,1,16603306,,inside_rectangle,single_source,yes,yes,
MZA-01689,2011-03-03T16:26:26.400Z,2011,3,-32.099,-68.425,115.9,2.6,ML,ML,2.6245,Mendoza2022_Meq_to_Mw,Mendoza/YPF 2022,converted_regional,ISC,ISC,1,16603311,,inside_rectangle,single_source,yes,yes,
MZA-01690,2011-03-04T01:23:14.300Z,2011,3,-32.103,-69.889,126.1,3.3,ML,ML,3.3035,Mendoza2022_Meq_to_Mw,Mendoza/YPF 2022,converted_regional,ISC,ISC,1,16603325,,inside_rectangle,single_source,yes,yes,
MZA-01691,2011-03-04T07:50:01.900Z,2011,3,-32.032,-67.595,21.2,1.9,ML,ML,1.9455,Mendoza2022_Meq_to_Mw,Mendoza/YPF 2022,converted_regional,ISC,ISC,1,16603331,,inside_rectangle,single_source,yes,yes,
MZA-01692,2011-03-05T07:37:50.600Z,2011,3,-32.168,-68.645,114.6,1.3,ML,ML,1.3635,Mendoza2022_Meq_to_Mw,Mendoza/YPF 2022,converted_regional,ISC,ISC,1,16603350,,inside_rectangle,single_source,yes,yes,
MZA-01693,2011-03-06T07:49:02.300Z,2011,3,-32.686,-68.025,125.6,2.3,ML,ML,2.3335,Mendoza2022_Meq_to_Mw,Mendoza/YPF 2022,converted_regional,ISC,ISC,1,16603373,,inside_rectangle,single_source,yes,yes,
MZA-01694,2011-03-06T20:22:05.700Z,2011,3,-33.422,-67.749,187.2,2.5,ML,ML,2.5275,Mendoza2022_Meq_to_Mw,Mendoza/YPF 2022,converted_regional,ISC,ISC,1,16603380,,inside_rectangle,single_source,yes,yes,
MZA-01695,2011-03-06T20:50:45.200Z,2011,3,-32.143,-68.517,101.6,2.2,ML,ML,2.2365,Mendoza2022_Meq_to_Mw,Mendoza/YPF 2022,converted_regional,ISC,ISC,1,16603381,,inside_rectangle,single_source,yes,yes,
MZA-01696,2011-03-08T00:56:16.700Z,2011,3,-32.408,-69.761,106.2,2.6,MD,MD,2.6245,Mendoza2022_Meq_to_Mw,Mendoza/YPF 2022,converted_regional,ISC,ISC,1,16603391,,inside_rectangle,single_source,yes,yes,
MZA-01697,2011-03-08T06:27:57.100Z,2011,3,-32.675,-68.739,10.1,2.1,ML,ML,2.1395,Mendoza2022_Meq_to_Mw,Mendoza/YPF 2022,converted_regional,ISC,ISC,1,16603394,,inside_rectangle,single_source,yes,yes,
MZA-01698,2011-03-09T23:05:09.400Z,2011,3,-32.258,-67.012,150.4,2.6,ML,ML,2.6245,Mendoza2022_Meq_to_Mw,Mendoza/YPF 2022,converted_regional,ISC,ISC,1,16603416,,inside_rectangle,single_source,yes,yes,
MZA-01699,2011-03-11T01:21:56.000Z,2011,3,-32.858,-67.735,147,3.1,MD,MD,3.1095,Mendoza2022_Meq_to_Mw,Mendoza/YPF 2022,converted_regional,ISC,ISC,1,16603439,,inside_rectangle,single_source,yes,yes,
MZA-01700,2011-03-13T05:54:59.500Z,2011,3,-32.401,-69.567,108.4,2.7,MD,MD,2.7215,Mendoza2022_Meq_to_Mw,Mendoza/YPF 2022,converted_regional,ISC,ISC,1,16630544,,inside_rectangle,single_source,yes,yes,
MZA-01701,2011-03-13T16:03:07.499Z,2011,3,-32.935,-68.817,5.4,2.8,MD,MD,2.8185,Mendoza2022_Meq_to_Mw,Mendoza/YPF 2022,converted_regional,ISC,ISC,1,16630551,,inside_rectangle,single_source,yes,yes,
MZA-01702,2011-03-14T07:43:41.800Z,2011,3,-32.032,-69.497,99.4,2.2,MD,MD,2.2365,Mendoza2022_Meq_to_Mw,Mendoza/YPF 2022,converted_regional,ISC,ISC,1,16630568,,inside_rectangle,single_source,yes,yes,
MZA-01703,2011-03-14T08:47:46.700Z,2011,3,-32.474,-69.38,100.4,2.3,MD,MD,2.3335,Mendoza2022_Meq_to_Mw,Mendoza/YPF 2022,converted_regional,ISC,ISC,1,16630569,,inside_rectangle,single_source,yes,yes,
MZA-01704,2011-03-14T13:39:20.200Z,2011,3,-32.799,-69.267,1.1,2.7,ML,ML,2.7215,Mendoza2022_Meq_to_Mw,Mendoza/YPF 2022,converted_regional,ISC,ISC,1,16630572,,inside_rectangle,single_source,yes,yes,
MZA-01705,2011-03-14T14:03:02.700Z,2011,3,-32.126,-69.297,107.9,2.6,ML,ML,2.6245,Mendoza2022_Meq_to_Mw,Mendoza/YPF 2022,converted_regional,ISC,ISC,1,16630573,,inside_rectangle,single_source,yes,yes,
MZA-01706,2011-03-14T16:10:03.300Z,2011,3,-32.055,-68.477,106.1,1.9,MD,MD,1.9455,Mendoza2022_Meq_to_Mw,Mendoza/YPF 2022,converted_regional,ISC,ISC,1,16630574,,inside_rectangle,single_source,yes,yes,
MZA-01707,2011-03-14T23:10:04.200Z,2011,3,-32.576,-68.352,123.3,1.6,ML,ML,1.6545,Mendoza2022_Meq_to_Mw,Mendoza/YPF 2022,converted_regional,ISC,ISC,1,16630576,,inside_rectangle,single_source,yes,yes,
MZA-01708,2011-03-15T08:10:26.800Z,2011,3,-33,-69.444,102.5,2,MD,MD,2.0425,Mendoza2022_Meq_to_Mw,Mendoza/YPF 2022,converted_regional,ISC,ISC,1,16630585,,inside_rectangle,single_source,yes,yes,
MZA-01709,2011-03-15T15:28:11.400Z,2011,3,-32.032,-68.55,112.8,1.8,ML,ML,1.8485,Mendoza2022_Meq_to_Mw,Mendoza/YPF 2022,converted_regional,ISC,ISC,1,16630593,,inside_rectangle,single_source,yes,yes,
MZA-01710,2011-03-15T21:31:57.100Z,2011,3,-33.05,-68.972,4,1.9,ML,ML,1.9455,Mendoza2022_Meq_to_Mw,Mendoza/YPF 2022,converted_regional,ISC,ISC,1,16630594,,inside_rectangle,single_source,yes,yes,
MZA-01711,2011-03-16T17:24:55.200Z,2011,3,-32.716,-69.099,99.7,1.5,ML,ML,1.5575,Mendoza2022_Meq_to_Mw,Mendoza/YPF 2022,converted_regional,ISC,ISC,1,16630632,,inside_rectangle,single_source,yes,yes,
MZA-01712,2011-03-17T10:29:27.800Z,2011,3,-32.121,-69.565,109.2,1.6,ML,ML,1.6545,Mendoza2022_Meq_to_Mw,Mendoza/YPF 2022,converted_regional,ISC,ISC,1,16630690,,inside_rectangle,single_source,yes,yes,
MZA-01713,2011-03-18T06:36:52.299Z,2011,3,-32.878,-68.875,7,2.4,ML,ML,2.4305,Mendoza2022_Meq_to_Mw,Mendoza/YPF 2022,converted_regional,ISC,ISC,1,16630725,,inside_rectangle,single_source,yes,yes,
MZA-01714,2011-03-19T00:33:09.900Z,2011,3,-32.002,-68.485,101.7,3.2,ML,ML,3.2065,Mendoza2022_Meq_to_Mw,Mendoza/YPF 2022,converted_regional,ISC,ISC,1,16630823,,inside_rectangle,single_source,yes,yes,
MZA-01715,2011-03-20T09:13:38.300Z,2011,3,-32.81,-68.186,130.9,2.6,ML,ML,2.6245,Mendoza2022_Meq_to_Mw,Mendoza/YPF 2022,converted_regional,ISC,ISC,1,16630862,,inside_rectangle,single_source,yes,yes,
MZA-01716,2011-03-20T13:31:19.900Z,2011,3,-32.106,-69.322,115.9,2.6,ML,ML,2.6245,Mendoza2022_Meq_to_Mw,Mendoza/YPF 2022,converted_regional,ISC,ISC,1,16630863,,inside_rectangle,single_source,yes,yes,
MZA-01717,2011-03-20T21:09:41.100Z,2011,3,-33.042,-68.256,31.9,2.4,ML,ML,2.4305,Mendoza2022_Meq_to_Mw,Mendoza/YPF 2022,converted_regional,ISC,ISC,1,16630872,,inside_rectangle,single_source,yes,yes,
MZA-01718,2011-03-22T03:25:15.300Z,2011,3,-33.07,-68.985,27.6,2.9,ML,ML,2.9155,Mendoza2022_Meq_to_Mw,Mendoza/YPF 2022,converted_regional,ISC,ISC,1,16630898,,inside_rectangle,single_source,yes,yes,
MZA-01719,2011-03-24T20:59:01.400Z,2011,3,-32.497,-69.158,119.4,3.1,ML,ML,3.1095,Mendoza2022_Meq_to_Mw,Mendoza/YPF 2022,converted_regional,ISC,ISC,1,16630967,,inside_rectangle,single_source,yes,yes,
MZA-01720,2011-03-24T22:52:26.200Z,2011,3,-32.336,-69.546,111.5,2,ML,ML,2.0425,Mendoza2022_Meq_to_Mw,Mendoza/YPF 2022,converted_regional,ISC,ISC,1,16630970,,inside_rectangle,single_source,yes,yes,
MZA-01721,2011-03-27T09:19:17.300Z,2011,3,-32.754,-68.406,156,1.7,ML,ML,1.7515,Mendoza2022_Meq_to_Mw,Mendoza/YPF 2022,converted_regional,ISC,ISC,1,16631022,,inside_rectangle,single_source,yes,yes,
MZA-01722,2011-03-28T01:49:15.400Z,2011,3,-32.183,-69.536,111.3,2.3,ML,ML,2.3335,Mendoza2022_Meq_to_Mw,Mendoza/YPF 2022,converted_regional,ISC,ISC,1,16631044,,inside_rectangle,single_source,yes,yes,
MZA-01723,2011-03-28T14:38:34.500Z,2011,3,-33.82,-69.079,9.2,3,MD,MD,3.0125,Mendoza2022_Meq_to_Mw,Mendoza/YPF 2022,converted_regional,ISC,ISC,1,16631054,,inside_rectangle,single_source,yes,yes,
MZA-01724,2011-03-29T07:35:17.570Z,2011,3,-32.8707,-69.7947,127.3,3.5,ML,ML,3.4975,Mendoza2022_Meq_to_Mw,Mendoza/YPF 2022,converted_regional,ISC,ISC,1,16631073,,inside_rectangle,single_source,yes,yes,
MZA-01725,2011-03-29T18:52:07.579Z,2011,3,-32.0298,-69.9745,106.7,3.2,ML,ML,3.2065,Mendoza2022_Meq_to_Mw,Mendoza/YPF 2022,converted_regional,ISC,ISC,1,16631082,,inside_rectangle,single_source,yes,yes,
MZA-01726,2011-03-30T17:29:20.300Z,2011,3,-32.855,-68.42,13.6,1.8,ML,ML,1.8485,Mendoza2022_Meq_to_Mw,Mendoza/YPF 2022,converted_regional,ISC,ISC,1,16631102,,inside_rectangle,single_source,yes,yes,
MZA-01727,2011-03-30T20:07:37.700Z,2011,3,-32.081,-69.169,8.6,2.3,MD,MD,2.3335,Mendoza2022_Meq_to_Mw,Mendoza/YPF 2022,converted_regional,ISC,ISC,1,16631105,,inside_rectangle,single_source,yes,yes,
MZA-01728,2011-03-31T00:28:33.200Z,2011,3,-32.845,-67.792,22.8,2.2,ML,ML,2.2365,Mendoza2022_Meq_to_Mw,Mendoza/YPF 2022,converted_regional,ISC,ISC,1,16631109,,inside_rectangle,single_source,yes,yes,
MZA-01729,2011-03-31T05:58:14.800Z,2011,3,-32.875,-68.422,4.2,1.6,ML,ML,1.6545,Mendoza2022_Meq_to_Mw,Mendoza/YPF 2022,converted_regional,ISC,ISC,1,16631112,,inside_rectangle,single_source,yes,yes,
MZA-01730,2011-03-31T23:02:30.400Z,2011,3,-32.99,-68.328,10,2.5,ML,ML,2.5275,Mendoza2022_Meq_to_Mw,Mendoza/YPF 2022,converted_regional,ISC,ISC,1,16631121,,inside_rectangle,single_source,yes,yes,
MZA-01731,2011-04-01T16:23:33.900Z,2011,4,-32.709,-69.073,18.9,0.8,ML,ML,0.8785,Mendoza2022_Meq_to_Mw,Mendoza/YPF 2022,converted_regional,ISC,ISC,1,16647968,,inside_rectangle,single_source,yes,yes,
MZA-01732,2011-04-04T09:30:36.300Z,2011,4,-32.97,-68.083,1,3.1,ML,ML,3.1095,Mendoza2022_Meq_to_Mw,Mendoza/YPF 2022,converted_regional,ISC,ISC,1,16648104,,inside_rectangle,single_source,yes,yes,
MZA-01733,2011-04-04T09:46:46.999Z,2011,4,-34.352,-69.563,10,2.1,ML,ML,2.1395,Mendoza2022_Meq_to_Mw,Mendoza/YPF 2022,converted_regional,ISC,ISC,1,16648105,,inside_rectangle,single_source,yes,yes,
MZA-01734,2011-04-04T19:50:16.100Z,2011,4,-33.812,-68.813,16.6,2.5,ML,ML,2.5275,Mendoza2022_Meq_to_Mw,Mendoza/YPF 2022,converted_regional,ISC,ISC,1,16648114,,inside_rectangle,single_source,yes,yes,
MZA-01735,2011-04-05T05:18:42.900Z,2011,4,-32.523,-67.1,14.7,2,ML,ML,2.0425,Mendoza2022_Meq_to_Mw,Mendoza/YPF 2022,converted_regional,ISC,ISC,1,16648148,,inside_rectangle,single_source,yes,yes,
MZA-01736,2011-04-05T10:11:08.300Z,2011,4,-32.182,-69.539,110.1,2.5,ML,ML,2.5275,Mendoza2022_Meq_to_Mw,Mendoza/YPF 2022,converted_regional,ISC,ISC,1,16648155,,inside_rectangle,single_source,yes,yes,
MZA-01737,2011-04-05T19:11:22.500Z,2011,4,-32.421,-69.403,11.1,1.4,ML,ML,1.4605,Mendoza2022_Meq_to_Mw,Mendoza/YPF 2022,converted_regional,ISC,ISC,1,16648164,,inside_rectangle,single_source,yes,yes,
MZA-01738,2011-04-07T03:53:55.400Z,2011,4,-33.301,-68.592,20.4,1.8,ML,ML,1.8485,Mendoza2022_Meq_to_Mw,Mendoza/YPF 2022,converted_regional,ISC,ISC,1,16648261,,inside_rectangle,single_source,yes,yes,
MZA-01739,2011-04-07T05:59:27.559Z,2011,4,-32.1998,-69.5673,114.5,2.7,ML,ML,2.7215,Mendoza2022_Meq_to_Mw,Mendoza/YPF 2022,converted_regional,ISC,ISC,1,16648265,,inside_rectangle,single_source,yes,yes,
MZA-01740,2011-04-07T06:27:29.100Z,2011,4,-32.687,-68.873,32.2,2,ML,ML,2.0425,Mendoza2022_Meq_to_Mw,Mendoza/YPF 2022,converted_regional,ISC,ISC,1,16648267,,inside_rectangle,single_source,yes,yes,
MZA-01741,2011-04-07T11:36:51.300Z,2011,4,-32.861,-68.91,32.5,2.2,ML,ML,2.2365,Mendoza2022_Meq_to_Mw,Mendoza/YPF 2022,converted_regional,ISC,ISC,1,16648274,,inside_rectangle,single_source,yes,yes,
MZA-01742,2011-04-08T08:40:49.500Z,2011,4,-32.988,-68.302,12.9,2.8,ML,ML,2.8185,Mendoza2022_Meq_to_Mw,Mendoza/YPF 2022,converted_regional,ISC,ISC,1,16648348,,inside_rectangle,single_source,yes,yes,
MZA-01743,2011-04-09T08:08:59.700Z,2011,4,-33.004,-69.559,10.1,1.6,ML,ML,1.6545,Mendoza2022_Meq_to_Mw,Mendoza/YPF 2022,converted_regional,ISC,ISC,1,16648399,,inside_rectangle,single_source,yes,yes,
MZA-01744,2011-04-09T11:40:04.700Z,2011,4,-33.437,-69.979,107.5,1.7,ML,ML,1.7515,Mendoza2022_Meq_to_Mw,Mendoza/YPF 2022,converted_regional,ISC,ISC,1,16648402,,inside_rectangle,single_source,yes,yes,
MZA-01745,2011-04-09T17:14:34.600Z,2011,4,-32.973,-69.564,10,1.3,ML,ML,1.3635,Mendoza2022_Meq_to_Mw,Mendoza/YPF 2022,converted_regional,ISC,ISC,1,16648406,,inside_rectangle,single_source,yes,yes,
MZA-01746,2011-04-09T18:48:14.500Z,2011,4,-32.1,-69.531,115,2.7,MD,MD,2.7215,Mendoza2022_Meq_to_Mw,Mendoza/YPF 2022,converted_regional,ISC,ISC,1,16648408,,inside_rectangle,single_source,yes,yes,
MZA-01747,2011-04-09T23:00:31.900Z,2011,4,-33.975,-68.263,13.7,2.8,ML,ML,2.8185,Mendoza2022_Meq_to_Mw,Mendoza/YPF 2022,converted_regional,ISC,ISC,1,16648412,,inside_rectangle,single_source,yes,yes,
MZA-01748,2011-04-10T01:24:33.900Z,2011,4,-32.041,-68.314,28.3,1.7,ML,ML,1.7515,Mendoza2022_Meq_to_Mw,Mendoza/YPF 2022,converted_regional,ISC,ISC,1,16648452,,inside_rectangle,single_source,yes,yes,
MZA-01749,2011-04-10T09:09:32.300Z,2011,4,-33.236,-69.1,4,1.7,ML,ML,1.7515,Mendoza2022_Meq_to_Mw,Mendoza/YPF 2022,converted_regional,ISC,ISC,1,16648466,,inside_rectangle,single_source,yes,yes,
MZA-01750,2011-04-10T09:16:18.400Z,2011,4,-33.713,-68.403,17.3,1.9,ML,ML,1.9455,Mendoza2022_Meq_to_Mw,Mendoza/YPF 2022,converted_regional,ISC,ISC,1,16648467,,inside_rectangle,single_source,yes,yes,
MZA-01751,2011-04-10T19:08:18.100Z,2011,4,-33.059,-69.785,159.4,2.5,MD,MD,2.5275,Mendoza2022_Meq_to_Mw,Mendoza/YPF 2022,converted_regional,ISC,ISC,1,16648476,,inside_rectangle,single_source,yes,yes,
MZA-01752,2011-04-11T07:35:45.500Z,2011,4,-32.707,-68.835,28.3,1.7,ML,ML,1.7515,Mendoza2022_Meq_to_Mw,Mendoza/YPF 2022,converted_regional,ISC,ISC,1,16648525,,inside_rectangle,single_source,yes,yes,
MZA-01753,2011-04-12T14:29:37.400Z,2011,4,-33.25,-67.825,186.1,2.8,ML,ML,2.8185,Mendoza2022_Meq_to_Mw,Mendoza/YPF 2022,converted_regional,ISC,ISC,1,16648610,,inside_rectangle,single_source,yes,yes,
MZA-01754,2011-04-12T22:07:51.300Z,2011,4,-32.359,-68.624,126.5,1.6,ML,ML,1.6545,Mendoza2022_Meq_to_Mw,Mendoza/YPF 2022,converted_regional,ISC,ISC,1,16648616,,inside_rectangle,single_source,yes,yes,
MZA-01755,2011-04-13T03:20:01.900Z,2011,4,-33.493,-68.323,10.5,1.8,ML,ML,1.8485,Mendoza2022_Meq_to_Mw,Mendoza/YPF 2022,converted_regional,ISC,ISC,1,16648662,,inside_rectangle,single_source,yes,yes,
MZA-01756,2011-04-13T09:11:00.100Z,2011,4,-32.641,-68.81,138.2,2.4,ML,ML,2.4305,Mendoza2022_Meq_to_Mw,Mendoza/YPF 2022,converted_regional,ISC,ISC,1,16648672,,inside_rectangle,single_source,yes,yes,
MZA-01757,2011-04-14T07:46:54.700Z,2011,4,-32.386,-69.019,114.1,2.4,ML,ML,2.4305,Mendoza2022_Meq_to_Mw,Mendoza/YPF 2022,converted_regional,ISC,ISC,1,16648725,,inside_rectangle,single_source,yes,yes,
MZA-01758,2011-04-14T08:41:36.100Z,2011,4,-32.385,-69.772,107.3,1.9,ML,ML,1.9455,Mendoza2022_Meq_to_Mw,Mendoza/YPF 2022,converted_regional,ISC,ISC,1,16648727,,inside_rectangle,single_source,yes,yes,
MZA-01759,2011-04-14T15:37:34.310Z,2011,4,-33.2915,-68.9496,10,3.3,ML,ML,3.3035,Mendoza2022_Meq_to_Mw,Mendoza/YPF 2022,converted_regional,ISC,ISC,1,16648732,,inside_rectangle,single_source,yes,yes,
MZA-01760,2011-04-16T03:12:34.100Z,2011,4,-32.375,-68.054,22.7,2.5,ML,ML,2.5275,Mendoza2022_Meq_to_Mw,Mendoza/YPF 2022,converted_regional,ISC,ISC,1,16648841,,inside_rectangle,single_source,yes,yes,
MZA-01761,2011-04-16T03:24:31.300Z,2011,4,-32.068,-69.239,25.4,1.5,ML,ML,1.5575,Mendoza2022_Meq_to_Mw,Mendoza/YPF 2022,converted_regional,ISC,ISC,1,16648842,,inside_rectangle,single_source,yes,yes,
MZA-01762,2011-04-16T23:42:40.000Z,2011,4,-32.448,-69.759,115.6,2.6,ML,ML,2.6245,Mendoza2022_Meq_to_Mw,Mendoza/YPF 2022,converted_regional,ISC,ISC,1,16648863,,inside_rectangle,single_source,yes,yes,
MZA-01763,2011-04-18T08:54:08.100Z,2011,4,-32.072,-68.611,107.3,1.8,ML,ML,1.8485,Mendoza2022_Meq_to_Mw,Mendoza/YPF 2022,converted_regional,ISC,ISC,1,16648959,,inside_rectangle,single_source,yes,yes,
MZA-01764,2011-04-18T10:13:19.100Z,2011,4,-32.158,-68.527,115.8,1.7,ML,ML,1.7515,Mendoza2022_Meq_to_Mw,Mendoza/YPF 2022,converted_regional,ISC,ISC,1,16648961,,inside_rectangle,single_source,yes,yes,
MZA-01765,2011-04-18T18:08:17.400Z,2011,4,-33.069,-68.177,9.8,2.9,ML,ML,2.9155,Mendoza2022_Meq_to_Mw,Mendoza/YPF 2022,converted_regional,ISC,ISC,1,16648966,,inside_rectangle,single_source,yes,yes,
MZA-01766,2011-04-18T21:38:13.299Z,2011,4,-32.26,-68.996,7.9,1.8,ML,ML,1.8485,Mendoza2022_Meq_to_Mw,Mendoza/YPF 2022,converted_regional,ISC,ISC,1,16648970,,inside_rectangle,single_source,yes,yes,
MZA-01767,2011-04-19T16:04:05.400Z,2011,4,-32.358,-67.681,127.9,2.5,ML,ML,2.5275,Mendoza2022_Meq_to_Mw,Mendoza/YPF 2022,converted_regional,ISC,ISC,1,16649009,,inside_rectangle,single_source,yes,yes,
MZA-01768,2011-04-19T22:17:14.200Z,2011,4,-32.412,-67.145,17.8,2.4,ML,ML,2.4305,Mendoza2022_Meq_to_Mw,Mendoza/YPF 2022,converted_regional,ISC,ISC,1,16649017,,inside_rectangle,single_source,yes,yes,
MZA-01769,2011-04-20T04:36:15.500Z,2011,4,-32.12,-69.687,103.8,2.1,ML,ML,2.1395,Mendoza2022_Meq_to_Mw,Mendoza/YPF 2022,converted_regional,ISC,ISC,1,16649043,,inside_rectangle,single_source,yes,yes,
MZA-01770,2011-04-20T07:23:07.000Z,2011,4,-32.063,-69.188,16.8,2.2,ML,ML,2.2365,Mendoza2022_Meq_to_Mw,Mendoza/YPF 2022,converted_regional,ISC,ISC,1,16649046,,inside_rectangle,single_source,yes,yes,
MZA-01771,2011-04-20T11:03:14.800Z,2011,4,-32.279,-68.951,10.1,2.7,ML,ML,2.7215,Mendoza2022_Meq_to_Mw,Mendoza/YPF 2022,converted_regional,ISC,ISC,1,16649051,,inside_rectangle,single_source,yes,yes,
MZA-01772,2011-04-20T23:37:57.000Z,2011,4,-33.153,-68.87,20.3,2.7,ML,ML,2.7215,Mendoza2022_Meq_to_Mw,Mendoza/YPF 2022,converted_regional,ISC,ISC,1,16649065,,inside_rectangle,single_source,yes,yes,
MZA-01773,2011-04-21T21:23:14.500Z,2011,4,-32.13,-68.596,109.5,1.7,ML,ML,1.7515,Mendoza2022_Meq_to_Mw,Mendoza/YPF 2022,converted_regional,ISC,ISC,1,16649115,,inside_rectangle,single_source,yes,yes,
MZA-01774,2011-04-22T14:05:00.700Z,2011,4,-32.129,-69.34,106.8,1.9,MD,MD,1.9455,Mendoza2022_Meq_to_Mw,Mendoza/YPF 2022,converted_regional,ISC,ISC,1,16649175,,inside_rectangle,single_source,yes,yes,
MZA-01775,2011-04-22T15:34:37.199Z,2011,4,-32.824,-68.961,26.9,2,ML,ML,2.0425,Mendoza2022_Meq_to_Mw,Mendoza/YPF 2022,converted_regional,ISC,ISC,1,16649179,,inside_rectangle,single_source,yes,yes,
MZA-01776,2011-04-22T23:10:19.200Z,2011,4,-32.224,-68.953,113,1.9,ML,ML,1.9455,Mendoza2022_Meq_to_Mw,Mendoza/YPF 2022,converted_regional,ISC,ISC,1,16649189,,inside_rectangle,single_source,yes,yes,
MZA-01777,2011-04-23T03:29:58.380Z,2011,4,-33.7082,-68.6144,0.3,3.4,ML,ML,3.4005,Mendoza2022_Meq_to_Mw,Mendoza/YPF 2022,converted_regional,ISC,ISC,1,16649248,,inside_rectangle,single_source,yes,yes,
MZA-01778,2011-04-23T08:24:03.700Z,2011,4,-32.472,-69.065,15.2,2.2,ML,ML,2.2365,Mendoza2022_Meq_to_Mw,Mendoza/YPF 2022,converted_regional,ISC,ISC,1,16649256,,inside_rectangle,single_source,yes,yes,
MZA-01779,2011-04-23T17:34:00.700Z,2011,4,-32.02,-68.451,108.9,2.6,ML,ML,2.6245,Mendoza2022_Meq_to_Mw,Mendoza/YPF 2022,converted_regional,ISC,ISC,1,16649267,,inside_rectangle,single_source,yes,yes,
MZA-01780,2011-04-24T03:41:50.200Z,2011,4,-32.056,-69.412,115.4,2.6,ML,ML,2.6245,Mendoza2022_Meq_to_Mw,Mendoza/YPF 2022,converted_regional,ISC,ISC,1,16649321,,inside_rectangle,single_source,yes,yes,
MZA-01781,2011-04-24T20:29:05.300Z,2011,4,-32.6213,-69.7515,115.9,2.9,ML,ML,2.9155,Mendoza2022_Meq_to_Mw,Mendoza/YPF 2022,converted_regional,ISC,ISC,1,16649337,,inside_rectangle,single_source,yes,yes,
MZA-01782,2011-04-25T15:53:22.699Z,2011,4,-32.974,-69.533,1.2,2.6,ML,ML,2.6245,Mendoza2022_Meq_to_Mw,Mendoza/YPF 2022,converted_regional,ISC,ISC,1,16649394,,inside_rectangle,single_source,yes,yes,
MZA-01783,2011-04-26T10:59:35.700Z,2011,4,-32.92,-69.544,3,2.7,ML,ML,2.7215,Mendoza2022_Meq_to_Mw,Mendoza/YPF 2022,converted_regional,ISC,ISC,1,16649436,,inside_rectangle,single_source,yes,yes,
MZA-01784,2011-04-26T12:39:04.900Z,2011,4,-33.709,-68.507,28.3,2.8,ML,ML,2.8185,Mendoza2022_Meq_to_Mw,Mendoza/YPF 2022,converted_regional,ISC,ISC,1,16649437,,inside_rectangle,single_source,yes,yes,
MZA-01785,2011-04-26T21:52:09.900Z,2011,4,-32.024,-68.242,10.1,2.8,ML,ML,2.8185,Mendoza2022_Meq_to_Mw,Mendoza/YPF 2022,converted_regional,ISC,ISC,1,16649442,,inside_rectangle,single_source,yes,yes,
MZA-01786,2011-04-26T22:12:35.400Z,2011,4,-33.374,-69.788,6.6,3.4,ML,ML,3.4005,Mendoza2022_Meq_to_Mw,Mendoza/YPF 2022,converted_regional,ISC,ISC,1,16649444,,inside_rectangle,single_source,yes,yes,
MZA-01787,2011-04-27T07:29:31.600Z,2011,4,-32.059,-69.123,6.2,2,MD,MD,2.0425,Mendoza2022_Meq_to_Mw,Mendoza/YPF 2022,converted_regional,ISC,ISC,1,16649484,,inside_rectangle,single_source,yes,yes,
MZA-01788,2011-04-27T16:59:23.299Z,2011,4,-32.604,-68.93,26.7,2.5,ML,ML,2.5275,Mendoza2022_Meq_to_Mw,Mendoza/YPF 2022,converted_regional,ISC,ISC,1,16649493,,inside_rectangle,single_source,yes,yes,
MZA-01789,2011-04-27T18:35:30.000Z,2011,4,-33.08,-68.289,31.4,3,ML,ML,3.0125,Mendoza2022_Meq_to_Mw,Mendoza/YPF 2022,converted_regional,ISC,ISC,1,16649494,,inside_rectangle,single_source,yes,yes,
MZA-01790,2011-04-29T06:11:08.999Z,2011,4,-32.312,-69.985,94,2.9,MD,MD,2.9155,Mendoza2022_Meq_to_Mw,Mendoza/YPF 2022,converted_regional,ISC,ISC,1,16649606,,inside_rectangle,single_source,yes,yes,
MZA-01791,2011-04-30T05:01:56.600Z,2011,4,-33.211,-69.775,129.2,1.7,ML,ML,1.7515,Mendoza2022_Meq_to_Mw,Mendoza/YPF 2022,converted_regional,ISC,ISC,1,16649694,,inside_rectangle,single_source,yes,yes,
MZA-01792,2011-04-30T08:11:25.900Z,2011,4,-32.37,-68.624,124.3,2,ML,ML,2.0425,Mendoza2022_Meq_to_Mw,Mendoza/YPF 2022,converted_regional,ISC,ISC,1,16649696,,inside_rectangle,single_source,yes,yes,
MZA-01793,2011-04-30T20:50:24.100Z,2011,4,-33.085,-67.363,12.4,2.3,ML,ML,2.3335,Mendoza2022_Meq_to_Mw,Mendoza/YPF 2022,converted_regional,ISC,ISC,1,16649713,,inside_rectangle,single_source,yes,yes,
MZA-01794,2011-05-01T02:48:35.500Z,2011,5,-32.227,-68.491,114.7,1.5,ML,ML,1.5575,Mendoza2022_Meq_to_Mw,Mendoza/YPF 2022,converted_regional,ISC,ISC,1,16988251,,inside_rectangle,single_source,yes,yes,
MZA-01795,2011-05-02T01:44:52.500Z,2011,5,-32.327,-68.701,111.1,1.3,ML,ML,1.3635,Mendoza2022_Meq_to_Mw,Mendoza/YPF 2022,converted_regional,ISC,ISC,1,16988280,,inside_rectangle,single_source,yes,yes,
MZA-01796,2011-05-02T07:40:33.400Z,2011,5,-32.186,-68.852,113.7,1.8,ML,ML,1.8485,Mendoza2022_Meq_to_Mw,Mendoza/YPF 2022,converted_regional,ISC,ISC,1,16988285,,inside_rectangle,single_source,yes,yes,
MZA-01797,2011-05-03T00:45:37.700Z,2011,5,-32.966,-68.986,24.2,1.4,ML,ML,1.4605,Mendoza2022_Meq_to_Mw,Mendoza/YPF 2022,converted_regional,ISC,ISC,1,16988303,,inside_rectangle,single_source,yes,yes,
MZA-01798,2011-05-03T01:37:33.400Z,2011,5,-32.669,-69.623,128.1,2.4,ML,ML,2.4305,Mendoza2022_Meq_to_Mw,Mendoza/YPF 2022,converted_regional,ISC,ISC,1,16988306,,inside_rectangle,single_source,yes,yes,
MZA-01799,2011-05-03T09:22:02.800Z,2011,5,-33.269,-68.875,10,2.7,ML,ML,2.7215,Mendoza2022_Meq_to_Mw,Mendoza/YPF 2022,converted_regional,ISC,ISC,1,16988317,,inside_rectangle,single_source,yes,yes,
MZA-01800,2011-05-03T13:48:35.080Z,2011,5,-32.6057,-68.9784,10.7,3.7,ML,ML,3.6915,Mendoza2022_Meq_to_Mw,Mendoza/YPF 2022,converted_regional,ISC,ISC,1,16988323,,inside_rectangle,single_source,yes,yes,
MZA-01801,2011-05-03T20:42:01.800Z,2011,5,-32.085,-68.688,101.2,1.9,ML,ML,1.9455,Mendoza2022_Meq_to_Mw,Mendoza/YPF 2022,converted_regional,ISC,ISC,1,16988327,,inside_rectangle,single_source,yes,yes,
MZA-01802,2011-05-04T05:33:24.300Z,2011,5,-32.278,-69.012,10.1,2.8,MD,MD,2.8185,Mendoza2022_Meq_to_Mw,Mendoza/YPF 2022,converted_regional,ISC,ISC,1,16988338,,inside_rectangle,single_source,yes,yes,
MZA-01803,2011-05-04T13:01:04.400Z,2011,5,-32.879,-69.465,10,3.3,ML,ML,3.3035,Mendoza2022_Meq_to_Mw,Mendoza/YPF 2022,converted_regional,ISC,ISC,1,16988345,,inside_rectangle,single_source,yes,yes,
MZA-01804,2011-05-04T15:11:47.020Z,2011,5,-33.0609,-69.3354,7.3,3.7,ML,ML,3.6915,Mendoza2022_Meq_to_Mw,Mendoza/YPF 2022,converted_regional,ISC,ISC,1,16708812,,inside_rectangle,single_source,yes,yes,
MZA-01805,2011-05-04T15:18:07.600Z,2011,5,-32.919,-69.391,33,2,ML,ML,2.0425,Mendoza2022_Meq_to_Mw,Mendoza/YPF 2022,converted_regional,ISC,ISC,1,16988347,,inside_rectangle,single_source,yes,yes,
MZA-01806,2011-05-04T17:21:55.600Z,2011,5,-32.697,-68.95,33.2,1.7,ML,ML,1.7515,Mendoza2022_Meq_to_Mw,Mendoza/YPF 2022,converted_regional,ISC,ISC,1,16988348,,inside_rectangle,single_source,yes,yes,
MZA-01807,2011-05-05T14:32:51.800Z,2011,5,-35.452,-69.888,210.4,2.4,ML,ML,2.4305,Mendoza2022_Meq_to_Mw,Mendoza/YPF 2022,converted_regional,ISC,ISC,1,16988373,,inside_rectangle,single_source,yes,yes,
MZA-01808,2011-05-06T08:51:40.200Z,2011,5,-32.714,-68.708,32.3,2.2,ML,ML,2.2365,Mendoza2022_Meq_to_Mw,Mendoza/YPF 2022,converted_regional,ISC,ISC,1,16988385,,inside_rectangle,single_source,yes,yes,
MZA-01809,2011-05-06T10:38:11.199Z,2011,5,-32.242,-69.445,106.8,2.1,ML,ML,2.1395,Mendoza2022_Meq_to_Mw,Mendoza/YPF 2022,converted_regional,ISC,ISC,1,16988387,,inside_rectangle,single_source,yes,yes,
MZA-01810,2011-05-06T11:59:37.900Z,2011,5,-32.902,-68.419,18,1.9,ML,ML,1.9455,Mendoza2022_Meq_to_Mw,Mendoza/YPF 2022,converted_regional,ISC,ISC,1,16988390,,inside_rectangle,single_source,yes,yes,
MZA-01811,2011-05-06T12:30:38.200Z,2011,5,-32.041,-67.926,9.6,2.6,ML,ML,2.6245,Mendoza2022_Meq_to_Mw,Mendoza/YPF 2022,converted_regional,ISC,ISC,1,16988392,,inside_rectangle,single_source,yes,yes,
MZA-01812,2011-05-06T15:47:32.600Z,2011,5,-32.187,-69.285,117.2,3.2,ML,ML,3.2065,Mendoza2022_Meq_to_Mw,Mendoza/YPF 2022,converted_regional,ISC,ISC,1,16988398,,inside_rectangle,single_source,yes,yes,
MZA-01813,2011-05-06T16:39:28.900Z,2011,5,-32.708,-69.18,116.6,3.1,MD,MD,3.1095,Mendoza2022_Meq_to_Mw,Mendoza/YPF 2022,converted_regional,ISC,ISC,1,16988401,,inside_rectangle,single_source,yes,yes,
MZA-01814,2011-05-06T20:17:54.100Z,2011,5,-32.766,-68.963,30.2,1.9,ML,ML,1.9455,Mendoza2022_Meq_to_Mw,Mendoza/YPF 2022,converted_regional,ISC,ISC,1,16988404,,inside_rectangle,single_source,yes,yes,
MZA-01815,2011-05-07T04:38:01.000Z,2011,5,-32.289,-69.706,109.2,2.2,ML,ML,2.2365,Mendoza2022_Meq_to_Mw,Mendoza/YPF 2022,converted_regional,ISC,ISC,1,16988415,,inside_rectangle,single_source,yes,yes,
MZA-01816,2011-05-07T20:00:50.700Z,2011,5,-32.444,-69.502,115.2,2.5,ML,ML,2.5275,Mendoza2022_Meq_to_Mw,Mendoza/YPF 2022,converted_regional,ISC,ISC,1,16988429,,inside_rectangle,single_source,yes,yes,
MZA-01817,2011-05-08T04:01:50.900Z,2011,5,-33.094,-68.908,20.5,2.5,ML,ML,2.5275,Mendoza2022_Meq_to_Mw,Mendoza/YPF 2022,converted_regional,ISC,ISC,1,16988436,,inside_rectangle,single_source,yes,yes,
MZA-01818,2011-05-08T07:19:58.900Z,2011,5,-32.881,-68.471,10.1,1.1,ML,ML,1.1695,Mendoza2022_Meq_to_Mw,Mendoza/YPF 2022,converted_regional,ISC,ISC,1,16988437,,inside_rectangle,single_source,yes,yes,
MZA-01819,2011-05-08T14:06:56.500Z,2011,5,-32.157,-68.378,115.1,3.4,ML,ML,3.4005,Mendoza2022_Meq_to_Mw,Mendoza/YPF 2022,converted_regional,ISC,ISC,1,16988444,,inside_rectangle,single_source,yes,yes,
MZA-01820,2011-05-09T01:13:21.300Z,2011,5,-32.415,-67.933,125.8,5,ML,ML,4.9525,Mendoza2022_Meq_to_Mw,Mendoza/YPF 2022,converted_regional,ISC,ISC,1,16988451,,inside_rectangle,single_source,yes,yes,
MZA-01821,2011-05-09T13:13:30.800Z,2011,5,-32.368,-68.475,39.3,2.5,MD,MD,2.5275,Mendoza2022_Meq_to_Mw,Mendoza/YPF 2022,converted_regional,ISC,ISC,1,16988461,,inside_rectangle,single_source,yes,yes,
MZA-01822,2011-05-09T18:26:16.500Z,2011,5,-33.062,-69.41,63.8,2.1,ML,ML,2.1395,Mendoza2022_Meq_to_Mw,Mendoza/YPF 2022,converted_regional,ISC,ISC,1,16988466,,inside_rectangle,single_source,yes,yes,
MZA-01823,2011-05-10T15:42:23.999Z,2011,5,-32.803,-69.875,113.1,2.4,ML,ML,2.4305,Mendoza2022_Meq_to_Mw,Mendoza/YPF 2022,converted_regional,ISC,ISC,1,16988488,,inside_rectangle,single_source,yes,yes,
MZA-01824,2011-05-11T01:25:04.400Z,2011,5,-33.396,-68.763,32.5,2.8,ML,ML,2.8185,Mendoza2022_Meq_to_Mw,Mendoza/YPF 2022,converted_regional,ISC,ISC,1,16988499,,inside_rectangle,single_source,yes,yes,
MZA-01825,2011-05-11T11:07:22.599Z,2011,5,-32.386,-67.666,23.8,2.1,ML,ML,2.1395,Mendoza2022_Meq_to_Mw,Mendoza/YPF 2022,converted_regional,ISC,ISC,1,16988507,,inside_rectangle,single_source,yes,yes,
MZA-01826,2011-05-11T13:43:44.000Z,2011,5,-32.209,-69.475,108,2.9,ML,ML,2.9155,Mendoza2022_Meq_to_Mw,Mendoza/YPF 2022,converted_regional,ISC,ISC,1,16988509,,inside_rectangle,single_source,yes,yes,
MZA-01827,2011-05-11T18:00:48.600Z,2011,5,-32.856,-68.691,33.4,2,ML,ML,2.0425,Mendoza2022_Meq_to_Mw,Mendoza/YPF 2022,converted_regional,ISC,ISC,1,16988519,,inside_rectangle,single_source,yes,yes,
MZA-01828,2011-05-12T00:34:18.700Z,2011,5,-33.612,-68.17,23.2,2.2,ML,ML,2.2365,Mendoza2022_Meq_to_Mw,Mendoza/YPF 2022,converted_regional,ISC,ISC,1,16988525,,inside_rectangle,single_source,yes,yes,
MZA-01829,2011-05-12T17:59:21.700Z,2011,5,-33.199,-68.001,20.3,2.5,ML,ML,2.5275,Mendoza2022_Meq_to_Mw,Mendoza/YPF 2022,converted_regional,ISC,ISC,1,16988545,,inside_rectangle,single_source,yes,yes,
MZA-01830,2011-05-13T06:58:19.900Z,2011,5,-32.216,-67.27,16.3,2.1,ML,ML,2.1395,Mendoza2022_Meq_to_Mw,Mendoza/YPF 2022,converted_regional,ISC,ISC,1,16988552,,inside_rectangle,single_source,yes,yes,
MZA-01831,2011-05-13T17:49:52.300Z,2011,5,-32.468,-69.28,7.3,1.6,ML,ML,1.6545,Mendoza2022_Meq_to_Mw,Mendoza/YPF 2022,converted_regional,ISC,ISC,1,16988560,,inside_rectangle,single_source,yes,yes,
MZA-01832,2011-05-13T18:16:10.500Z,2011,5,-33.618,-68.472,31,2.3,ML,ML,2.3335,Mendoza2022_Meq_to_Mw,Mendoza/YPF 2022,converted_regional,ISC,ISC,1,16988561,,inside_rectangle,single_source,yes,yes,
MZA-01833,2011-05-14T04:12:57.900Z,2011,5,-32.451,-68.843,100.2,2.1,ML,ML,2.1395,Mendoza2022_Meq_to_Mw,Mendoza/YPF 2022,converted_regional,ISC,ISC,1,16988579,,inside_rectangle,single_source,yes,yes,
MZA-01834,2011-05-15T01:28:08.600Z,2011,5,-32.105,-69.507,112.4,2,ML,ML,2.0425,Mendoza2022_Meq_to_Mw,Mendoza/YPF 2022,converted_regional,ISC,ISC,1,16988587,,inside_rectangle,single_source,yes,yes,
MZA-01835,2011-05-15T02:51:20.500Z,2011,5,-32.141,-68.664,113.6,1.7,ML,ML,1.7515,Mendoza2022_Meq_to_Mw,Mendoza/YPF 2022,converted_regional,ISC,ISC,1,16988591,,inside_rectangle,single_source,yes,yes,
MZA-01836,2011-05-15T04:11:43.200Z,2011,5,-32.592,-69.807,116.8,2.3,ML,ML,2.3335,Mendoza2022_Meq_to_Mw,Mendoza/YPF 2022,converted_regional,ISC,ISC,1,16988593,,inside_rectangle,single_source,yes,yes,
MZA-01837,2011-05-15T20:01:51.800Z,2011,5,-32.04,-68.534,119.1,2.1,ML,ML,2.1395,Mendoza2022_Meq_to_Mw,Mendoza/YPF 2022,converted_regional,ISC,ISC,1,16988609,,inside_rectangle,single_source,yes,yes,
MZA-01838,2011-05-16T01:36:02.700Z,2011,5,-32.187,-69.762,107.3,1.4,ML,ML,1.4605,Mendoza2022_Meq_to_Mw,Mendoza/YPF 2022,converted_regional,ISC,ISC,1,16988615,,inside_rectangle,single_source,yes,yes,
MZA-01839,2011-05-17T03:04:24.200Z,2011,5,-32.234,-68.577,125.4,2.9,ML,ML,2.9155,Mendoza2022_Meq_to_Mw,Mendoza/YPF 2022,converted_regional,ISC,ISC,1,16988642,,inside_rectangle,single_source,yes,yes,
MZA-01840,2011-05-17T18:24:29.800Z,2011,5,-33.217,-67.953,7.8,2.1,ML,ML,2.1395,Mendoza2022_Meq_to_Mw,Mendoza/YPF 2022,converted_regional,ISC,ISC,1,16988652,,inside_rectangle,single_source,yes,yes,
MZA-01841,2011-05-17T23:38:09.700Z,2011,5,-33.071,-69.596,9.2,1.7,ML,ML,1.7515,Mendoza2022_Meq_to_Mw,Mendoza/YPF 2022,converted_regional,ISC,ISC,1,16988656,,inside_rectangle,single_source,yes,yes,
MZA-01842,2011-05-18T12:06:53.100Z,2011,5,-33.339,-69.5,13.9,2.4,MD,MD,2.4305,Mendoza2022_Meq_to_Mw,Mendoza/YPF 2022,converted_regional,ISC,ISC,1,16988665,,inside_rectangle,single_source,yes,yes,
MZA-01843,2011-05-19T02:51:51.000Z,2011,5,-33.435,-68.594,33,2.4,ML,ML,2.4305,Mendoza2022_Meq_to_Mw,Mendoza/YPF 2022,converted_regional,ISC,ISC,1,16988672,,inside_rectangle,single_source,yes,yes,
MZA-01844,2011-05-19T02:56:47.300Z,2011,5,-33.317,-68.574,34.2,2.6,ML,ML,2.6245,Mendoza2022_Meq_to_Mw,Mendoza/YPF 2022,converted_regional,ISC,ISC,1,16988673,,inside_rectangle,single_source,yes,yes,
MZA-01845,2011-05-19T04:16:45.300Z,2011,5,-32.891,-69.072,16.3,0.9,ML,ML,0.9755,Mendoza2022_Meq_to_Mw,Mendoza/YPF 2022,converted_regional,ISC,ISC,1,16988676,,inside_rectangle,single_source,yes,yes,
MZA-01846,2011-05-19T05:50:14.900Z,2011,5,-32.206,-67.56,133.9,2.2,ML,ML,2.2365,Mendoza2022_Meq_to_Mw,Mendoza/YPF 2022,converted_regional,ISC,ISC,1,16988680,,inside_rectangle,single_source,yes,yes,
MZA-01847,2011-05-19T16:52:08.700Z,2011,5,-32.379,-67.579,143.8,3,ML,ML,3.0125,Mendoza2022_Meq_to_Mw,Mendoza/YPF 2022,converted_regional,ISC,ISC,1,16988693,,inside_rectangle,single_source,yes,yes,
MZA-01848,2011-05-20T13:07:49.300Z,2011,5,-32.761,-68.894,19.5,2.6,MD,MD,2.6245,Mendoza2022_Meq_to_Mw,Mendoza/YPF 2022,converted_regional,ISC,ISC,1,16988707,,inside_rectangle,single_source,yes,yes,
MZA-01849,2011-05-20T20:11:32.000Z,2011,5,-33.1,-68.15,155,2.4,ML,ML,2.4305,Mendoza2022_Meq_to_Mw,Mendoza/YPF 2022,converted_regional,ISC,ISC,1,16988714,,inside_rectangle,single_source,yes,yes,
MZA-01850,2011-05-21T02:05:27.800Z,2011,5,-32.556,-68.691,130.4,2.7,MD,MD,2.7215,Mendoza2022_Meq_to_Mw,Mendoza/YPF 2022,converted_regional,ISC,ISC,1,16988829,,inside_rectangle,single_source,yes,yes,
MZA-01851,2011-05-21T08:36:48.900Z,2011,5,-32.129,-68.473,120.5,3.3,ML,ML,3.3035,Mendoza2022_Meq_to_Mw,Mendoza/YPF 2022,converted_regional,ISC,ISC,1,16988831,,inside_rectangle,single_source,yes,yes,
MZA-01852,2011-05-21T10:14:01.900Z,2011,5,-32.471,-67.885,20.9,1,ML,ML,1.0725,Mendoza2022_Meq_to_Mw,Mendoza/YPF 2022,converted_regional,ISC,ISC,1,16988834,,inside_rectangle,single_source,yes,yes,
MZA-01853,2011-05-22T17:14:25.500Z,2011,5,-34.091,-68.98,10,2.7,ML,ML,2.7215,Mendoza2022_Meq_to_Mw,Mendoza/YPF 2022,converted_regional,ISC,ISC,1,16988875,,inside_rectangle,single_source,yes,yes,
MZA-01854,2011-05-23T11:20:00.500Z,2011,5,-32.224,-68.918,67.9,3.2,ML,ML,3.2065,Mendoza2022_Meq_to_Mw,Mendoza/YPF 2022,converted_regional,ISC,ISC,1,16988923,,inside_rectangle,single_source,yes,yes,
MZA-01855,2011-05-23T13:21:43.200Z,2011,5,-32.132,-69.895,124.2,3.9,ML,ML,3.8855,Mendoza2022_Meq_to_Mw,Mendoza/YPF 2022,converted_regional,ISC,ISC,1,16988924,,inside_rectangle,single_source,yes,yes,
MZA-01856,2011-05-24T02:46:57.300Z,2011,5,-35.731,-68.035,40.3,3.4,ML,ML,3.4005,Mendoza2022_Meq_to_Mw,Mendoza/YPF 2022,converted_regional,ISC,ISC,1,16988935,,inside_rectangle,single_source,yes,yes,
MZA-01857,2011-05-24T06:25:18.200Z,2011,5,-32.196,-68.429,91,2.5,MD,MD,2.5275,Mendoza2022_Meq_to_Mw,Mendoza/YPF 2022,converted_regional,ISC,ISC,1,16988940,,inside_rectangle,single_source,yes,yes,
MZA-01858,2011-05-25T08:30:49.400Z,2011,5,-33.004,-69.4671,4.3,1.9,ML,ML,1.9455,Mendoza2022_Meq_to_Mw,Mendoza/YPF 2022,converted_regional,ISC,ISC,1,16988960,,inside_rectangle,single_source,yes,yes,
MZA-01859,2011-05-26T10:51:24.300Z,2011,5,-32.398,-68.433,32.6,2,ML,ML,2.0425,Mendoza2022_Meq_to_Mw,Mendoza/YPF 2022,converted_regional,ISC,ISC,1,16988985,,inside_rectangle,single_source,yes,yes,
MZA-01860,2011-05-26T11:28:19.900Z,2011,5,-32.128,-68.343,32.6,1.8,ML,ML,1.8485,Mendoza2022_Meq_to_Mw,Mendoza/YPF 2022,converted_regional,ISC,ISC,1,16988986,,inside_rectangle,single_source,yes,yes,
MZA-01861,2011-05-27T07:33:06.499Z,2011,5,-32.279,-67.968,130.6,2,ML,ML,2.0425,Mendoza2022_Meq_to_Mw,Mendoza/YPF 2022,converted_regional,ISC,ISC,1,16989007,,inside_rectangle,single_source,yes,yes,
MZA-01862,2011-05-27T07:52:36.200Z,2011,5,-32.961,-69.052,13.2,1.7,ML,ML,1.7515,Mendoza2022_Meq_to_Mw,Mendoza/YPF 2022,converted_regional,ISC,ISC,1,16989009,,inside_rectangle,single_source,yes,yes,
MZA-01863,2011-05-27T13:35:44.700Z,2011,5,-32.75,-68.789,9.7,2.3,ML,ML,2.3335,Mendoza2022_Meq_to_Mw,Mendoza/YPF 2022,converted_regional,ISC,ISC,1,16989016,,inside_rectangle,single_source,yes,yes,
MZA-01864,2011-05-28T00:00:19.000Z,2011,5,-32.169,-67.618,26.2,1.9,ML,ML,1.9455,Mendoza2022_Meq_to_Mw,Mendoza/YPF 2022,converted_regional,ISC,ISC,1,16989026,,inside_rectangle,single_source,yes,yes,
MZA-01865,2011-05-28T08:44:52.400Z,2011,5,-32.141,-68.52,112.2,2.7,MD,MD,2.7215,Mendoza2022_Meq_to_Mw,Mendoza/YPF 2022,converted_regional,ISC,ISC,1,16989031,,inside_rectangle,single_source,yes,yes,
MZA-01866,2011-05-28T13:43:26.400Z,2011,5,-34.084,-69.086,75.1,2.7,ML,ML,2.7215,Mendoza2022_Meq_to_Mw,Mendoza/YPF 2022,converted_regional,ISC,ISC,1,16989033,,inside_rectangle,single_source,yes,yes,
MZA-01867,2011-05-28T18:50:06.300Z,2011,5,-32.021,-69.607,103.1,2.5,MD,MD,2.5275,Mendoza2022_Meq_to_Mw,Mendoza/YPF 2022,converted_regional,ISC,ISC,1,16989038,,inside_rectangle,single_source,yes,yes,
MZA-01868,2011-05-29T18:53:02.800Z,2011,5,-33.186,-68.025,5,2.2,ML,ML,2.2365,Mendoza2022_Meq_to_Mw,Mendoza/YPF 2022,converted_regional,ISC,ISC,1,16989061,,inside_rectangle,single_source,yes,yes,
MZA-01869,2011-05-29T20:29:05.700Z,2011,5,-32.941,-67.705,170,3.4,ML,ML,3.4005,Mendoza2022_Meq_to_Mw,Mendoza/YPF 2022,converted_regional,ISC,ISC,1,16989063,,inside_rectangle,single_source,yes,yes,
MZA-01870,2011-05-30T02:44:47.100Z,2011,5,-33.039,-68.363,11.7,2,ML,ML,2.0425,Mendoza2022_Meq_to_Mw,Mendoza/YPF 2022,converted_regional,ISC,ISC,1,16989070,,inside_rectangle,single_source,yes,yes,
MZA-01871,2011-05-30T20:26:26.600Z,2011,5,-32.118,-68.628,117.6,2.3,ML,ML,2.3335,Mendoza2022_Meq_to_Mw,Mendoza/YPF 2022,converted_regional,ISC,ISC,1,16989093,,inside_rectangle,single_source,yes,yes,
MZA-01872,2011-05-31T03:48:11.600Z,2011,5,-33.445,-69.7,110.3,1.7,ML,ML,1.7515,Mendoza2022_Meq_to_Mw,Mendoza/YPF 2022,converted_regional,ISC,ISC,1,16989100,,inside_rectangle,single_source,yes,yes,
MZA-01873,2011-06-01T12:06:05.500Z,2011,6,-32.896,-68.473,4.9,3.3,ML,ML,3.3035,Mendoza2022_Meq_to_Mw,Mendoza/YPF 2022,converted_regional,ISC,ISC,1,16989134,,inside_rectangle,single_source,yes,yes,
MZA-01874,2011-06-02T02:00:50.200Z,2011,6,-32.363,-69.715,104.2,2.5,ML,ML,2.5275,Mendoza2022_Meq_to_Mw,Mendoza/YPF 2022,converted_regional,ISC,ISC,1,16989148,,inside_rectangle,single_source,yes,yes,
MZA-01875,2011-06-02T11:23:39.100Z,2011,6,-32.1,-69.51,111.8,2,MD,MD,2.0425,Mendoza2022_Meq_to_Mw,Mendoza/YPF 2022,converted_regional,ISC,ISC,1,16989157,,inside_rectangle,single_source,yes,yes,
MZA-01876,2011-06-02T16:42:07.070Z,2011,6,-33.373,-67.906,184.8,3.4,mb,mb,3.6486,Mendoza2022_mb_to_Mw,Mendoza/YPF 2022,converted_regional,ISC,ISC,1,16856121,,inside_rectangle,single_source,yes,yes,
MZA-01877,2011-06-03T08:50:17.100Z,2011,6,-32.89,-68.343,3.1,2.1,ML,ML,2.1395,Mendoza2022_Meq_to_Mw,Mendoza/YPF 2022,converted_regional,ISC,ISC,1,16989176,,inside_rectangle,single_source,yes,yes,
MZA-01878,2011-06-04T07:57:51.500Z,2011,6,-33.155,-69.652,5,1.6,ML,ML,1.6545,Mendoza2022_Meq_to_Mw,Mendoza/YPF 2022,converted_regional,ISC,ISC,1,16989197,,inside_rectangle,single_source,yes,yes,
MZA-01879,2011-06-05T03:09:26.400Z,2011,6,-32.157,-69.894,97.3,2.2,ML,ML,2.2365,Mendoza2022_Meq_to_Mw,Mendoza/YPF 2022,converted_regional,ISC,ISC,1,16989211,,inside_rectangle,single_source,yes,yes,
MZA-01880,2011-06-05T03:14:55.799Z,2011,6,-34.123,-69.512,2.4,2.8,MD,MD,2.8185,Mendoza2022_Meq_to_Mw,Mendoza/YPF 2022,converted_regional,ISC,ISC,1,16989212,,inside_rectangle,single_source,yes,yes,
MZA-01881,2011-06-05T14:16:23.900Z,2011,6,-32.209,-69.809,109.4,2.7,MD,MD,2.7215,Mendoza2022_Meq_to_Mw,Mendoza/YPF 2022,converted_regional,ISC,ISC,1,16989221,,inside_rectangle,single_source,yes,yes,
MZA-01882,2011-06-05T17:38:20.710Z,2011,6,-32.1611,-69.3416,127.3,3.4,ML,ML,3.4005,Mendoza2022_Meq_to_Mw,Mendoza/YPF 2022,converted_regional,ISC,ISC,1,16989226,,inside_rectangle,single_source,yes,yes,
MZA-01883,2011-06-05T22:25:42.100Z,2011,6,-32.717,-68.617,145,2.7,MD,MD,2.7215,Mendoza2022_Meq_to_Mw,Mendoza/YPF 2022,converted_regional,ISC,ISC,1,16989228,,inside_rectangle,single_source,yes,yes,
MZA-01884,2011-06-06T14:23:40.200Z,2011,6,-32.56,-67.846,11.2,2.3,ML,ML,2.3335,Mendoza2022_Meq_to_Mw,Mendoza/YPF 2022,converted_regional,ISC,ISC,1,16989238,,inside_rectangle,single_source,yes,yes,
MZA-01885,2011-06-06T15:04:57.600Z,2011,6,-32.554,-67.93,30.6,2.4,ML,ML,2.4305,Mendoza2022_Meq_to_Mw,Mendoza/YPF 2022,converted_regional,ISC,ISC,1,16989240,,inside_rectangle,single_source,yes,yes,
MZA-01886,2011-06-06T16:38:23.300Z,2011,6,-32.652,-69.999,116.6,2.2,ML,ML,2.2365,Mendoza2022_Meq_to_Mw,Mendoza/YPF 2022,converted_regional,ISC,ISC,1,16989241,,inside_rectangle,single_source,yes,yes,
MZA-01887,2011-06-06T20:51:18.800Z,2011,6,-33.273,-69.668,23.6,2.3,ML,ML,2.3335,Mendoza2022_Meq_to_Mw,Mendoza/YPF 2022,converted_regional,ISC,ISC,1,16989245,,inside_rectangle,single_source,yes,yes,
MZA-01888,2011-06-06T20:57:51.100Z,2011,6,-32.922,-68.417,4.7,2.2,ML,ML,2.2365,Mendoza2022_Meq_to_Mw,Mendoza/YPF 2022,converted_regional,ISC,ISC,1,16989246,,inside_rectangle,single_source,yes,yes,
MZA-01889,2011-06-07T03:46:19.870Z,2011,6,-33.0352,-69.4164,35,3.9,mb,mb,3.9256,Mendoza2022_mb_to_Mw,Mendoza/YPF 2022,converted_regional,ISC,ISC,1,16856543,,inside_rectangle,single_source,yes,yes,
MZA-01890,2011-06-07T03:57:20.400Z,2011,6,-32.869,-69.384,18.5,1.9,ML,ML,1.9455,Mendoza2022_Meq_to_Mw,Mendoza/YPF 2022,converted_regional,ISC,ISC,1,16989254,,inside_rectangle,single_source,yes,yes,
MZA-01891,2011-06-07T12:42:00.700Z,2011,6,-32.862,-69.315,10.4,2.2,ML,ML,2.2365,Mendoza2022_Meq_to_Mw,Mendoza/YPF 2022,converted_regional,ISC,ISC,1,16989261,,inside_rectangle,single_source,yes,yes,
MZA-01892,2011-06-07T21:21:59.700Z,2011,6,-32.428,-69.857,122.1,2.5,ML,ML,2.5275,Mendoza2022_Meq_to_Mw,Mendoza/YPF 2022,converted_regional,ISC,ISC,1,16989266,,inside_rectangle,single_source,yes,yes,
MZA-01893,2011-06-08T10:02:23.800Z,2011,6,-33.32,-68.881,34.9,2.5,ML,ML,2.5275,Mendoza2022_Meq_to_Mw,Mendoza/YPF 2022,converted_regional,ISC,ISC,1,16989272,,inside_rectangle,single_source,yes,yes,
MZA-01894,2011-06-08T10:53:20.300Z,2011,6,-32.369,-69.93,105.1,2.3,ML,ML,2.3335,Mendoza2022_Meq_to_Mw,Mendoza/YPF 2022,converted_regional,ISC,ISC,1,16989273,,inside_rectangle,single_source,yes,yes,
MZA-01895,2011-06-08T23:53:19.099Z,2011,6,-32.212,-68.849,200.1,2.3,ML,ML,2.3335,Mendoza2022_Meq_to_Mw,Mendoza/YPF 2022,converted_regional,ISC,ISC,1,16989285,,inside_rectangle,single_source,yes,yes,
MZA-01896,2011-06-10T06:52:08.800Z,2011,6,-32.788,-68.953,40.5,2.3,ML,ML,2.3335,Mendoza2022_Meq_to_Mw,Mendoza/YPF 2022,converted_regional,ISC,ISC,1,16989306,,inside_rectangle,single_source,yes,yes,
MZA-01897,2011-06-10T09:50:34.000Z,2011,6,-33.874,-68.616,28.5,2.6,ML,ML,2.6245,Mendoza2022_Meq_to_Mw,Mendoza/YPF 2022,converted_regional,ISC,ISC,1,16989310,,inside_rectangle,single_source,yes,yes,
MZA-01898,2011-06-10T11:53:22.259Z,2011,6,-32.2196,-69.7358,118.9,3,ML,ML,3.0125,Mendoza2022_Meq_to_Mw,Mendoza/YPF 2022,converted_regional,ISC,ISC,1,16989313,,inside_rectangle,single_source,yes,yes,
MZA-01899,2011-06-11T16:57:39.000Z,2011,6,-32.666,-68.987,128.8,2,ML,ML,2.0425,Mendoza2022_Meq_to_Mw,Mendoza/YPF 2022,converted_regional,ISC,ISC,1,16989329,,inside_rectangle,single_source,yes,yes,
MZA-01900,2011-06-11T23:22:50.600Z,2011,6,-32.437,-69.817,104.5,2.7,ML,ML,2.7215,Mendoza2022_Meq_to_Mw,Mendoza/YPF 2022,converted_regional,ISC,ISC,1,16989333,,inside_rectangle,single_source,yes,yes,
MZA-01901,2011-06-12T03:34:24.500Z,2011,6,-32.914,-69.394,5.1,1.7,ML,ML,1.7515,Mendoza2022_Meq_to_Mw,Mendoza/YPF 2022,converted_regional,ISC,ISC,1,16989337,,inside_rectangle,single_source,yes,yes,
MZA-01902,2011-06-12T11:22:23.900Z,2011,6,-32.01,-67.223,134.1,2.6,ML,ML,2.6245,Mendoza2022_Meq_to_Mw,Mendoza/YPF 2022,converted_regional,ISC,ISC,1,16989344,,inside_rectangle,single_source,yes,yes,
MZA-01903,2011-06-12T11:59:48.900Z,2011,6,-32.192,-68.424,114.6,2.1,ML,ML,2.1395,Mendoza2022_Meq_to_Mw,Mendoza/YPF 2022,converted_regional,ISC,ISC,1,16989345,,inside_rectangle,single_source,yes,yes,
MZA-01904,2011-06-13T03:38:00.100Z,2011,6,-33.034,-69.569,13.4,1.5,ML,ML,1.5575,Mendoza2022_Meq_to_Mw,Mendoza/YPF 2022,converted_regional,ISC,ISC,1,16989353,,inside_rectangle,single_source,yes,yes,
MZA-01905,2011-06-13T08:51:58.900Z,2011,6,-32.338,-69.911,100,1.7,ML,ML,1.7515,Mendoza2022_Meq_to_Mw,Mendoza/YPF 2022,converted_regional,ISC,ISC,1,16989355,,inside_rectangle,single_source,yes,yes,
MZA-01906,2011-06-13T11:45:56.600Z,2011,6,-32.649,-68.92,133.7,1.9,ML,ML,1.9455,Mendoza2022_Meq_to_Mw,Mendoza/YPF 2022,converted_regional,ISC,ISC,1,16989357,,inside_rectangle,single_source,yes,yes,
MZA-01907,2011-06-13T16:57:30.500Z,2011,6,-33.038,-69.571,10.3,2.1,ML,ML,2.1395,Mendoza2022_Meq_to_Mw,Mendoza/YPF 2022,converted_regional,ISC,ISC,1,16989361,,inside_rectangle,single_source,yes,yes,
MZA-01908,2011-06-14T13:13:10.600Z,2011,6,-32.936,-69.273,10.4,2.5,MD,MD,2.5275,Mendoza2022_Meq_to_Mw,Mendoza/YPF 2022,converted_regional,ISC,ISC,1,16989374,,inside_rectangle,single_source,yes,yes,
MZA-01909,2011-06-15T07:43:20.899Z,2011,6,-32.932,-69.101,19.9,2.1,ML,ML,2.1395,Mendoza2022_Meq_to_Mw,Mendoza/YPF 2022,converted_regional,ISC,ISC,1,16989395,,inside_rectangle,single_source,yes,yes,
MZA-01910,2011-06-15T08:26:17.700Z,2011,6,-32.665,-68.115,5,1.4,ML,ML,1.4605,Mendoza2022_Meq_to_Mw,Mendoza/YPF 2022,converted_regional,ISC,ISC,1,16989397,,inside_rectangle,single_source,yes,yes,
MZA-01911,2011-06-15T10:44:11.000Z,2011,6,-33.548,-68,223.9,3.1,ML,ML,3.1095,Mendoza2022_Meq_to_Mw,Mendoza/YPF 2022,converted_regional,ISC,ISC,1,16989402,,inside_rectangle,single_source,yes,yes,
MZA-01912,2011-06-15T20:31:48.000Z,2011,6,-32.586,-69.385,130.6,2.5,ML,ML,2.5275,Mendoza2022_Meq_to_Mw,Mendoza/YPF 2022,converted_regional,ISC,ISC,1,16989408,,inside_rectangle,single_source,yes,yes,
MZA-01913,2011-06-16T16:48:29.900Z,2011,6,-32.053,-69.522,110.9,2.5,MD,MD,2.5275,Mendoza2022_Meq_to_Mw,Mendoza/YPF 2022,converted_regional,ISC,ISC,1,16989418,,inside_rectangle,single_source,yes,yes,
MZA-01914,2011-06-17T11:13:19.200Z,2011,6,-33.108,-68.047,8.2,1.9,ML,ML,1.9455,Mendoza2022_Meq_to_Mw,Mendoza/YPF 2022,converted_regional,ISC,ISC,1,16989437,,inside_rectangle,single_source,yes,yes,
MZA-01915,2011-06-18T10:40:41.900Z,2011,6,-32.121,-68.802,18.8,1.9,ML,ML,1.9455,Mendoza2022_Meq_to_Mw,Mendoza/YPF 2022,converted_regional,ISC,ISC,1,16989448,,inside_rectangle,single_source,yes,yes,
MZA-01916,2011-06-18T11:08:58.000Z,2011,6,-32.131,-68.738,15.7,1.9,ML,ML,1.9455,Mendoza2022_Meq_to_Mw,Mendoza/YPF 2022,converted_regional,ISC,ISC,1,16989449,,inside_rectangle,single_source,yes,yes,
MZA-01917,2011-06-18T14:36:06.500Z,2011,6,-32.642,-69.431,1.8,1.5,ML,ML,1.5575,Mendoza2022_Meq_to_Mw,Mendoza/YPF 2022,converted_regional,ISC,ISC,1,16989453,,inside_rectangle,single_source,yes,yes,
MZA-01918,2011-06-19T08:06:02.800Z,2011,6,-32.012,-67.405,127.5,2,ML,ML,2.0425,Mendoza2022_Meq_to_Mw,Mendoza/YPF 2022,converted_regional,ISC,ISC,1,16989467,,inside_rectangle,single_source,yes,yes,
MZA-01919,2011-06-20T00:13:30.700Z,2011,6,-32.176,-69.338,117.8,2.7,ML,ML,2.7215,Mendoza2022_Meq_to_Mw,Mendoza/YPF 2022,converted_regional,ISC,ISC,1,16989482,,inside_rectangle,single_source,yes,yes,
MZA-01920,2011-06-20T11:30:58.000Z,2011,6,-32.272,-69.917,120.1,1.7,ML,ML,1.7515,Mendoza2022_Meq_to_Mw,Mendoza/YPF 2022,converted_regional,ISC,ISC,1,16989492,,inside_rectangle,single_source,yes,yes,
MZA-01921,2011-06-20T11:56:00.800Z,2011,6,-32.162,-67.463,17.9,2.1,ML,ML,2.1395,Mendoza2022_Meq_to_Mw,Mendoza/YPF 2022,converted_regional,ISC,ISC,1,16989493,,inside_rectangle,single_source,yes,yes,
MZA-01922,2011-06-21T10:44:32.500Z,2011,6,-33.154,-68.986,28.5,2,MD,MD,2.0425,Mendoza2022_Meq_to_Mw,Mendoza/YPF 2022,converted_regional,ISC,ISC,1,16989501,,inside_rectangle,single_source,yes,yes,
MZA-01923,2011-06-21T12:16:00.500Z,2011,6,-32.6808,-69.8114,123.8,3.6,ML,ML,3.5945,Mendoza2022_Meq_to_Mw,Mendoza/YPF 2022,converted_regional,ISC,ISC,1,16989503,,inside_rectangle,single_source,yes,yes,
MZA-01924,2011-06-21T12:44:16.300Z,2011,6,-32.029,-68.287,118.1,2.4,ML,ML,2.4305,Mendoza2022_Meq_to_Mw,Mendoza/YPF 2022,converted_regional,ISC,ISC,1,16989504,,inside_rectangle,single_source,yes,yes,
MZA-01925,2011-06-21T16:06:44.850Z,2011,6,-32.7351,-69.6544,122.9,3,ML,ML,3.0125,Mendoza2022_Meq_to_Mw,Mendoza/YPF 2022,converted_regional,ISC,ISC,1,16989506,,inside_rectangle,single_source,yes,yes,
MZA-01926,2011-06-22T08:17:42.300Z,2011,6,-32.17,-69.929,122.8,3.1,MD,MD,3.1095,Mendoza2022_Meq_to_Mw,Mendoza/YPF 2022,converted_regional,ISC,ISC,1,16989516,,inside_rectangle,single_source,yes,yes,
MZA-01927,2011-06-22T12:47:25.700Z,2011,6,-32.916,-69.422,4.3,3,ML,ML,3.0125,Mendoza2022_Meq_to_Mw,Mendoza/YPF 2022,converted_regional,ISC,ISC,1,16989520,,inside_rectangle,single_source,yes,yes,
MZA-01928,2011-06-22T13:17:15.100Z,2011,6,-32.881,-69.383,3.9,1.8,ML,ML,1.8485,Mendoza2022_Meq_to_Mw,Mendoza/YPF 2022,converted_regional,ISC,ISC,1,16989521,,inside_rectangle,single_source,yes,yes,
MZA-01929,2011-06-22T17:38:14.100Z,2011,6,-32.333,-69.603,122.5,2.2,ML,ML,2.2365,Mendoza2022_Meq_to_Mw,Mendoza/YPF 2022,converted_regional,ISC,ISC,1,16989525,,inside_rectangle,single_source,yes,yes,
MZA-01930,2011-06-23T07:31:02.000Z,2011,6,-32.553,-67.805,22.2,2.2,ML,ML,2.2365,Mendoza2022_Meq_to_Mw,Mendoza/YPF 2022,converted_regional,ISC,ISC,1,16989533,,inside_rectangle,single_source,yes,yes,
MZA-01931,2011-06-24T11:18:27.329Z,2011,6,-32.0854,-69.9829,102.5,3.2,ML,ML,3.2065,Mendoza2022_Meq_to_Mw,Mendoza/YPF 2022,converted_regional,ISC,ISC,1,16989547,,inside_rectangle,single_source,yes,yes,
MZA-01932,2011-06-24T13:25:19.900Z,2011,6,-33.075,-69.044,18.8,2.9,MD,MD,2.9155,Mendoza2022_Meq_to_Mw,Mendoza/YPF 2022,converted_regional,ISC,ISC,1,16989549,,inside_rectangle,single_source,yes,yes,
MZA-01933,2011-06-25T03:28:30.600Z,2011,6,-32.5328,-69.9305,127.8,3,ML,ML,3.0125,Mendoza2022_Meq_to_Mw,Mendoza/YPF 2022,converted_regional,ISC,ISC,1,16989555,,inside_rectangle,single_source,yes,yes,
MZA-01934,2011-06-25T11:50:21.299Z,2011,6,-32.895,-69.145,25.9,2.4,ML,ML,2.4305,Mendoza2022_Meq_to_Mw,Mendoza/YPF 2022,converted_regional,ISC,ISC,1,16989568,,inside_rectangle,single_source,yes,yes,
MZA-01935,2011-06-25T23:11:36.499Z,2011,6,-32.58,-68.07,141,3,ML,ML,3.0125,Mendoza2022_Meq_to_Mw,Mendoza/YPF 2022,converted_regional,ISC,ISC,1,16989577,,inside_rectangle,single_source,yes,yes,
MZA-01936,2011-06-26T11:05:57.399Z,2011,6,-32.664,-69.861,106.1,1.9,ML,ML,1.9455,Mendoza2022_Meq_to_Mw,Mendoza/YPF 2022,converted_regional,ISC,ISC,1,16989596,,inside_rectangle,single_source,yes,yes,
MZA-01937,2011-06-26T12:17:53.599Z,2011,6,-32.197,-68.041,132,2.2,ML,ML,2.2365,Mendoza2022_Meq_to_Mw,Mendoza/YPF 2022,converted_regional,ISC,ISC,1,16989599,,inside_rectangle,single_source,yes,yes,
MZA-01938,2011-06-26T16:47:38.000Z,2011,6,-32.799,-68.365,10.1,2.4,ML,ML,2.4305,Mendoza2022_Meq_to_Mw,Mendoza/YPF 2022,converted_regional,ISC,ISC,1,16989601,,inside_rectangle,single_source,yes,yes,
MZA-01939,2011-06-26T22:43:57.400Z,2011,6,-32.759,-68.821,29.6,2.1,ML,ML,2.1395,Mendoza2022_Meq_to_Mw,Mendoza/YPF 2022,converted_regional,ISC,ISC,1,16989606,,inside_rectangle,single_source,yes,yes,
MZA-01940,2011-06-27T19:52:05.600Z,2011,6,-32.568,-68.776,129.1,2.2,ML,ML,2.2365,Mendoza2022_Meq_to_Mw,Mendoza/YPF 2022,converted_regional,ISC,ISC,1,16989632,,inside_rectangle,single_source,yes,yes,
MZA-01941,2011-06-27T22:46:18.000Z,2011,6,-32.347,-69.378,104,1.7,ML,ML,1.7515,Mendoza2022_Meq_to_Mw,Mendoza/YPF 2022,converted_regional,ISC,ISC,1,16989637,,inside_rectangle,single_source,yes,yes,
MZA-01942,2011-06-28T08:20:02.700Z,2011,6,-33.122,-69.451,10.3,1.7,ML,ML,1.7515,Mendoza2022_Meq_to_Mw,Mendoza/YPF 2022,converted_regional,ISC,ISC,1,16989650,,inside_rectangle,single_source,yes,yes,
MZA-01943,2011-06-28T14:24:57.500Z,2011,6,-32.086,-69.002,31.1,1.3,ML,ML,1.3635,Mendoza2022_Meq_to_Mw,Mendoza/YPF 2022,converted_regional,ISC,ISC,1,16989662,,inside_rectangle,single_source,yes,yes,
MZA-01944,2011-06-29T01:53:06.499Z,2011,6,-32.127,-67.061,136.6,2.1,ML,ML,2.1395,Mendoza2022_Meq_to_Mw,Mendoza/YPF 2022,converted_regional,ISC,ISC,1,16989676,,inside_rectangle,single_source,yes,yes,
MZA-01945,2011-06-29T12:33:23.400Z,2011,6,-32.13,-69.208,21.6,2.2,MD,MD,2.2365,Mendoza2022_Meq_to_Mw,Mendoza/YPF 2022,converted_regional,ISC,ISC,1,16989696,,inside_rectangle,single_source,yes,yes,
MZA-01946,2011-06-29T23:53:38.400Z,2011,6,-32.587,-69.274,21.3,2.2,ML,ML,2.2365,Mendoza2022_Meq_to_Mw,Mendoza/YPF 2022,converted_regional,ISC,ISC,1,16989701,,inside_rectangle,single_source,yes,yes,
MZA-01947,2011-06-30T09:02:32.500Z,2011,6,-32.551,-69.94,113.6,1.9,ML,ML,1.9455,Mendoza2022_Meq_to_Mw,Mendoza/YPF 2022,converted_regional,ISC,ISC,1,16989715,,inside_rectangle,single_source,yes,yes,
MZA-01948,2011-06-30T20:16:37.400Z,2011,6,-32.048,-69.139,18.7,1.9,ML,ML,1.9455,Mendoza2022_Meq_to_Mw,Mendoza/YPF 2022,converted_regional,ISC,ISC,1,16989727,,inside_rectangle,single_source,yes,yes,
MZA-01949,2011-07-01T01:38:21.600Z,2011,7,-32.033,-68.441,119.6,2.9,ML,ML,2.9155,Mendoza2022_Meq_to_Mw,Mendoza/YPF 2022,converted_regional,ISC,ISC,1,16989730,,inside_rectangle,single_source,yes,yes,
MZA-01950,2011-07-01T10:55:56.300Z,2011,7,-32.424,-69.445,116.4,1.7,ML,ML,1.7515,Mendoza2022_Meq_to_Mw,Mendoza/YPF 2022,converted_regional,ISC,ISC,1,16989738,,inside_rectangle,single_source,yes,yes,
MZA-01951,2011-07-03T11:20:43.400Z,2011,7,-32.474,-69.891,105.2,2.1,ML,ML,2.1395,Mendoza2022_Meq_to_Mw,Mendoza/YPF 2022,converted_regional,ISC,ISC,1,16989783,,inside_rectangle,single_source,yes,yes,
MZA-01952,2011-07-03T22:08:07.700Z,2011,7,-32.27,-68.186,86.3,1.5,MD,MD,1.5575,Mendoza2022_Meq_to_Mw,Mendoza/YPF 2022,converted_regional,ISC,ISC,1,16989789,,inside_rectangle,single_source,yes,yes,
MZA-01953,2011-07-04T01:20:37.900Z,2011,7,-32.158,-68.714,117.8,1.2,ML,ML,1.2665,Mendoza2022_Meq_to_Mw,Mendoza/YPF 2022,converted_regional,ISC,ISC,1,16989796,,inside_rectangle,single_source,yes,yes,
MZA-01954,2011-07-04T15:19:57.700Z,2011,7,-32.019,-69.563,88.5,1.7,ML,ML,1.7515,Mendoza2022_Meq_to_Mw,Mendoza/YPF 2022,converted_regional,ISC,ISC,1,16989810,,inside_rectangle,single_source,yes,yes,
MZA-01955,2011-07-05T01:24:15.600Z,2011,7,-32.104,-68.535,112,1.8,ML,ML,1.8485,Mendoza2022_Meq_to_Mw,Mendoza/YPF 2022,converted_regional,ISC,ISC,1,16989825,,inside_rectangle,single_source,yes,yes,
MZA-01956,2011-07-05T13:27:52.400Z,2011,7,-32.681,-68.048,135.5,2.2,ML,ML,2.2365,Mendoza2022_Meq_to_Mw,Mendoza/YPF 2022,converted_regional,ISC,ISC,1,16989836,,inside_rectangle,single_source,yes,yes,
MZA-01957,2011-07-05T21:57:56.600Z,2011,7,-32.205,-69.327,99.2,1.9,ML,ML,1.9455,Mendoza2022_Meq_to_Mw,Mendoza/YPF 2022,converted_regional,ISC,ISC,1,16989842,,inside_rectangle,single_source,yes,yes,
MZA-01958,2011-07-06T14:34:12.980Z,2011,7,-33.0982,-68.9987,25.4,4,mb,mb,3.981,Mendoza2022_mb_to_Mw,Mendoza/YPF 2022,converted_regional,ISC,ISC + USGS,2,16863629,usp000j488,inside_rectangle,accepted_auto,yes,yes,
MZA-01959,2011-07-06T16:14:34.700Z,2011,7,-33.044,-69.119,17.2,2.4,ML,ML,2.4305,Mendoza2022_Meq_to_Mw,Mendoza/YPF 2022,converted_regional,ISC,ISC,1,16989882,,inside_rectangle,single_source,yes,yes,
MZA-01960,2011-07-07T03:20:24.900Z,2011,7,-32.233,-69.483,115.5,1.9,ML,ML,1.9455,Mendoza2022_Meq_to_Mw,Mendoza/YPF 2022,converted_regional,ISC,ISC,1,16989908,,inside_rectangle,single_source,yes,yes,
MZA-01961,2011-07-07T05:50:04.199Z,2011,7,-32.099,-69.899,96.8,2.3,ML,ML,2.3335,Mendoza2022_Meq_to_Mw,Mendoza/YPF 2022,converted_regional,ISC,ISC,1,16989912,,inside_rectangle,single_source,yes,yes,
MZA-01962,2011-07-07T10:42:56.800Z,2011,7,-34.191,-70,135.9,2.1,ML,ML,2.1395,Mendoza2022_Meq_to_Mw,Mendoza/YPF 2022,converted_regional,ISC,ISC,1,16989919,,inside_rectangle,single_source,yes,yes,
MZA-01963,2011-07-08T03:05:01.800Z,2011,7,-33.095,-68.424,25,1.6,ML,ML,1.6545,Mendoza2022_Meq_to_Mw,Mendoza/YPF 2022,converted_regional,ISC,ISC,1,16989945,,inside_rectangle,single_source,yes,yes,
MZA-01964,2011-07-09T03:15:36.100Z,2011,7,-32.023,-69.367,105.5,2.2,ML,ML,2.2365,Mendoza2022_Meq_to_Mw,Mendoza/YPF 2022,converted_regional,ISC,ISC,1,16989964,,inside_rectangle,single_source,yes,yes,
MZA-01965,2011-07-09T04:40:32.690Z,2011,7,-34.5709,-68.9176,7.6,4,ML,ML,3.9825,Mendoza2022_Meq_to_Mw,Mendoza/YPF 2022,converted_regional,ISC,ISC,1,16989965,,inside_rectangle,single_source,yes,yes,
MZA-01966,2011-07-10T09:58:33.300Z,2011,7,-32.532,-67.096,11.9,2.1,ML,ML,2.1395,Mendoza2022_Meq_to_Mw,Mendoza/YPF 2022,converted_regional,ISC,ISC,1,16989994,,inside_rectangle,single_source,yes,yes,
MZA-01967,2011-07-10T11:07:54.700Z,2011,7,-32.626,-68.78,26.9,1.4,ML,ML,1.4605,Mendoza2022_Meq_to_Mw,Mendoza/YPF 2022,converted_regional,ISC,ISC,1,16989995,,inside_rectangle,single_source,yes,yes,
MZA-01968,2011-07-11T02:08:15.400Z,2011,7,-32.096,-69.359,106.8,2.6,ML,ML,2.6245,Mendoza2022_Meq_to_Mw,Mendoza/YPF 2022,converted_regional,ISC,ISC,1,16990013,,inside_rectangle,single_source,yes,yes,
MZA-01969,2011-07-11T08:32:51.600Z,2011,7,-33.131,-68.66,38.2,2.4,ML,ML,2.4305,Mendoza2022_Meq_to_Mw,Mendoza/YPF 2022,converted_regional,ISC,ISC,1,16990018,,inside_rectangle,single_source,yes,yes,
MZA-01970,2011-07-11T10:07:01.500Z,2011,7,-32.274,-67.836,118.1,2.2,ML,ML,2.2365,Mendoza2022_Meq_to_Mw,Mendoza/YPF 2022,converted_regional,ISC,ISC,1,16990022,,inside_rectangle,single_source,yes,yes,
MZA-01971,2011-07-12T02:34:51.400Z,2011,7,-32.221,-69.576,98.2,2.6,ML,ML,2.6245,Mendoza2022_Meq_to_Mw,Mendoza/YPF 2022,converted_regional,ISC,ISC,1,16990036,,inside_rectangle,single_source,yes,yes,
MZA-01972,2011-07-12T11:41:47.700Z,2011,7,-32.928,-69.96,108.5,1.5,ML,ML,1.5575,Mendoza2022_Meq_to_Mw,Mendoza/YPF 2022,converted_regional,ISC,ISC,1,16990048,,inside_rectangle,single_source,yes,yes,
MZA-01973,2011-07-14T13:43:06.400Z,2011,7,-32.01,-68.551,116.4,1.6,ML,ML,1.6545,Mendoza2022_Meq_to_Mw,Mendoza/YPF 2022,converted_regional,ISC,ISC,1,16990589,,inside_rectangle,single_source,yes,yes,
MZA-01974,2011-07-15T14:30:14.300Z,2011,7,-33.063,-69.608,6,2.3,ML,ML,2.3335,Mendoza2022_Meq_to_Mw,Mendoza/YPF 2022,converted_regional,ISC,ISC,1,16990610,,inside_rectangle,single_source,yes,yes,
MZA-01975,2011-07-15T21:03:16.500Z,2011,7,-32.717,-68.912,136.6,2.8,ML,ML,2.8185,Mendoza2022_Meq_to_Mw,Mendoza/YPF 2022,converted_regional,ISC,ISC,1,16990621,,inside_rectangle,single_source,yes,yes,
MZA-01976,2011-07-17T00:14:07.600Z,2011,7,-33.236,-68.981,10,2.7,ML,ML,2.7215,Mendoza2022_Meq_to_Mw,Mendoza/YPF 2022,converted_regional,ISC,ISC,1,16990646,,inside_rectangle,single_source,yes,yes,
MZA-01977,2011-07-18T03:49:58.900Z,2011,7,-32.165,-68.925,13.7,2.6,ML,ML,2.6245,Mendoza2022_Meq_to_Mw,Mendoza/YPF 2022,converted_regional,ISC,ISC,1,16990661,,inside_rectangle,single_source,yes,yes,
MZA-01978,2011-07-18T07:23:11.699Z,2011,7,-32.573,-68.217,124.6,2,ML,ML,2.0425,Mendoza2022_Meq_to_Mw,Mendoza/YPF 2022,converted_regional,ISC,ISC,1,16990665,,inside_rectangle,single_source,yes,yes,
MZA-01979,2011-07-19T14:08:27.500Z,2011,7,-32.185,-69.436,115.2,2.5,ML,ML,2.5275,Mendoza2022_Meq_to_Mw,Mendoza/YPF 2022,converted_regional,ISC,ISC,1,16987917,,inside_rectangle,single_source,yes,yes,
MZA-01980,2011-07-19T23:28:44.800Z,2011,7,-32.713,-69.415,132.9,2.7,ML,ML,2.7215,Mendoza2022_Meq_to_Mw,Mendoza/YPF 2022,converted_regional,ISC,ISC,1,16987928,,inside_rectangle,single_source,yes,yes,
MZA-01981,2011-07-20T13:24:01.300Z,2011,7,-33.666,-69.423,152.5,2.4,ML,ML,2.4305,Mendoza2022_Meq_to_Mw,Mendoza/YPF 2022,converted_regional,ISC,ISC,1,16987945,,inside_rectangle,single_source,yes,yes,
MZA-01982,2011-07-21T13:12:15.000Z,2011,7,-32.006,-69.38,111.5,2.3,ML,ML,2.3335,Mendoza2022_Meq_to_Mw,Mendoza/YPF 2022,converted_regional,ISC,ISC,1,16987968,,inside_rectangle,single_source,yes,yes,
MZA-01983,2011-07-21T15:47:20.200Z,2011,7,-32.246,-69.529,7.4,2.6,ML,ML,2.6245,Mendoza2022_Meq_to_Mw,Mendoza/YPF 2022,converted_regional,ISC,ISC,1,16987972,,inside_rectangle,single_source,yes,yes,
MZA-01984,2011-07-21T19:43:36.340Z,2011,7,-32.1181,-69.709,118.9,3.1,ML,ML,3.1095,Mendoza2022_Meq_to_Mw,Mendoza/YPF 2022,converted_regional,ISC,ISC,1,16987980,,inside_rectangle,single_source,yes,yes,
MZA-01985,2011-07-22T10:55:32.100Z,2011,7,-32.342,-69.645,122.1,2.2,ML,ML,2.2365,Mendoza2022_Meq_to_Mw,Mendoza/YPF 2022,converted_regional,ISC,ISC,1,16987995,,inside_rectangle,single_source,yes,yes,
MZA-01986,2011-07-22T11:37:45.400Z,2011,7,-32.097,-68.51,27.7,2.4,MD,MD,2.4305,Mendoza2022_Meq_to_Mw,Mendoza/YPF 2022,converted_regional,ISC,ISC,1,16987997,,inside_rectangle,single_source,yes,yes,
MZA-01987,2011-07-22T16:50:45.700Z,2011,7,-32.151,-69.503,104.4,2,ML,ML,2.0425,Mendoza2022_Meq_to_Mw,Mendoza/YPF 2022,converted_regional,ISC,ISC,1,16988003,,inside_rectangle,single_source,yes,yes,
MZA-01988,2011-07-23T05:49:44.900Z,2011,7,-32.136,-69.688,108.7,2.1,ML,ML,2.1395,Mendoza2022_Meq_to_Mw,Mendoza/YPF 2022,converted_regional,ISC,ISC,1,16988014,,inside_rectangle,single_source,yes,yes,
MZA-01989,2011-07-23T06:11:04.300Z,2011,7,-32.534,-67.75,21.8,2,ML,ML,2.0425,Mendoza2022_Meq_to_Mw,Mendoza/YPF 2022,converted_regional,ISC,ISC,1,16988015,,inside_rectangle,single_source,yes,yes,
MZA-01990,2011-07-24T02:17:50.000Z,2011,7,-33.639,-69.896,25,2.3,ML,ML,2.3335,Mendoza2022_Meq_to_Mw,Mendoza/YPF 2022,converted_regional,ISC,ISC,1,16988033,,inside_rectangle,single_source,yes,yes,
MZA-01991,2011-07-24T06:23:35.800Z,2011,7,-32.059,-69.278,118.4,1.9,ML,ML,1.9455,Mendoza2022_Meq_to_Mw,Mendoza/YPF 2022,converted_regional,ISC,ISC,1,16988039,,inside_rectangle,single_source,yes,yes,
MZA-01992,2011-07-24T23:18:04.500Z,2011,7,-32.285,-69.882,107.1,2.4,ML,ML,2.4305,Mendoza2022_Meq_to_Mw,Mendoza/YPF 2022,converted_regional,ISC,ISC,1,16988060,,inside_rectangle,single_source,yes,yes,
MZA-01993,2011-07-26T06:52:09.770Z,2011,7,-32.684,-69.9236,120.9,2.7,ML,ML,2.7215,Mendoza2022_Meq_to_Mw,Mendoza/YPF 2022,converted_regional,ISC,ISC,1,16988082,,inside_rectangle,single_source,yes,yes,
MZA-01994,2011-07-27T09:56:12.400Z,2011,7,-32.191,-69.719,105.1,1.5,ML,ML,1.5575,Mendoza2022_Meq_to_Mw,Mendoza/YPF 2022,converted_regional,ISC,ISC,1,16988098,,inside_rectangle,single_source,yes,yes,
MZA-01995,2011-07-27T14:05:43.499Z,2011,7,-33.016,-68.02,18.2,2,ML,ML,2.0425,Mendoza2022_Meq_to_Mw,Mendoza/YPF 2022,converted_regional,ISC,ISC,1,16988099,,inside_rectangle,single_source,yes,yes,
MZA-01996,2011-07-28T05:28:33.500Z,2011,7,-32.5416,-69.9267,115.6,2.7,ML,ML,2.7215,Mendoza2022_Meq_to_Mw,Mendoza/YPF 2022,converted_regional,ISC,ISC,1,16988109,,inside_rectangle,single_source,yes,yes,
MZA-01997,2011-07-28T06:26:48.340Z,2011,7,-33.304,-68.9234,10,3,ML,ML,3.0125,Mendoza2022_Meq_to_Mw,Mendoza/YPF 2022,converted_regional,ISC,ISC,1,16988110,,inside_rectangle,single_source,yes,yes,
MZA-01998,2011-07-29T06:35:57.200Z,2011,7,-32.776,-68.632,29.9,2.2,MD,MD,2.2365,Mendoza2022_Meq_to_Mw,Mendoza/YPF 2022,converted_regional,ISC,ISC,1,16988124,,inside_rectangle,single_source,yes,yes,
MZA-01999,2011-07-29T18:24:13.700Z,2011,7,-32.005,-68.034,6,2.9,ML,ML,2.9155,Mendoza2022_Meq_to_Mw,Mendoza/YPF 2022,converted_regional,ISC,ISC,1,16988131,,inside_rectangle,single_source,yes,yes,
MZA-02000,2011-07-30T06:01:52.200Z,2011,7,-34.539,-69.383,186,2.9,ML,ML,2.9155,Mendoza2022_Meq_to_Mw,Mendoza/YPF 2022,converted_regional,ISC,ISC,1,16988145,,inside_rectangle,single_source,yes,yes,
MZA-02001,2011-07-30T09:31:52.700Z,2011,7,-32.719,-68.91,32.1,1.9,ML,ML,1.9455,Mendoza2022_Meq_to_Mw,Mendoza/YPF 2022,converted_regional,ISC,ISC,1,16988149,,inside_rectangle,single_source,yes,yes,
MZA-02002,2011-08-01T00:21:04.499Z,2011,8,-33.369,-68.484,36.7,2.7,ML,ML,2.7215,Mendoza2022_Meq_to_Mw,Mendoza/YPF 2022,converted_regional,ISC,ISC,1,17557850,,inside_rectangle,single_source,yes,yes,
MZA-02003,2011-08-01T01:29:17.300Z,2011,8,-32.1375,-69.2321,111.2,3,ML,ML,3.0125,Mendoza2022_Meq_to_Mw,Mendoza/YPF 2022,converted_regional,ISC,ISC,1,17557851,,inside_rectangle,single_source,yes,yes,
MZA-02004,2011-08-01T10:26:20.600Z,2011,8,-32.042,-69.317,103,2,ML,ML,2.0425,Mendoza2022_Meq_to_Mw,Mendoza/YPF 2022,converted_regional,ISC,ISC,1,17557863,,inside_rectangle,single_source,yes,yes,
MZA-02005,2011-08-01T12:55:25.499Z,2011,8,-32.578,-69.993,102.6,3,ML,ML,3.0125,Mendoza2022_Meq_to_Mw,Mendoza/YPF 2022,converted_regional,ISC,ISC,1,17557867,,inside_rectangle,single_source,yes,yes,
MZA-02006,2011-08-02T01:57:36.400Z,2011,8,-32.011,-68.428,107.2,1.4,ML,ML,1.4605,Mendoza2022_Meq_to_Mw,Mendoza/YPF 2022,converted_regional,ISC,ISC,1,17557877,,inside_rectangle,single_source,yes,yes,
MZA-02007,2011-08-02T11:22:51.700Z,2011,8,-32.486,-69.939,109,2.4,MD,MD,2.4305,Mendoza2022_Meq_to_Mw,Mendoza/YPF 2022,converted_regional,ISC,ISC,1,17557892,,inside_rectangle,single_source,yes,yes,
MZA-02008,2011-08-03T03:09:19.200Z,2011,8,-33.039,-68.917,12.8,2.2,ML,ML,2.2365,Mendoza2022_Meq_to_Mw,Mendoza/YPF 2022,converted_regional,ISC,ISC,1,17557902,,inside_rectangle,single_source,yes,yes,
MZA-02009,2011-08-03T06:44:13.800Z,2011,8,-32.401,-69.614,121.5,1.7,ML,ML,1.7515,Mendoza2022_Meq_to_Mw,Mendoza/YPF 2022,converted_regional,ISC,ISC,1,17557903,,inside_rectangle,single_source,yes,yes,
MZA-02010,2011-08-03T08:33:28.100Z,2011,8,-32.905,-69.379,4.1,2.4,ML,ML,2.4305,Mendoza2022_Meq_to_Mw,Mendoza/YPF 2022,converted_regional,ISC,ISC,1,17557910,,inside_rectangle,single_source,yes,yes,
MZA-02011,2011-08-04T08:03:55.800Z,2011,8,-32.763,-69.25,10.2,2,MD,MD,2.0425,Mendoza2022_Meq_to_Mw,Mendoza/YPF 2022,converted_regional,ISC,ISC,1,17557931,,inside_rectangle,single_source,yes,yes,
MZA-02012,2011-08-05T00:47:55.100Z,2011,8,-32.867,-68.874,131.8,2.4,ML,ML,2.4305,Mendoza2022_Meq_to_Mw,Mendoza/YPF 2022,converted_regional,ISC,ISC,1,17557944,,inside_rectangle,single_source,yes,yes,
MZA-02013,2011-08-05T00:51:53.900Z,2011,8,-32,-68.47,110.4,2.8,ML,ML,2.8185,Mendoza2022_Meq_to_Mw,Mendoza/YPF 2022,converted_regional,ISC,ISC,1,17557945,,inside_rectangle,single_source,yes,yes,
MZA-02014,2011-08-05T20:38:50.799Z,2011,8,-32.153,-69.097,109.5,1.6,ML,ML,1.6545,Mendoza2022_Meq_to_Mw,Mendoza/YPF 2022,converted_regional,ISC,ISC,1,17557958,,inside_rectangle,single_source,yes,yes,
MZA-02015,2011-08-06T05:28:56.900Z,2011,8,-32.067,-68.465,27.1,1.4,ML,ML,1.4605,Mendoza2022_Meq_to_Mw,Mendoza/YPF 2022,converted_regional,ISC,ISC,1,17557965,,inside_rectangle,single_source,yes,yes,
MZA-02016,2011-08-07T05:12:43.900Z,2011,8,-32.635,-68.629,140.5,2.3,MD,MD,2.3335,Mendoza2022_Meq_to_Mw,Mendoza/YPF 2022,converted_regional,ISC,ISC,1,17557983,,inside_rectangle,single_source,yes,yes,
MZA-02017,2011-08-07T11:04:34.599Z,2011,8,-33.197,-68.128,20.4,2,ML,ML,2.0425,Mendoza2022_Meq_to_Mw,Mendoza/YPF 2022,converted_regional,ISC,ISC,1,17557989,,inside_rectangle,single_source,yes,yes,
MZA-02018,2011-08-07T14:03:06.700Z,2011,8,-32.897,-69.998,111.7,1.9,ML,ML,1.9455,Mendoza2022_Meq_to_Mw,Mendoza/YPF 2022,converted_regional,ISC,ISC,1,17557992,,inside_rectangle,single_source,yes,yes,
MZA-02019,2011-08-08T07:13:08.600Z,2011,8,-32.342,-67.865,8.5,1.9,ML,ML,1.9455,Mendoza2022_Meq_to_Mw,Mendoza/YPF 2022,converted_regional,ISC,ISC,1,17558004,,inside_rectangle,single_source,yes,yes,
MZA-02020,2011-08-09T23:30:48.869Z,2011,8,-32.668,-68.8787,136.8,4.7,mb,mb,4.3688,Mendoza2022_mb_to_Mw,Mendoza/YPF 2022,converted_regional,ISC,ISC + USGS,2,16930418,usp000j68g,inside_rectangle,accepted_auto,yes,yes,
MZA-02021,2011-08-10T04:59:32.800Z,2011,8,-32.037,-68.539,110.4,2.6,MD,MD,2.6245,Mendoza2022_Meq_to_Mw,Mendoza/YPF 2022,converted_regional,ISC,ISC,1,17558033,,inside_rectangle,single_source,yes,yes,
MZA-02022,2011-08-10T23:06:37.000Z,2011,8,-32.842,-69.195,31.2,2.6,ML,ML,2.6245,Mendoza2022_Meq_to_Mw,Mendoza/YPF 2022,converted_regional,ISC,ISC,1,17558042,,inside_rectangle,single_source,yes,yes,
MZA-02023,2011-08-11T13:23:26.500Z,2011,8,-32.619,-69.014,25.4,1.4,ML,ML,1.4605,Mendoza2022_Meq_to_Mw,Mendoza/YPF 2022,converted_regional,ISC,ISC,1,17558045,,inside_rectangle,single_source,yes,yes,
MZA-02024,2011-08-12T10:39:34.500Z,2011,8,-32.163,-69.779,107.2,2.4,ML,ML,2.4305,Mendoza2022_Meq_to_Mw,Mendoza/YPF 2022,converted_regional,ISC,ISC,1,17558056,,inside_rectangle,single_source,yes,yes,
MZA-02025,2011-08-14T11:46:13.800Z,2011,8,-33.255,-69.534,10.6,2.8,ML,ML,2.8185,Mendoza2022_Meq_to_Mw,Mendoza/YPF 2022,converted_regional,ISC,ISC,1,17558079,,inside_rectangle,single_source,yes,yes,
MZA-02026,2011-08-14T14:28:14.700Z,2011,8,-32.716,-68.993,28,2.3,ML,ML,2.3335,Mendoza2022_Meq_to_Mw,Mendoza/YPF 2022,converted_regional,ISC,ISC,1,17558085,,inside_rectangle,single_source,yes,yes,
MZA-02027,2011-08-14T16:57:11.200Z,2011,8,-32.168,-68.042,119.8,2.3,ML,ML,2.3335,Mendoza2022_Meq_to_Mw,Mendoza/YPF 2022,converted_regional,ISC,ISC,1,17558087,,inside_rectangle,single_source,yes,yes,
MZA-02028,2011-08-15T13:09:29.800Z,2011,8,-32.022,-69.766,121.3,2.6,MD,MD,2.6245,Mendoza2022_Meq_to_Mw,Mendoza/YPF 2022,converted_regional,ISC,ISC,1,17558098,,inside_rectangle,single_source,yes,yes,
MZA-02029,2011-08-16T07:22:33.800Z,2011,8,-33.652,-68.315,21.3,2.1,ML,ML,2.1395,Mendoza2022_Meq_to_Mw,Mendoza/YPF 2022,converted_regional,ISC,ISC,1,17558109,,inside_rectangle,single_source,yes,yes,
MZA-02030,2011-08-17T06:52:39.190Z,2011,8,-33.1214,-69.6561,3.7,2.9,ML,ML,2.9155,Mendoza2022_Meq_to_Mw,Mendoza/YPF 2022,converted_regional,ISC,ISC,1,17558130,,inside_rectangle,single_source,yes,yes,
MZA-02031,2011-08-17T08:22:28.000Z,2011,8,-32.211,-69.865,109.9,2.2,ML,ML,2.2365,Mendoza2022_Meq_to_Mw,Mendoza/YPF 2022,converted_regional,ISC,ISC,1,17558132,,inside_rectangle,single_source,yes,yes,
MZA-02032,2011-08-17T12:41:58.599Z,2011,8,-33.444,-69.323,137,1.7,ML,ML,1.7515,Mendoza2022_Meq_to_Mw,Mendoza/YPF 2022,converted_regional,ISC,ISC,1,17558139,,inside_rectangle,single_source,yes,yes,
MZA-02033,2011-08-18T03:33:24.900Z,2011,8,-32.067,-69.267,91.7,3.1,MD,MD,3.1095,Mendoza2022_Meq_to_Mw,Mendoza/YPF 2022,converted_regional,ISC,ISC,1,17558149,,inside_rectangle,single_source,yes,yes,
MZA-02034,2011-08-19T06:03:03.000Z,2011,8,-32.596,-69.086,28.4,1.7,ML,ML,1.7515,Mendoza2022_Meq_to_Mw,Mendoza/YPF 2022,converted_regional,ISC,ISC,1,17558163,,inside_rectangle,single_source,yes,yes,
MZA-02035,2011-08-19T14:16:55.500Z,2011,8,-33.408,-69.011,23.6,2.8,MD,MD,2.8185,Mendoza2022_Meq_to_Mw,Mendoza/YPF 2022,converted_regional,ISC,ISC,1,17558170,,inside_rectangle,single_source,yes,yes,
MZA-02036,2011-08-19T15:13:25.060Z,2011,8,-32.5125,-69.7045,125.9,2.8,ML,ML,2.8185,Mendoza2022_Meq_to_Mw,Mendoza/YPF 2022,converted_regional,ISC,ISC,1,17558172,,inside_rectangle,single_source,yes,yes,
MZA-02037,2011-08-20T04:13:58.100Z,2011,8,-32.95,-68.126,9.9,1.3,ML,ML,1.3635,Mendoza2022_Meq_to_Mw,Mendoza/YPF 2022,converted_regional,ISC,ISC,1,17558187,,inside_rectangle,single_source,yes,yes,
MZA-02038,2011-08-20T11:55:56.000Z,2011,8,-32.011,-69.695,103.7,2.1,ML,ML,2.1395,Mendoza2022_Meq_to_Mw,Mendoza/YPF 2022,converted_regional,ISC,ISC,1,17558197,,inside_rectangle,single_source,yes,yes,
MZA-02039,2011-08-20T12:17:19.200Z,2011,8,-32.393,-67.667,133.8,1.8,ML,ML,1.8485,Mendoza2022_Meq_to_Mw,Mendoza/YPF 2022,converted_regional,ISC,ISC,1,17558198,,inside_rectangle,single_source,yes,yes,
MZA-02040,2011-08-20T22:13:37.200Z,2011,8,-32.421,-69.352,8.2,1.5,ML,ML,1.5575,Mendoza2022_Meq_to_Mw,Mendoza/YPF 2022,converted_regional,ISC,ISC,1,17558204,,inside_rectangle,single_source,yes,yes,
MZA-02041,2011-08-21T14:24:41.840Z,2011,8,-32.5542,-69.8524,136.3,3,ML,ML,3.0125,Mendoza2022_Meq_to_Mw,Mendoza/YPF 2022,converted_regional,ISC,ISC,1,17558216,,inside_rectangle,single_source,yes,yes,
MZA-02042,2011-08-21T20:35:59.100Z,2011,8,-33.0153,-68.5453,162.8,3,ML,ML,3.0125,Mendoza2022_Meq_to_Mw,Mendoza/YPF 2022,converted_regional,ISC,ISC,1,17558219,,inside_rectangle,single_source,yes,yes,
MZA-02043,2011-08-21T22:49:17.300Z,2011,8,-34.324,-69.982,14.3,2.3,ML,ML,2.3335,Mendoza2022_Meq_to_Mw,Mendoza/YPF 2022,converted_regional,ISC,ISC,1,601532593,,inside_rectangle,single_source,yes,yes,
MZA-02044,2011-08-22T06:18:23.800Z,2011,8,-32.852,-69.338,26,1.9,ML,ML,1.9455,Mendoza2022_Meq_to_Mw,Mendoza/YPF 2022,converted_regional,ISC,ISC,1,17558227,,inside_rectangle,single_source,yes,yes,
MZA-02045,2011-08-22T14:18:03.800Z,2011,8,-32.843,-68.857,17.9,1.8,ML,ML,1.8485,Mendoza2022_Meq_to_Mw,Mendoza/YPF 2022,converted_regional,ISC,ISC,1,17558241,,inside_rectangle,single_source,yes,yes,
MZA-02046,2011-08-22T15:15:59.300Z,2011,8,-32.047,-69.177,106.7,2.3,MD,MD,2.3335,Mendoza2022_Meq_to_Mw,Mendoza/YPF 2022,converted_regional,ISC,ISC,1,17558243,,inside_rectangle,single_source,yes,yes,
MZA-02047,2011-08-22T16:53:37.500Z,2011,8,-33.166,-68.796,20.7,2.2,ML,ML,2.2365,Mendoza2022_Meq_to_Mw,Mendoza/YPF 2022,converted_regional,ISC,ISC,1,17558246,,inside_rectangle,single_source,yes,yes,
MZA-02048,2011-08-24T11:02:35.700Z,2011,8,-32.759,-67.16,16.9,2.1,ML,ML,2.1395,Mendoza2022_Meq_to_Mw,Mendoza/YPF 2022,converted_regional,ISC,ISC,1,17558321,,inside_rectangle,single_source,yes,yes,
MZA-02049,2011-08-25T01:06:52.900Z,2011,8,-32.796,-69.22,25.7,2,ML,ML,2.0425,Mendoza2022_Meq_to_Mw,Mendoza/YPF 2022,converted_regional,ISC,ISC,1,17558382,,inside_rectangle,single_source,yes,yes,
MZA-02050,2011-08-27T02:11:55.800Z,2011,8,-32.395,-69.648,113.2,2,ML,ML,2.0425,Mendoza2022_Meq_to_Mw,Mendoza/YPF 2022,converted_regional,ISC,ISC,1,17558424,,inside_rectangle,single_source,yes,yes,
MZA-02051,2011-08-27T06:08:58.200Z,2011,8,-32.083,-69.97,101,2.1,ML,ML,2.1395,Mendoza2022_Meq_to_Mw,Mendoza/YPF 2022,converted_regional,ISC,ISC,1,17558429,,inside_rectangle,single_source,yes,yes,
MZA-02052,2011-08-28T01:05:39.200Z,2011,8,-32.318,-69.218,31.3,1.7,MD,MD,1.7515,Mendoza2022_Meq_to_Mw,Mendoza/YPF 2022,converted_regional,ISC,ISC,1,17558445,,inside_rectangle,single_source,yes,yes,
MZA-02053,2011-08-28T02:03:11.700Z,2011,8,-32.099,-69.563,106.9,1.8,ML,ML,1.8485,Mendoza2022_Meq_to_Mw,Mendoza/YPF 2022,converted_regional,ISC,ISC,1,17558446,,inside_rectangle,single_source,yes,yes,
MZA-02054,2011-08-28T08:20:49.700Z,2011,8,-32.103,-68.475,114.3,1.7,ML,ML,1.7515,Mendoza2022_Meq_to_Mw,Mendoza/YPF 2022,converted_regional,ISC,ISC,1,17558456,,inside_rectangle,single_source,yes,yes,
MZA-02055,2011-08-28T10:02:46.400Z,2011,8,-32.768,-69.019,36.9,2,ML,ML,2.0425,Mendoza2022_Meq_to_Mw,Mendoza/YPF 2022,converted_regional,ISC,ISC,1,17558460,,inside_rectangle,single_source,yes,yes,
MZA-02056,2011-08-29T03:42:42.600Z,2011,8,-32.87,-69.262,22.7,2.3,ML,ML,2.3335,Mendoza2022_Meq_to_Mw,Mendoza/YPF 2022,converted_regional,ISC,ISC,1,17558476,,inside_rectangle,single_source,yes,yes,
MZA-02057,2011-08-29T05:23:49.000Z,2011,8,-32.968,-69.01,15.9,2.6,ML,ML,2.6245,Mendoza2022_Meq_to_Mw,Mendoza/YPF 2022,converted_regional,ISC,ISC,1,17558477,,inside_rectangle,single_source,yes,yes,
MZA-02058,2011-08-29T20:42:54.200Z,2011,8,-32.199,-69.159,106.4,1.7,ML,ML,1.7515,Mendoza2022_Meq_to_Mw,Mendoza/YPF 2022,converted_regional,ISC,ISC,1,17558485,,inside_rectangle,single_source,yes,yes,
MZA-02059,2011-08-30T04:47:41.100Z,2011,8,-32.833,-69.283,13.8,1.6,ML,ML,1.6545,Mendoza2022_Meq_to_Mw,Mendoza/YPF 2022,converted_regional,ISC,ISC,1,17558493,,inside_rectangle,single_source,yes,yes,
MZA-02060,2011-08-30T06:06:24.300Z,2011,8,-32.769,-67.834,7.7,1.9,ML,ML,1.9455,Mendoza2022_Meq_to_Mw,Mendoza/YPF 2022,converted_regional,ISC,ISC,1,17558496,,inside_rectangle,single_source,yes,yes,
MZA-02061,2011-09-01T02:50:36.310Z,2011,9,-32.184,-69.4047,110.9,3.8,ML,ML,3.7885,Mendoza2022_Meq_to_Mw,Mendoza/YPF 2022,converted_regional,ISC,ISC,1,600114455,,inside_rectangle,single_source,yes,yes,
MZA-02062,2011-09-01T04:40:22.500Z,2011,9,-33.097,-68.25,32.6,2,ML,ML,2.0425,Mendoza2022_Meq_to_Mw,Mendoza/YPF 2022,converted_regional,ISC,ISC,1,601847571,,inside_rectangle,single_source,yes,yes,
MZA-02063,2011-09-01T12:55:54.000Z,2011,9,-32.441,-69.35,112.4,2.1,ML,ML,2.1395,Mendoza2022_Meq_to_Mw,Mendoza/YPF 2022,converted_regional,ISC,ISC,1,601847578,,inside_rectangle,single_source,yes,yes,
MZA-02064,2011-09-01T23:22:52.299Z,2011,9,-32.114,-68.713,9.5,2.5,ML,ML,2.5275,Mendoza2022_Meq_to_Mw,Mendoza/YPF 2022,converted_regional,ISC,ISC,1,601847589,,inside_rectangle,single_source,yes,yes,
MZA-02065,2011-09-02T05:18:54.900Z,2011,9,-32.076,-69.529,106.8,2,ML,ML,2.0425,Mendoza2022_Meq_to_Mw,Mendoza/YPF 2022,converted_regional,ISC,ISC,1,601847593,,inside_rectangle,single_source,yes,yes,
MZA-02066,2011-09-02T11:48:09.360Z,2011,9,-32.5276,-69.7805,143.3,3.8,ML,ML,3.7885,Mendoza2022_Meq_to_Mw,Mendoza/YPF 2022,converted_regional,ISC,ISC,1,600114516,,inside_rectangle,single_source,yes,yes,
MZA-02067,2011-09-02T13:39:07.600Z,2011,9,-34.507,-69.678,19.7,2.7,ML,ML,2.7215,Mendoza2022_Meq_to_Mw,Mendoza/YPF 2022,converted_regional,ISC,ISC,1,601847596,,inside_rectangle,single_source,yes,yes,
MZA-02068,2011-09-03T17:44:11.450Z,2011,9,-35.3011,-69.9434,152.2,3.9,mb,mb,3.9256,Mendoza2022_mb_to_Mw,Mendoza/YPF 2022,converted_regional,ISC,ISC,1,17497239,,inside_rectangle,single_source,yes,yes,
MZA-02069,2011-09-04T05:03:20.600Z,2011,9,-33.126,-68.48,61.1,2.5,MD,MD,2.5275,Mendoza2022_Meq_to_Mw,Mendoza/YPF 2022,converted_regional,ISC,ISC,1,601847620,,inside_rectangle,single_source,yes,yes,
MZA-02070,2011-09-04T05:40:52.540Z,2011,9,-32.395,-69.6078,123.7,2.7,ML,ML,2.7215,Mendoza2022_Meq_to_Mw,Mendoza/YPF 2022,converted_regional,ISC,ISC,1,600114602,,inside_rectangle,single_source,yes,yes,
MZA-02071,2011-09-04T14:35:14.100Z,2011,9,-32.667,-68.718,20,1.7,ML,ML,1.7515,Mendoza2022_Meq_to_Mw,Mendoza/YPF 2022,converted_regional,ISC,ISC,1,601847629,,inside_rectangle,single_source,yes,yes,
MZA-02072,2011-09-04T15:55:23.800Z,2011,9,-32.964,-68.273,39.2,2.8,MD,MD,2.8185,Mendoza2022_Meq_to_Mw,Mendoza/YPF 2022,converted_regional,ISC,ISC,1,601847630,,inside_rectangle,single_source,yes,yes,
MZA-02073,2011-09-05T12:11:06.200Z,2011,9,-32.024,-68.117,24.8,2,MD,MD,2.0425,Mendoza2022_Meq_to_Mw,Mendoza/YPF 2022,converted_regional,ISC,ISC,1,601847651,,inside_rectangle,single_source,yes,yes,
MZA-02074,2011-09-05T12:49:47.800Z,2011,9,-32.655,-68.08,139.7,2.7,MD,MD,2.7215,Mendoza2022_Meq_to_Mw,Mendoza/YPF 2022,converted_regional,ISC,ISC,1,601847652,,inside_rectangle,single_source,yes,yes,
MZA-02075,2011-09-06T12:38:57.300Z,2011,9,-32.575,-68.976,31.5,2.3,ML,ML,2.3335,Mendoza2022_Meq_to_Mw,Mendoza/YPF 2022,converted_regional,ISC,ISC,1,601847669,,inside_rectangle,single_source,yes,yes,
MZA-02076,2011-09-07T13:15:49.600Z,2011,9,-32.866,-69.274,6.3,1.8,ML,ML,1.8485,Mendoza2022_Meq_to_Mw,Mendoza/YPF 2022,converted_regional,ISC,ISC,1,601847679,,inside_rectangle,single_source,yes,yes,
MZA-02077,2011-09-08T20:55:13.400Z,2011,9,-33.074,-68.046,10,2.1,ML,ML,2.1395,Mendoza2022_Meq_to_Mw,Mendoza/YPF 2022,converted_regional,ISC,ISC,1,601847701,,inside_rectangle,single_source,yes,yes,
MZA-02078,2011-09-09T08:03:14.200Z,2011,9,-34.095,-69.343,20,3.4,MD,MD,3.4005,Mendoza2022_Meq_to_Mw,Mendoza/YPF 2022,converted_regional,ISC,ISC,1,601847711,,inside_rectangle,single_source,yes,yes,
MZA-02079,2011-09-09T12:22:36.900Z,2011,9,-32.08,-69.136,3.8,2.4,MD,MD,2.4305,Mendoza2022_Meq_to_Mw,Mendoza/YPF 2022,converted_regional,ISC,ISC,1,601847717,,inside_rectangle,single_source,yes,yes,
MZA-02080,2011-09-09T12:55:17.100Z,2011,9,-33.011,-69.402,121.9,2.3,ML,ML,2.3335,Mendoza2022_Meq_to_Mw,Mendoza/YPF 2022,converted_regional,ISC,ISC,1,601847719,,inside_rectangle,single_source,yes,yes,
MZA-02081,2011-09-09T13:42:16.400Z,2011,9,-32.094,-68.408,115.6,1.8,ML,ML,1.8485,Mendoza2022_Meq_to_Mw,Mendoza/YPF 2022,converted_regional,ISC,ISC,1,601847721,,inside_rectangle,single_source,yes,yes,
MZA-02082,2011-09-10T03:45:28.600Z,2011,9,-32.307,-69.019,14,2.5,ML,ML,2.5275,Mendoza2022_Meq_to_Mw,Mendoza/YPF 2022,converted_regional,ISC,ISC,1,601847735,,inside_rectangle,single_source,yes,yes,
MZA-02083,2011-09-10T04:31:36.100Z,2011,9,-32.561,-67.965,12.5,1.8,ML,ML,1.8485,Mendoza2022_Meq_to_Mw,Mendoza/YPF 2022,converted_regional,ISC,ISC,1,601847737,,inside_rectangle,single_source,yes,yes,
MZA-02084,2011-09-12T07:02:59.200Z,2011,9,-32,-68.1,19.1,1.7,ML,ML,1.7515,Mendoza2022_Meq_to_Mw,Mendoza/YPF 2022,converted_regional,ISC,ISC,1,601847789,,inside_rectangle,single_source,yes,yes,
MZA-02085,2011-09-12T14:34:53.620Z,2011,9,-32.4065,-69.8929,106.1,2.9,ML,ML,2.9155,Mendoza2022_Meq_to_Mw,Mendoza/YPF 2022,converted_regional,ISC,ISC,1,600115141,,inside_rectangle,single_source,yes,yes,
MZA-02086,2011-09-14T01:11:27.800Z,2011,9,-32.543,-68.888,125.8,1.8,ML,ML,1.8485,Mendoza2022_Meq_to_Mw,Mendoza/YPF 2022,converted_regional,ISC,ISC,1,601847825,,inside_rectangle,single_source,yes,yes,
MZA-02087,2011-09-14T07:57:10.700Z,2011,9,-32.004,-68.527,98,2.1,ML,ML,2.1395,Mendoza2022_Meq_to_Mw,Mendoza/YPF 2022,converted_regional,ISC,ISC,1,601847832,,inside_rectangle,single_source,yes,yes,
MZA-02088,2011-09-15T05:43:22.800Z,2011,9,-32.021,-68.556,114.5,2,ML,ML,2.0425,Mendoza2022_Meq_to_Mw,Mendoza/YPF 2022,converted_regional,ISC,ISC,1,601847844,,inside_rectangle,single_source,yes,yes,
MZA-02089,2011-09-15T11:54:45.700Z,2011,9,-32.959,-68.705,34.6,1.8,ML,ML,1.8485,Mendoza2022_Meq_to_Mw,Mendoza/YPF 2022,converted_regional,ISC,ISC,1,601847847,,inside_rectangle,single_source,yes,yes,
MZA-02090,2011-09-15T12:59:53.200Z,2011,9,-33.031,-68.763,22.4,2.4,ML,ML,2.4305,Mendoza2022_Meq_to_Mw,Mendoza/YPF 2022,converted_regional,ISC,ISC,1,601847850,,inside_rectangle,single_source,yes,yes,
MZA-02091,2011-09-18T06:04:57.300Z,2011,9,-32.079,-68.547,113.9,1.9,ML,ML,1.9455,Mendoza2022_Meq_to_Mw,Mendoza/YPF 2022,converted_regional,ISC,ISC,1,601847882,,inside_rectangle,single_source,yes,yes,
MZA-02092,2011-09-18T21:14:45.299Z,2011,9,-32.017,-67.266,105.7,2,ML,ML,2.0425,Mendoza2022_Meq_to_Mw,Mendoza/YPF 2022,converted_regional,ISC,ISC,1,601847886,,inside_rectangle,single_source,yes,yes,
MZA-02093,2011-09-19T06:53:31.690Z,2011,9,-32.6318,-69.1404,124.2,3.5,ML,ML,3.4975,Mendoza2022_Meq_to_Mw,Mendoza/YPF 2022,converted_regional,ISC,ISC,1,600115536,,inside_rectangle,single_source,yes,yes,
MZA-02094,2011-09-19T13:11:55.800Z,2011,9,-32.599,-69.638,2.9,1.5,ML,ML,1.5575,Mendoza2022_Meq_to_Mw,Mendoza/YPF 2022,converted_regional,ISC,ISC,1,601847896,,inside_rectangle,single_source,yes,yes,
MZA-02095,2011-09-21T09:46:32.700Z,2011,9,-33.207,-69.033,21.9,2.7,ML,ML,2.7215,Mendoza2022_Meq_to_Mw,Mendoza/YPF 2022,converted_regional,ISC,ISC,1,601847973,,inside_rectangle,single_source,yes,yes,
MZA-02096,2011-09-21T11:10:24.399Z,2011,9,-32.709,-69.251,121.5,1.9,ML,ML,1.9455,Mendoza2022_Meq_to_Mw,Mendoza/YPF 2022,converted_regional,ISC,ISC,1,601847976,,inside_rectangle,single_source,yes,yes,
MZA-02097,2011-09-21T12:37:34.600Z,2011,9,-32.194,-69.323,32.9,1.2,ML,ML,1.2665,Mendoza2022_Meq_to_Mw,Mendoza/YPF 2022,converted_regional,ISC,ISC,1,601847978,,inside_rectangle,single_source,yes,yes,
MZA-02098,2011-09-22T17:18:35.700Z,2011,9,-33.122,-69.07,8.2,2.8,ML,ML,2.8185,Mendoza2022_Meq_to_Mw,Mendoza/YPF 2022,converted_regional,ISC,ISC,1,601847989,,inside_rectangle,single_source,yes,yes,
MZA-02099,2011-09-23T05:29:38.100Z,2011,9,-32.842,-69.125,10,2.9,ML,ML,2.9155,Mendoza2022_Meq_to_Mw,Mendoza/YPF 2022,converted_regional,ISC,ISC,1,601847997,,inside_rectangle,single_source,yes,yes,
MZA-02100,2011-09-23T19:11:01.800Z,2011,9,-33.683,-68.596,30.6,3,ML,ML,3.0125,Mendoza2022_Meq_to_Mw,Mendoza/YPF 2022,converted_regional,ISC,ISC,1,601848014,,inside_rectangle,single_source,yes,yes,
MZA-02101,2011-09-23T21:45:30.900Z,2011,9,-33.284,-68.585,28.6,2.3,ML,ML,2.3335,Mendoza2022_Meq_to_Mw,Mendoza/YPF 2022,converted_regional,ISC,ISC,1,601848019,,inside_rectangle,single_source,yes,yes,
MZA-02102,2011-09-24T08:34:43.200Z,2011,9,-33.022,-68.828,21.5,1.9,ML,ML,1.9455,Mendoza2022_Meq_to_Mw,Mendoza/YPF 2022,converted_regional,ISC,ISC,1,601848036,,inside_rectangle,single_source,yes,yes,
MZA-02103,2011-09-24T13:32:46.730Z,2011,9,-32.1091,-69.4873,111.8,3.8,ML,ML,3.7885,Mendoza2022_Meq_to_Mw,Mendoza/YPF 2022,converted_regional,ISC,ISC,1,600115875,,inside_rectangle,single_source,yes,yes,
MZA-02104,2011-09-24T13:43:36.960Z,2011,9,-32.8489,-69.2007,29.6,3.3,ML,ML,3.3035,Mendoza2022_Meq_to_Mw,Mendoza/YPF 2022,converted_regional,ISC,ISC,1,600115876,,inside_rectangle,single_source,yes,yes,
MZA-02105,2011-09-25T08:05:34.399Z,2011,9,-32.578,-67.82,6.7,1.8,ML,ML,1.8485,Mendoza2022_Meq_to_Mw,Mendoza/YPF 2022,converted_regional,ISC,ISC,1,601848047,,inside_rectangle,single_source,yes,yes,
MZA-02106,2011-09-25T17:09:32.500Z,2011,9,-32.838,-69.536,118.2,2.2,ML,ML,2.2365,Mendoza2022_Meq_to_Mw,Mendoza/YPF 2022,converted_regional,ISC,ISC,1,601848052,,inside_rectangle,single_source,yes,yes,
MZA-02107,2011-09-25T20:50:38.200Z,2011,9,-32.964,-68.051,9.5,2.7,ML,ML,2.7215,Mendoza2022_Meq_to_Mw,Mendoza/YPF 2022,converted_regional,ISC,ISC,1,601848054,,inside_rectangle,single_source,yes,yes,
MZA-02108,2011-09-25T21:34:02.200Z,2011,9,-32.054,-69.489,8.9,2,ML,ML,2.0425,Mendoza2022_Meq_to_Mw,Mendoza/YPF 2022,converted_regional,ISC,ISC,1,601848055,,inside_rectangle,single_source,yes,yes,
MZA-02109,2011-09-25T23:36:29.800Z,2011,9,-33.185,-68.638,6.6,2.5,ML,ML,2.5275,Mendoza2022_Meq_to_Mw,Mendoza/YPF 2022,converted_regional,ISC,ISC,1,601848056,,inside_rectangle,single_source,yes,yes,
MZA-02110,2011-09-26T09:34:29.500Z,2011,9,-32.081,-69.269,114,2.4,ML,ML,2.4305,Mendoza2022_Meq_to_Mw,Mendoza/YPF 2022,converted_regional,ISC,ISC,1,601848058,,inside_rectangle,single_source,yes,yes,
MZA-02111,2011-09-26T15:56:11.700Z,2011,9,-32.787,-69.152,6.8,1.8,ML,ML,1.8485,Mendoza2022_Meq_to_Mw,Mendoza/YPF 2022,converted_regional,ISC,ISC,1,601848060,,inside_rectangle,single_source,yes,yes,
MZA-02112,2011-09-28T00:59:15.800Z,2011,9,-33.201,-68.217,26.6,2.2,ML,ML,2.2365,Mendoza2022_Meq_to_Mw,Mendoza/YPF 2022,converted_regional,ISC,ISC,1,601848083,,inside_rectangle,single_source,yes,yes,
MZA-02113,2011-09-29T04:22:01.800Z,2011,9,-32.584,-68.88,8.9,1.1,ML,ML,1.1695,Mendoza2022_Meq_to_Mw,Mendoza/YPF 2022,converted_regional,ISC,ISC,1,601848101,,inside_rectangle,single_source,yes,yes,
MZA-02114,2011-09-29T14:17:58.500Z,2011,9,-32.325,-68.545,123.5,1.9,ML,ML,1.9455,Mendoza2022_Meq_to_Mw,Mendoza/YPF 2022,converted_regional,ISC,ISC,1,601848108,,inside_rectangle,single_source,yes,yes,
MZA-02115,2011-09-29T15:04:37.700Z,2011,9,-33.613,-69.047,7.2,2.5,ML,ML,2.5275,Mendoza2022_Meq_to_Mw,Mendoza/YPF 2022,converted_regional,ISC,ISC,1,601848109,,inside_rectangle,single_source,yes,yes,
MZA-02116,2011-09-29T22:19:51.899Z,2011,9,-32.704,-68.66,10,1.8,ML,ML,1.8485,Mendoza2022_Meq_to_Mw,Mendoza/YPF 2022,converted_regional,ISC,ISC,1,601848115,,inside_rectangle,single_source,yes,yes,
MZA-02117,2011-09-29T23:56:36.720Z,2011,9,-32.3352,-69.6784,121.2,3,ML,ML,3.0125,Mendoza2022_Meq_to_Mw,Mendoza/YPF 2022,converted_regional,ISC,ISC,1,600116225,,inside_rectangle,single_source,yes,yes,
MZA-02118,2011-09-30T07:38:51.000Z,2011,9,-32.754,-68.947,26.5,2,ML,ML,2.0425,Mendoza2022_Meq_to_Mw,Mendoza/YPF 2022,converted_regional,ISC,ISC,1,601848121,,inside_rectangle,single_source,yes,yes,
MZA-02119,2011-09-30T14:07:07.900Z,2011,9,-32.111,-68.675,107,1.9,ML,ML,1.9455,Mendoza2022_Meq_to_Mw,Mendoza/YPF 2022,converted_regional,ISC,ISC,1,601848126,,inside_rectangle,single_source,yes,yes,
MZA-02120,2011-10-03T00:13:46.299Z,2011,10,-33.21,-69.811,4,3.3,ML,ML,3.3035,Mendoza2022_Meq_to_Mw,Mendoza/YPF 2022,converted_regional,ISC,ISC,1,600128429,,inside_rectangle,single_source,yes,yes,
MZA-02121,2011-10-04T06:04:35.300Z,2011,10,-32.091,-67.292,130.7,2.5,ML,ML,2.5275,Mendoza2022_Meq_to_Mw,Mendoza/YPF 2022,converted_regional,ISC,ISC,1,601848155,,inside_rectangle,single_source,yes,yes,
MZA-02122,2011-10-05T23:09:49.530Z,2011,10,-32.0685,-69.2415,14.9,3,ML,ML,3.0125,Mendoza2022_Meq_to_Mw,Mendoza/YPF 2022,converted_regional,ISC,ISC,1,600128445,,inside_rectangle,single_source,yes,yes,
MZA-02123,2011-10-06T15:51:31.600Z,2011,10,-32.2784,-69.6963,125,3.6,ML,ML,3.5945,Mendoza2022_Meq_to_Mw,Mendoza/YPF 2022,converted_regional,ISC,ISC,1,600128453,,inside_rectangle,single_source,yes,yes,
MZA-02124,2011-10-09T08:18:24.600Z,2011,10,-32.008,-67.371,129.7,3.5,ML,ML,3.4975,Mendoza2022_Meq_to_Mw,Mendoza/YPF 2022,converted_regional,ISC,ISC,1,601848182,,inside_rectangle,single_source,yes,yes,
MZA-02125,2011-10-11T06:44:44.400Z,2011,10,-33.446,-67.998,28.9,2.7,ML,ML,2.7215,Mendoza2022_Meq_to_Mw,Mendoza/YPF 2022,converted_regional,ISC,ISC,1,601848189,,inside_rectangle,single_source,yes,yes,
MZA-02126,2011-10-14T00:25:37.610Z,2011,10,-33.4938,-68.4762,2.8,3.2,ML,ML,3.2065,Mendoza2022_Meq_to_Mw,Mendoza/YPF 2022,converted_regional,ISC,ISC,1,600128521,,inside_rectangle,single_source,yes,yes,
MZA-02127,2011-10-14T21:47:08.200Z,2011,10,-32.9425,-69.0592,27,3.2,ML,ML,3.2065,Mendoza2022_Meq_to_Mw,Mendoza/YPF 2022,converted_regional,ISC,ISC,1,600128529,,inside_rectangle,single_source,yes,yes,
MZA-02128,2011-10-19T03:55:56.200Z,2011,10,-34.226,-68.002,219.7,2.9,ML,ML,2.9155,Mendoza2022_Meq_to_Mw,Mendoza/YPF 2022,converted_regional,ISC,ISC,1,601848240,,inside_rectangle,single_source,yes,yes,
MZA-02129,2011-10-20T12:05:29.760Z,2011,10,-32.5768,-69.7474,122.4,2.7,ML,ML,2.7215,Mendoza2022_Meq_to_Mw,Mendoza/YPF 2022,converted_regional,ISC,ISC,1,600130140,,inside_rectangle,single_source,yes,yes,
MZA-02130,2011-10-21T10:47:18.800Z,2011,10,-32.108,-69.366,111.2,2.6,ML,ML,2.6245,Mendoza2022_Meq_to_Mw,Mendoza/YPF 2022,converted_regional,ISC,ISC,1,601848255,,inside_rectangle,single_source,yes,yes,
MZA-02131,2011-10-21T23:39:55.900Z,2011,10,-32.943,-69.168,8.2,2.7,ML,ML,2.7215,Mendoza2022_Meq_to_Mw,Mendoza/YPF 2022,converted_regional,ISC,ISC,1,601848258,,inside_rectangle,single_source,yes,yes,
MZA-02132,2011-10-22T03:16:31.450Z,2011,10,-32.494,-68.8255,129.1,3.4,mb,mb,3.6486,Mendoza2022_mb_to_Mw,Mendoza/YPF 2022,converted_regional,ISC,ISC,1,600085810,,inside_rectangle,single_source,yes,yes,
MZA-02133,2011-10-22T04:33:09.600Z,2011,10,-32.003,-68.444,120.4,2.7,ML,ML,2.7215,Mendoza2022_Meq_to_Mw,Mendoza/YPF 2022,converted_regional,ISC,ISC,1,601848263,,inside_rectangle,single_source,yes,yes,
MZA-02134,2011-10-22T14:47:02.100Z,2011,10,-32.146,-68.593,110.3,2.5,ML,ML,2.5275,Mendoza2022_Meq_to_Mw,Mendoza/YPF 2022,converted_regional,ISC,ISC,1,601848266,,inside_rectangle,single_source,yes,yes,
MZA-02135,2011-10-23T13:31:41.200Z,2011,10,-33.879,-69.062,23.4,3.3,ML,ML,3.3035,Mendoza2022_Meq_to_Mw,Mendoza/YPF 2022,converted_regional,ISC,ISC,1,601848273,,inside_rectangle,single_source,yes,yes,
MZA-02136,2011-10-24T15:16:03.300Z,2011,10,-33.657,-68.278,15.3,2.6,ML,ML,2.6245,Mendoza2022_Meq_to_Mw,Mendoza/YPF 2022,converted_regional,ISC,ISC,1,601848279,,inside_rectangle,single_source,yes,yes,
MZA-02137,2011-10-26T20:23:57.800Z,2011,10,-32.127,-69.517,114.9,2.7,ML,ML,2.7215,Mendoza2022_Meq_to_Mw,Mendoza/YPF 2022,converted_regional,ISC,ISC,1,601848694,,inside_rectangle,single_source,yes,yes,
MZA-02138,2011-10-30T02:27:45.000Z,2011,10,-32.758,-67.451,179.7,3,ML,ML,3.0125,Mendoza2022_Meq_to_Mw,Mendoza/YPF 2022,converted_regional,ISC,ISC,1,601846018,,inside_rectangle,single_source,yes,yes,
MZA-02139,2011-10-31T03:58:17.600Z,2011,10,-32.865,-69.264,26.4,2.5,ML,ML,2.5275,Mendoza2022_Meq_to_Mw,Mendoza/YPF 2022,converted_regional,ISC,ISC,1,601846022,,inside_rectangle,single_source,yes,yes,
MZA-02140,2011-10-31T15:25:46.330Z,2011,10,-32.5865,-69.5772,116.1,2.6,ML,ML,2.6245,Mendoza2022_Meq_to_Mw,Mendoza/YPF 2022,converted_regional,ISC,ISC,1,600130211,,inside_rectangle,single_source,yes,yes,
MZA-02141,2011-11-01T17:19:15.800Z,2011,11,-32.039,-68.957,111.9,2.9,ML,ML,2.9155,Mendoza2022_Meq_to_Mw,Mendoza/YPF 2022,converted_regional,ISC,ISC,1,601846028,,inside_rectangle,single_source,yes,yes,
MZA-02142,2011-11-03T22:40:12.500Z,2011,11,-32.62,-68.752,113.5,3.5,ML,ML,3.4975,Mendoza2022_Meq_to_Mw,Mendoza/YPF 2022,converted_regional,ISC,ISC,1,601846037,,inside_rectangle,single_source,yes,yes,
MZA-02143,2011-11-04T09:20:42.420Z,2011,11,-32.2297,-69.8004,111.3,2.6,ML,ML,2.6245,Mendoza2022_Meq_to_Mw,Mendoza/YPF 2022,converted_regional,ISC,ISC,1,601846040,,inside_rectangle,single_source,yes,yes,
MZA-02144,2011-11-04T19:05:36.300Z,2011,11,-33.106,-67.26,38.4,3,ML,ML,3.0125,Mendoza2022_Meq_to_Mw,Mendoza/YPF 2022,converted_regional,ISC,ISC,1,601846045,,inside_rectangle,single_source,yes,yes,
MZA-02145,2011-11-11T16:18:41.360Z,2011,11,-32.9575,-69.8875,134.1,3.2,ML,ML,3.2065,Mendoza2022_Meq_to_Mw,Mendoza/YPF 2022,converted_regional,ISC,ISC,1,601846077,,inside_rectangle,single_source,yes,yes,
MZA-02146,2011-11-13T19:31:20.799Z,2011,11,-33.207,-69.052,10.5,2.6,ML,ML,2.6245,Mendoza2022_Meq_to_Mw,Mendoza/YPF 2022,converted_regional,ISC,ISC,1,601846097,,inside_rectangle,single_source,yes,yes,
MZA-02147,2011-11-20T01:01:53.100Z,2011,11,-33.341,-69.811,5.6,2.8,ML,ML,2.8185,Mendoza2022_Meq_to_Mw,Mendoza/YPF 2022,converted_regional,ISC,ISC,1,602009661,,inside_rectangle,single_source,yes,yes,
MZA-02148,2011-11-20T15:55:43.040Z,2011,11,-32.4494,-68.0394,146.7,3.9,mb,mb,3.9256,Mendoza2022_mb_to_Mw,Mendoza/YPF 2022,converted_regional,ISC,ISC,1,600081407,,inside_rectangle,single_source,yes,yes,
MZA-02149,2011-11-22T15:24:52.600Z,2011,11,-32.035,-69.583,88.7,2.5,ML,ML,2.5275,Mendoza2022_Meq_to_Mw,Mendoza/YPF 2022,converted_regional,ISC,ISC,1,601846140,,inside_rectangle,single_source,yes,yes,
MZA-02150,2011-11-24T15:58:58.000Z,2011,11,-32.509,-69.609,119.2,2.5,ML,ML,2.5275,Mendoza2022_Meq_to_Mw,Mendoza/YPF 2022,converted_regional,ISC,ISC,1,601846156,,inside_rectangle,single_source,yes,yes,
MZA-02151,2011-11-25T08:53:39.640Z,2011,11,-33.3495,-69.7569,16.2,2.9,ML,ML,2.9155,Mendoza2022_Meq_to_Mw,Mendoza/YPF 2022,converted_regional,ISC,ISC,1,601846160,,inside_rectangle,single_source,yes,yes,
MZA-02152,2011-11-30T09:58:06.600Z,2011,11,-32.923,-69.279,10,2.5,ML,ML,2.5275,Mendoza2022_Meq_to_Mw,Mendoza/YPF 2022,converted_regional,ISC,ISC,1,601846175,,inside_rectangle,single_source,yes,yes,
MZA-02153,2011-12-04T11:31:12.000Z,2011,12,-32.14,-67.755,40,2.7,ML,ML,2.7215,Mendoza2022_Meq_to_Mw,Mendoza/YPF 2022,converted_regional,ISC,ISC,1,603966323,,inside_rectangle,single_source,yes,yes,
MZA-02154,2011-12-04T17:57:16.140Z,2011,12,-33.6305,-68.8538,3.3,3.1,ML,ML,3.1095,Mendoza2022_Meq_to_Mw,Mendoza/YPF 2022,converted_regional,ISC,ISC,1,602010364,,inside_rectangle,single_source,yes,yes,
MZA-02155,2011-12-05T06:36:58.110Z,2011,12,-32.8385,-69.9777,103.2,2.6,ML,ML,2.6245,Mendoza2022_Meq_to_Mw,Mendoza/YPF 2022,converted_regional,ISC,ISC,1,602010405,,inside_rectangle,single_source,yes,yes,
MZA-02156,2011-12-06T02:26:32.300Z,2011,12,-32.698,-68.459,15.1,2.7,MD,MD,2.7215,Mendoza2022_Meq_to_Mw,Mendoza/YPF 2022,converted_regional,ISC,ISC,1,603966346,,inside_rectangle,single_source,yes,yes,
MZA-02157,2011-12-09T02:51:30.800Z,2011,12,-32.76,-69.325,128.3,3.2,ML,ML,3.2065,Mendoza2022_Meq_to_Mw,Mendoza/YPF 2022,converted_regional,ISC,ISC,1,603974867,,inside_rectangle,single_source,yes,yes,
MZA-02158,2011-12-09T19:45:27.400Z,2011,12,-32.581,-68.957,125.5,4.1,ML,ML,4.0795,Mendoza2022_Meq_to_Mw,Mendoza/YPF 2022,converted_regional,ISC,ISC,1,603974879,,inside_rectangle,single_source,yes,yes,
MZA-02159,2011-12-10T10:32:23.250Z,2011,12,-33.4157,-69.9555,16.5,3.2,ML,ML,3.2065,Mendoza2022_Meq_to_Mw,Mendoza/YPF 2022,converted_regional,ISC,ISC,1,602010649,,inside_rectangle,single_source,yes,yes,
MZA-02160,2011-12-10T11:43:18.900Z,2011,12,-32.093,-69.317,107,3.1,ML,ML,3.1095,Mendoza2022_Meq_to_Mw,Mendoza/YPF 2022,converted_regional,ISC,ISC,1,603974886,,inside_rectangle,single_source,yes,yes,
MZA-02161,2011-12-10T12:08:38.199Z,2011,12,-32.318,-67.788,13.2,3,ML,ML,3.0125,Mendoza2022_Meq_to_Mw,Mendoza/YPF 2022,converted_regional,ISC,ISC,1,603974888,,inside_rectangle,single_source,yes,yes,
MZA-02162,2011-12-10T21:18:36.090Z,2011,12,-33.3031,-69.9827,7.3,2.1,ML,ML,2.1395,Mendoza2022_Meq_to_Mw,Mendoza/YPF 2022,converted_regional,ISC,ISC,1,602010661,,inside_rectangle,single_source,yes,yes,
MZA-02163,2011-12-11T14:13:47.599Z,2011,12,-32.125,-68.549,119.1,3.5,ML,ML,3.4975,Mendoza2022_Meq_to_Mw,Mendoza/YPF 2022,converted_regional,ISC,ISC,1,603974900,,inside_rectangle,single_source,yes,yes,
MZA-02164,2011-12-11T19:51:35.370Z,2011,12,-33.073,-69.9489,119.4,3.2,ML,ML,3.2065,Mendoza2022_Meq_to_Mw,Mendoza/YPF 2022,converted_regional,ISC,ISC,1,602010704,,inside_rectangle,single_source,yes,yes,
MZA-02165,2011-12-12T17:06:27.000Z,2011,12,-32.664,-68.329,123.3,1.8,ML,ML,1.8485,Mendoza2022_Meq_to_Mw,Mendoza/YPF 2022,converted_regional,ISC,ISC,1,603974914,,inside_rectangle,single_source,yes,yes,
MZA-02166,2011-12-13T06:46:09.000Z,2011,12,-33.251,-69.845,6.6,2.4,ML,ML,2.4305,Mendoza2022_Meq_to_Mw,Mendoza/YPF 2022,converted_regional,ISC,ISC,1,603974924,,inside_rectangle,single_source,yes,yes,
MZA-02167,2011-12-13T09:28:41.100Z,2011,12,-32.484,-69.318,6.4,1.6,ML,ML,1.6545,Mendoza2022_Meq_to_Mw,Mendoza/YPF 2022,converted_regional,ISC,ISC,1,603974928,,inside_rectangle,single_source,yes,yes,
MZA-02168,2011-12-14T14:44:17.000Z,2011,12,-32.951,-68.261,24.3,2,ML,ML,2.0425,Mendoza2022_Meq_to_Mw,Mendoza/YPF 2022,converted_regional,ISC,ISC,1,603974945,,inside_rectangle,single_source,yes,yes,
MZA-02169,2011-12-16T10:27:13.470Z,2011,12,-32.6811,-67.7994,4.9,3.8,ML,ML,3.7885,Mendoza2022_Meq_to_Mw,Mendoza/YPF 2022,converted_regional,ISC,ISC,1,600222229,,inside_rectangle,single_source,yes,yes,
MZA-02170,2011-12-16T21:02:54.100Z,2011,12,-32.227,-68.56,119,2.2,ML,ML,2.2365,Mendoza2022_Meq_to_Mw,Mendoza/YPF 2022,converted_regional,ISC,ISC,1,603974967,,inside_rectangle,single_source,yes,yes,
MZA-02171,2011-12-17T07:49:37.400Z,2011,12,-32.94,-68.105,26.9,1.7,ML,ML,1.7515,Mendoza2022_Meq_to_Mw,Mendoza/YPF 2022,converted_regional,ISC,ISC,1,603974972,,inside_rectangle,single_source,yes,yes,
MZA-02172,2011-12-17T09:44:19.700Z,2011,12,-33.073,-69.622,9.4,1.3,ML,ML,1.3635,Mendoza2022_Meq_to_Mw,Mendoza/YPF 2022,converted_regional,ISC,ISC,1,603974973,,inside_rectangle,single_source,yes,yes,
MZA-02173,2011-12-17T22:59:02.899Z,2011,12,-32.232,-69.444,112.3,2.2,ML,ML,2.2365,Mendoza2022_Meq_to_Mw,Mendoza/YPF 2022,converted_regional,ISC,ISC,1,603974982,,inside_rectangle,single_source,yes,yes,
MZA-02174,2011-12-17T23:46:54.700Z,2011,12,-32.039,-69.556,92.2,1.8,ML,ML,1.8485,Mendoza2022_Meq_to_Mw,Mendoza/YPF 2022,converted_regional,ISC,ISC,1,603974983,,inside_rectangle,single_source,yes,yes,
MZA-02175,2011-12-18T06:56:52.000Z,2011,12,-32.18,-69.214,35.6,1.7,ML,ML,1.7515,Mendoza2022_Meq_to_Mw,Mendoza/YPF 2022,converted_regional,ISC,ISC,1,603974986,,inside_rectangle,single_source,yes,yes,
MZA-02176,2011-12-18T10:41:08.999Z,2011,12,-33.523,-68.796,18,1.9,ML,ML,1.9455,Mendoza2022_Meq_to_Mw,Mendoza/YPF 2022,converted_regional,ISC,ISC,1,603974990,,inside_rectangle,single_source,yes,yes,
MZA-02177,2011-12-19T12:13:04.500Z,2011,12,-32.051,-68.573,108.2,2.2,ML,ML,2.2365,Mendoza2022_Meq_to_Mw,Mendoza/YPF 2022,converted_regional,ISC,ISC,1,603974997,,inside_rectangle,single_source,yes,yes,
MZA-02178,2011-12-21T13:44:34.900Z,2011,12,-32.059,-67.588,120.4,2.4,ML,ML,2.4305,Mendoza2022_Meq_to_Mw,Mendoza/YPF 2022,converted_regional,ISC,ISC,1,603975011,,inside_rectangle,single_source,yes,yes,
MZA-02179,2011-12-24T01:32:42.800Z,2011,12,-32.073,-68.183,10.4,2.5,MD,MD,2.5275,Mendoza2022_Meq_to_Mw,Mendoza/YPF 2022,converted_regional,ISC,ISC,1,603975035,,inside_rectangle,single_source,yes,yes,
MZA-02180,2011-12-24T01:49:02.300Z,2011,12,-33.135,-68.173,20,2.4,ML,ML,2.4305,Mendoza2022_Meq_to_Mw,Mendoza/YPF 2022,converted_regional,ISC,ISC,1,603975037,,inside_rectangle,single_source,yes,yes,
MZA-02181,2011-12-24T02:14:04.300Z,2011,12,-32.012,-69.798,114.7,4.1,ML,ML,4.0795,Mendoza2022_Meq_to_Mw,Mendoza/YPF 2022,converted_regional,ISC,ISC,1,603975038,,inside_rectangle,single_source,yes,yes,
MZA-02182,2011-12-24T18:43:25.700Z,2011,12,-33.21,-68.649,76.6,2.1,ML,ML,2.1395,Mendoza2022_Meq_to_Mw,Mendoza/YPF 2022,converted_regional,ISC,ISC,1,603975047,,inside_rectangle,single_source,yes,yes,
MZA-02183,2011-12-24T21:25:48.570Z,2011,12,-32.9821,-69.113,14,4,mb,mb,3.981,Mendoza2022_mb_to_Mw,Mendoza/YPF 2022,converted_regional,ISC,ISC + USGS,2,600129883,usp000jckq,inside_rectangle,accepted_manual_location_uncertainty,yes,yes,Match con discrepancia espacial moderada.
MZA-02184,2011-12-25T10:54:46.820Z,2011,12,-32.9774,-69.9833,97.3,2.8,ML,ML,2.8185,Mendoza2022_Meq_to_Mw,Mendoza/YPF 2022,converted_regional,ISC,ISC,1,602011251,,inside_rectangle,single_source,yes,yes,
MZA-02185,2011-12-26T11:47:55.400Z,2011,12,-32.303,-67.497,127.1,3.3,ML,ML,3.3035,Mendoza2022_Meq_to_Mw,Mendoza/YPF 2022,converted_regional,ISC,ISC,1,603975071,,inside_rectangle,single_source,yes,yes,
MZA-02186,2011-12-26T21:41:55.390Z,2011,12,-32.3381,-69.6786,119.3,2.8,ML,ML,2.8185,Mendoza2022_Meq_to_Mw,Mendoza/YPF 2022,converted_regional,ISC,ISC,1,602011338,,inside_rectangle,single_source,yes,yes,
MZA-02187,2011-12-26T23:02:45.000Z,2011,12,-33.058,-69.353,10.8,2.4,ML,ML,2.4305,Mendoza2022_Meq_to_Mw,Mendoza/YPF 2022,converted_regional,ISC,ISC,1,603975079,,inside_rectangle,single_source,yes,yes,
MZA-02188,2011-12-27T07:18:12.800Z,2011,12,-32.474,-69.322,10.1,1.7,ML,ML,1.7515,Mendoza2022_Meq_to_Mw,Mendoza/YPF 2022,converted_regional,ISC,ISC,1,603975084,,inside_rectangle,single_source,yes,yes,
MZA-02189,2011-12-27T07:51:44.300Z,2011,12,-32.455,-69.06,7.4,1.9,ML,ML,1.9455,Mendoza2022_Meq_to_Mw,Mendoza/YPF 2022,converted_regional,ISC,ISC,1,603975086,,inside_rectangle,single_source,yes,yes,
MZA-02190,2011-12-27T18:44:48.800Z,2011,12,-32.909,-69.271,15.1,2.3,ML,ML,2.3335,Mendoza2022_Meq_to_Mw,Mendoza/YPF 2022,converted_regional,ISC,ISC,1,603975090,,inside_rectangle,single_source,yes,yes,
MZA-02191,2011-12-28T09:16:17.200Z,2011,12,-32.625,-69.589,98.9,2.4,ML,ML,2.4305,Mendoza2022_Meq_to_Mw,Mendoza/YPF 2022,converted_regional,ISC,ISC,1,603975094,,inside_rectangle,single_source,yes,yes,
MZA-02192,2011-12-29T01:23:04.310Z,2011,12,-34.0116,-68.9477,18.6,2.6,ML,ML,2.6245,Mendoza2022_Meq_to_Mw,Mendoza/YPF 2022,converted_regional,ISC,ISC,1,602011447,,inside_rectangle,single_source,yes,yes,
MZA-02193,2011-12-29T05:48:55.000Z,2011,12,-32.328,-67.518,143.4,1.9,ML,ML,1.9455,Mendoza2022_Meq_to_Mw,Mendoza/YPF 2022,converted_regional,ISC,ISC,1,603975106,,inside_rectangle,single_source,yes,yes,
MZA-02194,2011-12-31T17:56:06.800Z,2011,12,-32.118,-69.467,104.7,1.8,ML,ML,1.8485,Mendoza2022_Meq_to_Mw,Mendoza/YPF 2022,converted_regional,ISC,ISC,1,603975139,,inside_rectangle,single_source,yes,yes,
MZA-02195,2012-01-01T11:14:17.600Z,2012,1,-32.973,-68.414,10,1.8,ML,ML,1.8485,Mendoza2022_Meq_to_Mw,Mendoza/YPF 2022,converted_regional,ISC,ISC,1,603975158,,inside_rectangle,single_source,yes,yes,
MZA-02196,2012-01-01T13:17:55.200Z,2012,1,-32.309,-69.517,117,2.6,MD,MD,2.6245,Mendoza2022_Meq_to_Mw,Mendoza/YPF 2022,converted_regional,ISC,ISC,1,603975160,,inside_rectangle,single_source,yes,yes,
MZA-02197,2012-01-02T04:45:46.880Z,2012,1,-33.1641,-69.9684,138.8,2.3,ML,ML,2.3335,Mendoza2022_Meq_to_Mw,Mendoza/YPF 2022,converted_regional,ISC,ISC,1,603285435,,inside_rectangle,single_source,yes,yes,
MZA-02198,2012-01-02T23:56:55.000Z,2012,1,-32.119,-69.321,112.5,2.5,ML,ML,2.5275,Mendoza2022_Meq_to_Mw,Mendoza/YPF 2022,converted_regional,ISC,ISC,1,603975178,,inside_rectangle,single_source,yes,yes,
MZA-02199,2012-01-03T07:45:21.500Z,2012,1,-32.665,-69.085,125,2.7,ML,ML,2.7215,Mendoza2022_Meq_to_Mw,Mendoza/YPF 2022,converted_regional,ISC,ISC,1,603975180,,inside_rectangle,single_source,yes,yes,
MZA-02200,2012-01-05T07:49:21.400Z,2012,1,-33.693,-69.976,14.5,1.8,ML,ML,1.8485,Mendoza2022_Meq_to_Mw,Mendoza/YPF 2022,converted_regional,ISC,ISC,1,604448467,,inside_rectangle,single_source,yes,yes,
MZA-02201,2012-01-05T08:29:50.360Z,2012,1,-33.1392,-69.1692,2.1,2.7,ML,ML,2.7215,Mendoza2022_Meq_to_Mw,Mendoza/YPF 2022,converted_regional,ISC,ISC,1,603285473,,inside_rectangle,single_source,yes,yes,
MZA-02202,2012-01-05T08:51:02.880Z,2012,1,-32.4728,-69.7941,125.9,2.7,ML,ML,2.7215,Mendoza2022_Meq_to_Mw,Mendoza/YPF 2022,converted_regional,ISC,ISC,1,603285474,,inside_rectangle,single_source,yes,yes,
MZA-02203,2012-01-05T19:41:53.900Z,2012,1,-32.069,-69.776,107.5,2.5,ML,ML,2.5275,Mendoza2022_Meq_to_Mw,Mendoza/YPF 2022,converted_regional,ISC,ISC,1,603975225,,inside_rectangle,single_source,yes,yes,
MZA-02204,2012-01-05T20:17:45.500Z,2012,1,-33.186,-68.955,16.2,2.5,ML,ML,2.5275,Mendoza2022_Meq_to_Mw,Mendoza/YPF 2022,converted_regional,ISC,ISC,1,603975226,,inside_rectangle,single_source,yes,yes,
MZA-02205,2012-01-06T11:06:02.600Z,2012,1,-33.138,-68.991,24.1,2.4,ML,ML,2.4305,Mendoza2022_Meq_to_Mw,Mendoza/YPF 2022,converted_regional,ISC,ISC,1,603975232,,inside_rectangle,single_source,yes,yes,
MZA-02206,2012-01-07T15:46:03.700Z,2012,1,-32.3,-69.991,102,2.3,ML,ML,2.3335,Mendoza2022_Meq_to_Mw,Mendoza/YPF 2022,converted_regional,ISC,ISC,1,603975246,,inside_rectangle,single_source,yes,yes,
MZA-02207,2012-01-08T04:11:36.000Z,2012,1,-32.288,-68.564,117.4,2.3,ML,ML,2.3335,Mendoza2022_Meq_to_Mw,Mendoza/YPF 2022,converted_regional,ISC,ISC,1,603975254,,inside_rectangle,single_source,yes,yes,
MZA-02208,2012-01-08T07:23:43.720Z,2012,1,-32.0494,-68.4056,114.8,3.2,ML,ML,3.2065,Mendoza2022_Meq_to_Mw,Mendoza/YPF 2022,converted_regional,ISC,ISC,1,603285517,,inside_rectangle,single_source,yes,yes,
MZA-02209,2012-01-08T14:05:21.150Z,2012,1,-32.6014,-69.8978,107.3,2.6,ML,ML,2.6245,Mendoza2022_Meq_to_Mw,Mendoza/YPF 2022,converted_regional,ISC,ISC,1,603285522,,inside_rectangle,single_source,yes,yes,
MZA-02210,2012-01-09T08:38:38.400Z,2012,1,-32.329,-68.819,117.5,1.7,ML,ML,1.7515,Mendoza2022_Meq_to_Mw,Mendoza/YPF 2022,converted_regional,ISC,ISC,1,603975269,,inside_rectangle,single_source,yes,yes,
MZA-02211,2012-01-10T05:17:18.100Z,2012,1,-32.205,-68.936,26.5,1.4,ML,ML,1.4605,Mendoza2022_Meq_to_Mw,Mendoza/YPF 2022,converted_regional,ISC,ISC,1,603975284,,inside_rectangle,single_source,yes,yes,
MZA-02212,2012-01-10T07:38:50.000Z,2012,1,-32.119,-68.581,110.6,2.4,ML,ML,2.4305,Mendoza2022_Meq_to_Mw,Mendoza/YPF 2022,converted_regional,ISC,ISC,1,603975285,,inside_rectangle,single_source,yes,yes,
MZA-02213,2012-01-10T14:40:06.600Z,2012,1,-32.264,-69.536,106.3,2.2,ML,ML,2.2365,Mendoza2022_Meq_to_Mw,Mendoza/YPF 2022,converted_regional,ISC,ISC,1,603975290,,inside_rectangle,single_source,yes,yes,
MZA-02214,2012-01-11T14:00:59.900Z,2012,1,-32.187,-69.445,106.7,2.4,ML,ML,2.4305,Mendoza2022_Meq_to_Mw,Mendoza/YPF 2022,converted_regional,ISC,ISC,1,603975303,,inside_rectangle,single_source,yes,yes,
MZA-02215,2012-01-11T22:27:23.900Z,2012,1,-32.039,-69.32,10,1.6,ML,ML,1.6545,Mendoza2022_Meq_to_Mw,Mendoza/YPF 2022,converted_regional,ISC,ISC,1,603975310,,inside_rectangle,single_source,yes,yes,
MZA-02216,2012-01-12T01:38:51.000Z,2012,1,-32.098,-69.275,25.3,1.8,ML,ML,1.8485,Mendoza2022_Meq_to_Mw,Mendoza/YPF 2022,converted_regional,ISC,ISC,1,603975311,,inside_rectangle,single_source,yes,yes,
MZA-02217,2012-01-12T03:55:38.700Z,2012,1,-33.105,-68.333,21.2,2.3,ML,ML,2.3335,Mendoza2022_Meq_to_Mw,Mendoza/YPF 2022,converted_regional,ISC,ISC,1,603975313,,inside_rectangle,single_source,yes,yes,
MZA-02218,2012-01-12T05:35:54.190Z,2012,1,-33.0799,-68.5173,11.1,2.9,ML,ML,2.9155,Mendoza2022_Meq_to_Mw,Mendoza/YPF 2022,converted_regional,ISC,ISC,1,604448542,,inside_rectangle,single_source,yes,yes,
MZA-02219,2012-01-12T06:03:40.500Z,2012,1,-32.133,-69.511,111.4,1.7,ML,ML,1.7515,Mendoza2022_Meq_to_Mw,Mendoza/YPF 2022,converted_regional,ISC,ISC,1,603975316,,inside_rectangle,single_source,yes,yes,
MZA-02220,2012-01-12T08:54:08.700Z,2012,1,-32.599,-69.634,3.2,1.4,ML,ML,1.4605,Mendoza2022_Meq_to_Mw,Mendoza/YPF 2022,converted_regional,ISC,ISC,1,603975319,,inside_rectangle,single_source,yes,yes,
MZA-02221,2012-01-12T21:47:13.600Z,2012,1,-33.295,-68.56,8.3,2.4,ML,ML,2.4305,Mendoza2022_Meq_to_Mw,Mendoza/YPF 2022,converted_regional,ISC,ISC,1,603975326,,inside_rectangle,single_source,yes,yes,
MZA-02222,2012-01-13T05:15:14.470Z,2012,1,-32.9578,-69.0071,21.7,2.1,ML,ML,2.1395,Mendoza2022_Meq_to_Mw,Mendoza/YPF 2022,converted_regional,ISC,ISC,1,603285578,,inside_rectangle,single_source,yes,yes,
MZA-02223,2012-01-13T18:11:32.800Z,2012,1,-32.606,-68.676,125,1.6,ML,ML,1.6545,Mendoza2022_Meq_to_Mw,Mendoza/YPF 2022,converted_regional,ISC,ISC,1,603975339,,inside_rectangle,single_source,yes,yes,
MZA-02224,2012-01-13T21:28:07.999Z,2012,1,-32.077,-69.037,115.9,2,ML,ML,2.0425,Mendoza2022_Meq_to_Mw,Mendoza/YPF 2022,converted_regional,ISC,ISC,1,603975341,,inside_rectangle,single_source,yes,yes,
MZA-02225,2012-01-14T19:30:02.800Z,2012,1,-32.147,-68.402,119.2,2.2,ML,ML,2.2365,Mendoza2022_Meq_to_Mw,Mendoza/YPF 2022,converted_regional,ISC,ISC,1,603975357,,inside_rectangle,single_source,yes,yes,
MZA-02226,2012-01-15T02:14:43.600Z,2012,1,-32.466,-69.29,6.1,2.1,ML,ML,2.1395,Mendoza2022_Meq_to_Mw,Mendoza/YPF 2022,converted_regional,ISC,ISC,1,603975366,,inside_rectangle,single_source,yes,yes,
MZA-02227,2012-01-15T04:09:13.300Z,2012,1,-33.335,-68.263,19.5,1.9,ML,ML,1.9455,Mendoza2022_Meq_to_Mw,Mendoza/YPF 2022,converted_regional,ISC,ISC,1,603975368,,inside_rectangle,single_source,yes,yes,
MZA-02228,2012-01-17T01:10:10.999Z,2012,1,-33.093,-68.211,18.5,2.2,ML,ML,2.2365,Mendoza2022_Meq_to_Mw,Mendoza/YPF 2022,converted_regional,ISC,ISC,1,603975397,,inside_rectangle,single_source,yes,yes,
MZA-02229,2012-01-17T06:05:44.300Z,2012,1,-32.641,-68.994,30.2,2,ML,ML,2.0425,Mendoza2022_Meq_to_Mw,Mendoza/YPF 2022,converted_regional,ISC,ISC,1,603975401,,inside_rectangle,single_source,yes,yes,
MZA-02230,2012-01-18T15:43:29.800Z,2012,1,-32.071,-68.699,5.8,2.5,ML,ML,2.5275,Mendoza2022_Meq_to_Mw,Mendoza/YPF 2022,converted_regional,ISC,ISC,1,603975421,,inside_rectangle,single_source,yes,yes,
MZA-02231,2012-01-19T18:18:00.100Z,2012,1,-32.34,-69.887,101.5,3.2,ML,ML,3.2065,Mendoza2022_Meq_to_Mw,Mendoza/YPF 2022,converted_regional,ISC,ISC,1,603975442,,inside_rectangle,single_source,yes,yes,
MZA-02232,2012-01-19T23:50:28.800Z,2012,1,-32.054,-68.464,118.4,2.2,ML,ML,2.2365,Mendoza2022_Meq_to_Mw,Mendoza/YPF 2022,converted_regional,ISC,ISC,1,603975448,,inside_rectangle,single_source,yes,yes,
MZA-02233,2012-01-20T03:31:31.400Z,2012,1,-33.015,-69.974,125.4,1.9,ML,ML,1.9455,Mendoza2022_Meq_to_Mw,Mendoza/YPF 2022,converted_regional,ISC,ISC,1,603975454,,inside_rectangle,single_source,yes,yes,
MZA-02234,2012-01-20T07:50:19.500Z,2012,1,-32.136,-69.191,15.6,2.5,ML,ML,2.5275,Mendoza2022_Meq_to_Mw,Mendoza/YPF 2022,converted_regional,ISC,ISC,1,603975460,,inside_rectangle,single_source,yes,yes,
MZA-02235,2012-01-22T02:16:01.800Z,2012,1,-32.393,-69.407,113,3.1,ML,ML,3.1095,Mendoza2022_Meq_to_Mw,Mendoza/YPF 2022,converted_regional,ISC,ISC,1,603975493,,inside_rectangle,single_source,yes,yes,
MZA-02236,2012-01-22T05:36:44.300Z,2012,1,-33.304,-69.15,10.5,2.3,ML,ML,2.3335,Mendoza2022_Meq_to_Mw,Mendoza/YPF 2022,converted_regional,ISC,ISC,1,603975496,,inside_rectangle,single_source,yes,yes,
MZA-02237,2012-01-22T07:45:35.199Z,2012,1,-32.467,-68.046,16.3,2.6,ML,ML,2.6245,Mendoza2022_Meq_to_Mw,Mendoza/YPF 2022,converted_regional,ISC,ISC,1,603975497,,inside_rectangle,single_source,yes,yes,
MZA-02238,2012-01-22T13:32:22.900Z,2012,1,-32.264,-69.511,116,3.4,ML,ML,3.4005,Mendoza2022_Meq_to_Mw,Mendoza/YPF 2022,converted_regional,ISC,ISC,1,603975503,,inside_rectangle,single_source,yes,yes,
MZA-02239,2012-01-23T09:53:18.499Z,2012,1,-32.302,-69.071,26.7,0.9,ML,ML,0.9755,Mendoza2022_Meq_to_Mw,Mendoza/YPF 2022,converted_regional,ISC,ISC,1,603975506,,inside_rectangle,single_source,yes,yes,
MZA-02240,2012-01-23T18:25:54.200Z,2012,1,-32.624,-68.974,128,2.9,ML,ML,2.9155,Mendoza2022_Meq_to_Mw,Mendoza/YPF 2022,converted_regional,ISC,ISC,1,603975513,,inside_rectangle,single_source,yes,yes,
MZA-02241,2012-01-23T21:01:13.000Z,2012,1,-32.184,-69.546,111.9,3.3,ML,ML,3.3035,Mendoza2022_Meq_to_Mw,Mendoza/YPF 2022,converted_regional,ISC,ISC,1,603975515,,inside_rectangle,single_source,yes,yes,
MZA-02242,2012-01-25T08:50:12.200Z,2012,1,-32.146,-69.41,107.2,2.2,ML,ML,2.2365,Mendoza2022_Meq_to_Mw,Mendoza/YPF 2022,converted_regional,ISC,ISC,1,603975530,,inside_rectangle,single_source,yes,yes,
MZA-02243,2012-01-25T20:19:37.300Z,2012,1,-32.54,-69.169,40.7,2.7,MD,MD,2.7215,Mendoza2022_Meq_to_Mw,Mendoza/YPF 2022,converted_regional,ISC,ISC,1,603975539,,inside_rectangle,single_source,yes,yes,
MZA-02244,2012-01-26T09:06:10.519Z,2012,1,-33.3665,-69.8635,14.3,1.9,ML,ML,1.9455,Mendoza2022_Meq_to_Mw,Mendoza/YPF 2022,converted_regional,ISC,ISC,1,603285796,,inside_rectangle,single_source,yes,yes,
MZA-02245,2012-01-26T15:39:01.600Z,2012,1,-32.085,-68.93,10.2,1.1,ML,ML,1.1695,Mendoza2022_Meq_to_Mw,Mendoza/YPF 2022,converted_regional,ISC,ISC,1,603975547,,inside_rectangle,single_source,yes,yes,
MZA-02246,2012-01-27T22:21:16.000Z,2012,1,-33.559,-69.917,2.3,1.8,ML,ML,1.8485,Mendoza2022_Meq_to_Mw,Mendoza/YPF 2022,converted_regional,ISC,ISC,1,604448740,,inside_rectangle,single_source,yes,yes,
MZA-02247,2012-01-28T10:30:26.600Z,2012,1,-32.136,-68.95,28.3,1.9,ML,ML,1.9455,Mendoza2022_Meq_to_Mw,Mendoza/YPF 2022,converted_regional,ISC,ISC,1,603975571,,inside_rectangle,single_source,yes,yes,
MZA-02248,2012-01-28T12:56:15.900Z,2012,1,-32.328,-67.762,16.6,1.9,ML,ML,1.9455,Mendoza2022_Meq_to_Mw,Mendoza/YPF 2022,converted_regional,ISC,ISC,1,603975572,,inside_rectangle,single_source,yes,yes,
MZA-02249,2012-01-29T04:14:38.900Z,2012,1,-34.8428,-69.4434,177,4,mb,mb,3.981,Mendoza2022_mb_to_Mw,Mendoza/YPF 2022,converted_regional,ISC,ISC + USGS,2,600723692,usp000je46,inside_rectangle,accepted_manual_location_uncertainty,yes,yes,Match con discrepancia espacial moderada.
MZA-02250,2012-01-30T03:25:50.200Z,2012,1,-32.091,-68.376,119.2,2.4,ML,ML,2.4305,Mendoza2022_Meq_to_Mw,Mendoza/YPF 2022,converted_regional,ISC,ISC,1,603975597,,inside_rectangle,single_source,yes,yes,
MZA-02251,2012-01-31T16:37:42.580Z,2012,1,-33.1766,-69.6271,129.1,3.2,ML,ML,3.2065,Mendoza2022_Meq_to_Mw,Mendoza/YPF 2022,converted_regional,ISC,ISC,1,603285925,,inside_rectangle,single_source,yes,yes,
MZA-02252,2012-02-03T07:55:45.600Z,2012,2,-32.118,-69.438,108.3,2.1,ML,ML,2.1395,Mendoza2022_Meq_to_Mw,Mendoza/YPF 2022,converted_regional,ISC,ISC,1,603962699,,inside_rectangle,single_source,yes,yes,
MZA-02253,2012-02-03T10:20:34.399Z,2012,2,-32.038,-69.613,103,2.6,ML,ML,2.6245,Mendoza2022_Meq_to_Mw,Mendoza/YPF 2022,converted_regional,ISC,ISC,1,603962702,,inside_rectangle,single_source,yes,yes,
MZA-02254,2012-02-03T14:29:00.199Z,2012,2,-32.177,-68.898,10.4,2.4,ML,ML,2.4305,Mendoza2022_Meq_to_Mw,Mendoza/YPF 2022,converted_regional,ISC,ISC,1,603962704,,inside_rectangle,single_source,yes,yes,
MZA-02255,2012-02-04T21:16:42.500Z,2012,2,-33.059,-68.387,4,2.3,ML,ML,2.3335,Mendoza2022_Meq_to_Mw,Mendoza/YPF 2022,converted_regional,ISC,ISC,1,603962720,,inside_rectangle,single_source,yes,yes,
MZA-02256,2012-02-04T23:46:48.800Z,2012,2,-32.836,-69.093,24.5,1.6,ML,ML,1.6545,Mendoza2022_Meq_to_Mw,Mendoza/YPF 2022,converted_regional,ISC,ISC,1,603962721,,inside_rectangle,single_source,yes,yes,
MZA-02257,2012-02-06T08:01:46.900Z,2012,2,-33.266,-69.292,10.4,2,ML,ML,2.0425,Mendoza2022_Meq_to_Mw,Mendoza/YPF 2022,converted_regional,ISC,ISC,1,603962745,,inside_rectangle,single_source,yes,yes,
MZA-02258,2012-02-07T01:08:30.400Z,2012,2,-33.506,-69.937,6.6,1.9,ML,ML,1.9455,Mendoza2022_Meq_to_Mw,Mendoza/YPF 2022,converted_regional,ISC,ISC,1,603962756,,inside_rectangle,single_source,yes,yes,
MZA-02259,2012-02-07T02:57:51.200Z,2012,2,-32.625,-68.972,31,1.1,ML,ML,1.1695,Mendoza2022_Meq_to_Mw,Mendoza/YPF 2022,converted_regional,ISC,ISC,1,603962758,,inside_rectangle,single_source,yes,yes,
MZA-02260,2012-02-07T05:35:34.800Z,2012,2,-33.264,-69.263,10,2.1,ML,ML,2.1395,Mendoza2022_Meq_to_Mw,Mendoza/YPF 2022,converted_regional,ISC,ISC,1,603962760,,inside_rectangle,single_source,yes,yes,
MZA-02261,2012-02-07T10:43:16.500Z,2012,2,-32.007,-69.322,105.7,1.8,ML,ML,1.8485,Mendoza2022_Meq_to_Mw,Mendoza/YPF 2022,converted_regional,ISC,ISC,1,603962761,,inside_rectangle,single_source,yes,yes,
MZA-02262,2012-02-07T13:42:55.700Z,2012,2,-34.359,-67.003,40,2.8,ML,ML,2.8185,Mendoza2022_Meq_to_Mw,Mendoza/YPF 2022,converted_regional,ISC,ISC,1,603962763,,inside_rectangle,single_source,yes,yes,
MZA-02263,2012-02-08T16:22:29.500Z,2012,2,-33.213,-68.398,30.3,2.2,ML,ML,2.2365,Mendoza2022_Meq_to_Mw,Mendoza/YPF 2022,converted_regional,ISC,ISC,1,603962777,,inside_rectangle,single_source,yes,yes,
MZA-02264,2012-02-09T11:28:18.000Z,2012,2,-33.244,-69.245,19.7,2.1,ML,ML,2.1395,Mendoza2022_Meq_to_Mw,Mendoza/YPF 2022,converted_regional,ISC,ISC,1,603962788,,inside_rectangle,single_source,yes,yes,
MZA-02265,2012-02-09T23:29:20.500Z,2012,2,-33.213,-69.129,150.4,2.1,ML,ML,2.1395,Mendoza2022_Meq_to_Mw,Mendoza/YPF 2022,converted_regional,ISC,ISC,1,603962791,,inside_rectangle,single_source,yes,yes,
MZA-02266,2012-02-09T23:54:20.600Z,2012,2,-32.746,-68.491,16.4,1,ML,ML,1.0725,Mendoza2022_Meq_to_Mw,Mendoza/YPF 2022,converted_regional,ISC,ISC,1,603962792,,inside_rectangle,single_source,yes,yes,
MZA-02267,2012-02-10T09:29:07.100Z,2012,2,-32.15,-69.16,113.1,2.1,ML,ML,2.1395,Mendoza2022_Meq_to_Mw,Mendoza/YPF 2022,converted_regional,ISC,ISC,1,603962795,,inside_rectangle,single_source,yes,yes,
MZA-02268,2012-02-10T17:07:29.199Z,2012,2,-32.534,-67.028,6.8,2.8,ML,ML,2.8185,Mendoza2022_Meq_to_Mw,Mendoza/YPF 2022,converted_regional,ISC,ISC,1,603962800,,inside_rectangle,single_source,yes,yes,
MZA-02269,2012-02-12T23:51:11.500Z,2012,2,-32.676,-68.881,133.5,1.8,ML,ML,1.8485,Mendoza2022_Meq_to_Mw,Mendoza/YPF 2022,converted_regional,ISC,ISC,1,603962830,,inside_rectangle,single_source,yes,yes,
MZA-02270,2012-02-13T07:55:58.300Z,2012,2,-32.231,-69.576,113.6,2.1,ML,ML,2.1395,Mendoza2022_Meq_to_Mw,Mendoza/YPF 2022,converted_regional,ISC,ISC,1,603962834,,inside_rectangle,single_source,yes,yes,
MZA-02271,2012-02-13T14:27:57.000Z,2012,2,-33.481,-68.803,19.8,2.2,ML,ML,2.2365,Mendoza2022_Meq_to_Mw,Mendoza/YPF 2022,converted_regional,ISC,ISC,1,603962838,,inside_rectangle,single_source,yes,yes,
MZA-02272,2012-02-14T03:55:29.300Z,2012,2,-32.922,-69.34,29.2,2.7,ML,ML,2.7215,Mendoza2022_Meq_to_Mw,Mendoza/YPF 2022,converted_regional,ISC,ISC,1,603962848,,inside_rectangle,single_source,yes,yes,
MZA-02273,2012-02-14T05:22:09.200Z,2012,2,-32.35,-69.83,107.4,2.4,ML,ML,2.4305,Mendoza2022_Meq_to_Mw,Mendoza/YPF 2022,converted_regional,ISC,ISC,1,603962849,,inside_rectangle,single_source,yes,yes,
MZA-02274,2012-02-14T05:58:03.320Z,2012,2,-32.0901,-69.9551,112.4,4.4,mb,mb,4.2026,Mendoza2022_mb_to_Mw,Mendoza/YPF 2022,converted_regional,ISC,ISC,1,600657497,,inside_rectangle,single_source,yes,yes,
MZA-02275,2012-02-14T08:56:15.700Z,2012,2,-33.139,-69.035,20.9,2,ML,ML,2.0425,Mendoza2022_Meq_to_Mw,Mendoza/YPF 2022,converted_regional,ISC,ISC,1,603962850,,inside_rectangle,single_source,yes,yes,
MZA-02276,2012-02-14T12:40:35.899Z,2012,2,-32.125,-69.171,103.4,3.3,ML,ML,3.3035,Mendoza2022_Meq_to_Mw,Mendoza/YPF 2022,converted_regional,ISC,ISC,1,603962854,,inside_rectangle,single_source,yes,yes,
MZA-02277,2012-02-14T17:09:00.900Z,2012,2,-32.936,-68.017,1.6,2.2,ML,ML,2.2365,Mendoza2022_Meq_to_Mw,Mendoza/YPF 2022,converted_regional,ISC,ISC,1,603962857,,inside_rectangle,single_source,yes,yes,
MZA-02278,2012-02-14T18:09:35.530Z,2012,2,-32.5325,-69.2197,120,3.5,ML,ML,3.4975,Mendoza2022_Meq_to_Mw,Mendoza/YPF 2022,converted_regional,ISC,ISC,1,603286072,,inside_rectangle,single_source,yes,yes,
MZA-02279,2012-02-15T02:27:02.900Z,2012,2,-32.275,-67.575,133.5,2.8,ML,ML,2.8185,Mendoza2022_Meq_to_Mw,Mendoza/YPF 2022,converted_regional,ISC,ISC,1,603962861,,inside_rectangle,single_source,yes,yes,
MZA-02280,2012-02-15T11:50:21.020Z,2012,2,-33.1985,-68.8995,14.8,3.2,ML,ML,3.2065,Mendoza2022_Meq_to_Mw,Mendoza/YPF 2022,converted_regional,ISC,ISC,1,603286081,,inside_rectangle,single_source,yes,yes,
MZA-02281,2012-02-19T23:55:16.600Z,2012,2,-32.913,-69.158,8.7,2.5,ML,ML,2.5275,Mendoza2022_Meq_to_Mw,Mendoza/YPF 2022,converted_regional,ISC,ISC,1,603962914,,inside_rectangle,single_source,yes,yes,
MZA-02282,2012-02-22T05:51:59.800Z,2012,2,-33.272,-69.369,10.2,2.3,ML,ML,2.3335,Mendoza2022_Meq_to_Mw,Mendoza/YPF 2022,converted_regional,ISC,ISC,1,603962943,,inside_rectangle,single_source,yes,yes,
MZA-02283,2012-02-22T08:39:23.000Z,2012,2,-34.226,-68.983,12.9,2.5,ML,ML,2.5275,Mendoza2022_Meq_to_Mw,Mendoza/YPF 2022,converted_regional,ISC,ISC,1,603962948,,inside_rectangle,single_source,yes,yes,
MZA-02284,2012-02-22T09:05:14.800Z,2012,2,-32.685,-68.883,36,1.6,ML,ML,1.6545,Mendoza2022_Meq_to_Mw,Mendoza/YPF 2022,converted_regional,ISC,ISC,1,603962949,,inside_rectangle,single_source,yes,yes,
MZA-02285,2012-02-23T03:20:46.300Z,2012,2,-32.825,-69.133,23.8,2.2,ML,ML,2.2365,Mendoza2022_Meq_to_Mw,Mendoza/YPF 2022,converted_regional,ISC,ISC,1,603962968,,inside_rectangle,single_source,yes,yes,
MZA-02286,2012-02-24T09:58:59.399Z,2012,2,-32.328,-67.234,139.2,2.3,ML,ML,2.3335,Mendoza2022_Meq_to_Mw,Mendoza/YPF 2022,converted_regional,ISC,ISC,1,603962986,,inside_rectangle,single_source,yes,yes,
MZA-02287,2012-02-24T12:12:27.400Z,2012,2,-32.243,-67.557,133.8,2.2,ML,ML,2.2365,Mendoza2022_Meq_to_Mw,Mendoza/YPF 2022,converted_regional,ISC,ISC,1,603962988,,inside_rectangle,single_source,yes,yes,
MZA-02288,2012-02-24T14:16:57.800Z,2012,2,-32.018,-68.392,113.8,1.8,ML,ML,1.8485,Mendoza2022_Meq_to_Mw,Mendoza/YPF 2022,converted_regional,ISC,ISC,1,603962989,,inside_rectangle,single_source,yes,yes,
MZA-02289,2012-02-25T07:47:41.200Z,2012,2,-32.536,-68.931,34.9,2.4,ML,ML,2.4305,Mendoza2022_Meq_to_Mw,Mendoza/YPF 2022,converted_regional,ISC,ISC,1,603963051,,inside_rectangle,single_source,yes,yes,
MZA-02290,2012-02-26T01:27:12.400Z,2012,2,-32.186,-69.134,110.7,2.1,ML,ML,2.1395,Mendoza2022_Meq_to_Mw,Mendoza/YPF 2022,converted_regional,ISC,ISC,1,603963056,,inside_rectangle,single_source,yes,yes,
MZA-02291,2012-02-26T15:02:17.400Z,2012,2,-32.695,-68.898,29.8,2,ML,ML,2.0425,Mendoza2022_Meq_to_Mw,Mendoza/YPF 2022,converted_regional,ISC,ISC,1,603963064,,inside_rectangle,single_source,yes,yes,
MZA-02292,2012-02-27T08:25:29.700Z,2012,2,-32.74,-68.882,29.9,2.3,ML,ML,2.3335,Mendoza2022_Meq_to_Mw,Mendoza/YPF 2022,converted_regional,ISC,ISC,1,603963070,,inside_rectangle,single_source,yes,yes,
MZA-02293,2012-02-27T09:11:26.930Z,2012,2,-32.1022,-69.9263,116.8,3.7,ML,ML,3.6915,Mendoza2022_Meq_to_Mw,Mendoza/YPF 2022,converted_regional,ISC,ISC,1,603286213,,inside_rectangle,single_source,yes,yes,
MZA-02294,2012-02-28T02:58:11.900Z,2012,2,-33.013,-69.124,27.4,2.9,ML,ML,2.9155,Mendoza2022_Meq_to_Mw,Mendoza/YPF 2022,converted_regional,ISC,ISC,1,603963084,,inside_rectangle,single_source,yes,yes,
MZA-02295,2012-02-28T13:31:36.400Z,2012,2,-32.768,-69.437,10.2,1.9,ML,ML,1.9455,Mendoza2022_Meq_to_Mw,Mendoza/YPF 2022,converted_regional,ISC,ISC,1,603963091,,inside_rectangle,single_source,yes,yes,
MZA-02296,2012-03-01T10:14:15.199Z,2012,3,-32.02,-69.341,115.7,2.4,ML,ML,2.4305,Mendoza2022_Meq_to_Mw,Mendoza/YPF 2022,converted_regional,ISC,ISC,1,604399157,,inside_rectangle,single_source,yes,yes,
MZA-02297,2012-03-01T23:31:08.800Z,2012,3,-32.628,-67.904,15.1,2.2,ML,ML,2.2365,Mendoza2022_Meq_to_Mw,Mendoza/YPF 2022,converted_regional,ISC,ISC,1,604399161,,inside_rectangle,single_source,yes,yes,
MZA-02298,2012-03-02T22:59:22.600Z,2012,3,-32.1,-69.512,107.3,2.1,ML,ML,2.1395,Mendoza2022_Meq_to_Mw,Mendoza/YPF 2022,converted_regional,ISC,ISC,1,604399549,,inside_rectangle,single_source,yes,yes,
MZA-02299,2012-03-04T05:01:36.900Z,2012,3,-34.861,-69.835,40.2,2.5,ML,ML,2.5275,Mendoza2022_Meq_to_Mw,Mendoza/YPF 2022,converted_regional,ISC,ISC,1,604399563,,inside_rectangle,single_source,yes,yes,
MZA-02300,2012-03-05T16:26:51.900Z,2012,3,-33.296,-68.932,10,2,ML,ML,2.0425,Mendoza2022_Meq_to_Mw,Mendoza/YPF 2022,converted_regional,ISC,ISC,1,604399581,,inside_rectangle,single_source,yes,yes,
MZA-02301,2012-03-06T00:09:11.100Z,2012,3,-32.04,-69.743,106.5,2.6,ML,ML,2.6245,Mendoza2022_Meq_to_Mw,Mendoza/YPF 2022,converted_regional,ISC,ISC,1,604399583,,inside_rectangle,single_source,yes,yes,
MZA-02302,2012-03-06T11:55:16.000Z,2012,3,-32.495,-67.259,201.3,2.1,ML,ML,2.1395,Mendoza2022_Meq_to_Mw,Mendoza/YPF 2022,converted_regional,ISC,ISC,1,604399592,,inside_rectangle,single_source,yes,yes,
MZA-02303,2012-03-09T22:39:25.000Z,2012,3,-32.833,-69.244,82.6,1.7,ML,ML,1.7515,Mendoza2022_Meq_to_Mw,Mendoza/YPF 2022,converted_regional,ISC,ISC,1,604399640,,inside_rectangle,single_source,yes,yes,
MZA-02304,2012-03-10T00:59:47.900Z,2012,3,-32.283,-68.721,115.9,2.2,ML,ML,2.2365,Mendoza2022_Meq_to_Mw,Mendoza/YPF 2022,converted_regional,ISC,ISC,1,604401126,,inside_rectangle,single_source,yes,yes,
MZA-02305,2012-03-10T06:12:13.100Z,2012,3,-32.233,-69.526,120.1,2.6,ML,ML,2.6245,Mendoza2022_Meq_to_Mw,Mendoza/YPF 2022,converted_regional,ISC,ISC,1,604401128,,inside_rectangle,single_source,yes,yes,
MZA-02306,2012-03-10T09:16:58.900Z,2012,3,-32.194,-69.185,116,1.8,ML,ML,1.8485,Mendoza2022_Meq_to_Mw,Mendoza/YPF 2022,converted_regional,ISC,ISC,1,604401130,,inside_rectangle,single_source,yes,yes,
MZA-02307,2012-03-11T18:20:36.230Z,2012,3,-32.9515,-68.9727,14,2.5,ML,ML,2.5275,Mendoza2022_Meq_to_Mw,Mendoza/YPF 2022,converted_regional,ISC,ISC,1,603286357,,inside_rectangle,single_source,yes,yes,
MZA-02308,2012-03-12T03:17:14.900Z,2012,3,-32.779,-68.221,5.9,2.8,ML,ML,2.8185,Mendoza2022_Meq_to_Mw,Mendoza/YPF 2022,converted_regional,ISC,ISC,1,604401148,,inside_rectangle,single_source,yes,yes,
MZA-02309,2012-03-12T20:27:46.300Z,2012,3,-32.558,-69.799,108.6,2.2,ML,ML,2.2365,Mendoza2022_Meq_to_Mw,Mendoza/YPF 2022,converted_regional,ISC,ISC,1,604401153,,inside_rectangle,single_source,yes,yes,
MZA-02310,2012-03-13T21:08:09.599Z,2012,3,-32.662,-68.025,133.5,2.5,ML,ML,2.5275,Mendoza2022_Meq_to_Mw,Mendoza/YPF 2022,converted_regional,ISC,ISC,1,604401169,,inside_rectangle,single_source,yes,yes,
MZA-02311,2012-03-14T03:08:25.000Z,2012,3,-32.05,-67.74,10,3.1,ML,ML,3.1095,Mendoza2022_Meq_to_Mw,Mendoza/YPF 2022,converted_regional,ISC,ISC,1,604401170,,inside_rectangle,single_source,yes,yes,
MZA-02312,2012-03-15T23:55:21.199Z,2012,3,-32.71,-69.23,41.7,1.5,ML,ML,1.5575,Mendoza2022_Meq_to_Mw,Mendoza/YPF 2022,converted_regional,ISC,ISC,1,604401185,,inside_rectangle,single_source,yes,yes,
MZA-02313,2012-03-16T21:34:39.000Z,2012,3,-32.302,-69.829,108.7,2.4,ML,ML,2.4305,Mendoza2022_Meq_to_Mw,Mendoza/YPF 2022,converted_regional,ISC,ISC,1,604401192,,inside_rectangle,single_source,yes,yes,
MZA-02314,2012-03-17T06:58:01.600Z,2012,3,-32.327,-68.793,8.3,1.8,ML,ML,1.8485,Mendoza2022_Meq_to_Mw,Mendoza/YPF 2022,converted_regional,ISC,ISC,1,604401194,,inside_rectangle,single_source,yes,yes,
MZA-02315,2012-03-18T06:42:27.700Z,2012,3,-32.258,-69.832,101.3,1.9,ML,ML,1.9455,Mendoza2022_Meq_to_Mw,Mendoza/YPF 2022,converted_regional,ISC,ISC,1,604401205,,inside_rectangle,single_source,yes,yes,
MZA-02316,2012-03-18T17:22:13.799Z,2012,3,-32.835,-69.263,19.2,1.8,ML,ML,1.8485,Mendoza2022_Meq_to_Mw,Mendoza/YPF 2022,converted_regional,ISC,ISC,1,604401208,,inside_rectangle,single_source,yes,yes,
MZA-02317,2012-03-19T21:00:08.500Z,2012,3,-33.044,-68.462,32.9,1.9,ML,ML,1.9455,Mendoza2022_Meq_to_Mw,Mendoza/YPF 2022,converted_regional,ISC,ISC,1,604401221,,inside_rectangle,single_source,yes,yes,
MZA-02318,2012-03-19T22:43:12.800Z,2012,3,-32.457,-68.506,37.8,1.5,ML,ML,1.5575,Mendoza2022_Meq_to_Mw,Mendoza/YPF 2022,converted_regional,ISC,ISC,1,604401222,,inside_rectangle,single_source,yes,yes,
MZA-02319,2012-03-20T12:04:07.300Z,2012,3,-32.753,-69.242,35.7,1.8,ML,ML,1.8485,Mendoza2022_Meq_to_Mw,Mendoza/YPF 2022,converted_regional,ISC,ISC,1,604401226,,inside_rectangle,single_source,yes,yes,
MZA-02320,2012-03-20T22:16:51.300Z,2012,3,-32.675,-67.883,22.5,2.1,ML,ML,2.1395,Mendoza2022_Meq_to_Mw,Mendoza/YPF 2022,converted_regional,ISC,ISC,1,604401231,,inside_rectangle,single_source,yes,yes,
MZA-02321,2012-03-23T05:02:40.799Z,2012,3,-33.046,-69.388,127.5,2.2,ML,ML,2.2365,Mendoza2022_Meq_to_Mw,Mendoza/YPF 2022,converted_regional,ISC,ISC,1,604401252,,inside_rectangle,single_source,yes,yes,
MZA-02322,2012-03-25T07:13:39.600Z,2012,3,-32.861,-69.127,19.2,1.9,ML,ML,1.9455,Mendoza2022_Meq_to_Mw,Mendoza/YPF 2022,converted_regional,ISC,ISC,1,604401279,,inside_rectangle,single_source,yes,yes,
MZA-02323,2012-03-25T21:05:58.499Z,2012,3,-32.063,-68.539,117.5,2.1,ML,ML,2.1395,Mendoza2022_Meq_to_Mw,Mendoza/YPF 2022,converted_regional,ISC,ISC,1,604401285,,inside_rectangle,single_source,yes,yes,
MZA-02324,2012-03-27T08:27:35.300Z,2012,3,-32.108,-68.441,122.2,2.3,ML,ML,2.3335,Mendoza2022_Meq_to_Mw,Mendoza/YPF 2022,converted_regional,ISC,ISC,1,604401295,,inside_rectangle,single_source,yes,yes,
MZA-02325,2012-03-29T09:32:28.600Z,2012,3,-32.053,-69.406,111.4,2.5,ML,ML,2.5275,Mendoza2022_Meq_to_Mw,Mendoza/YPF 2022,converted_regional,ISC,ISC,1,604401320,,inside_rectangle,single_source,yes,yes,
MZA-02326,2012-03-29T13:19:39.400Z,2012,3,-32.092,-69.119,107.6,3.2,ML,ML,3.2065,Mendoza2022_Meq_to_Mw,Mendoza/YPF 2022,converted_regional,ISC,ISC,1,604401324,,inside_rectangle,single_source,yes,yes,
MZA-02327,2012-03-30T09:13:02.400Z,2012,3,-32.395,-67.348,200,3.7,ML,ML,3.6915,Mendoza2022_Meq_to_Mw,Mendoza/YPF 2022,converted_regional,ISC,ISC,1,604846022,,inside_rectangle,single_source,yes,yes,
MZA-02328,2012-03-30T18:29:16.700Z,2012,3,-32.102,-69.216,102.2,1.9,ML,ML,1.9455,Mendoza2022_Meq_to_Mw,Mendoza/YPF 2022,converted_regional,ISC,ISC,1,604401342,,inside_rectangle,single_source,yes,yes,
MZA-02329,2012-03-30T23:37:51.700Z,2012,3,-32.207,-69.301,118.5,2.8,ML,ML,2.8185,Mendoza2022_Meq_to_Mw,Mendoza/YPF 2022,converted_regional,ISC,ISC,1,604401344,,inside_rectangle,single_source,yes,yes,
MZA-02330,2012-03-31T11:59:24.600Z,2012,3,-34.08,-68.194,8,2,ML,ML,2.0425,Mendoza2022_Meq_to_Mw,Mendoza/YPF 2022,converted_regional,ISC,ISC,1,604401349,,inside_rectangle,single_source,yes,yes,
MZA-02331,2012-03-31T22:03:53.500Z,2012,3,-32.15,-67.771,13.8,1.6,ML,ML,1.6545,Mendoza2022_Meq_to_Mw,Mendoza/YPF 2022,converted_regional,ISC,ISC,1,604401355,,inside_rectangle,single_source,yes,yes,
MZA-02332,2012-04-01T05:07:14.600Z,2012,4,-32.354,-69.743,115.2,2.1,ML,ML,2.1395,Mendoza2022_Meq_to_Mw,Mendoza/YPF 2022,converted_regional,ISC,ISC,1,604401359,,inside_rectangle,single_source,yes,yes,
MZA-02333,2012-04-01T05:40:06.000Z,2012,4,-32.254,-68.85,113.4,1.9,ML,ML,1.9455,Mendoza2022_Meq_to_Mw,Mendoza/YPF 2022,converted_regional,ISC,ISC,1,604401360,,inside_rectangle,single_source,yes,yes,
MZA-02334,2012-04-02T05:35:10.300Z,2012,4,-32.065,-69.407,105.6,2,ML,ML,2.0425,Mendoza2022_Meq_to_Mw,Mendoza/YPF 2022,converted_regional,ISC,ISC,1,604401385,,inside_rectangle,single_source,yes,yes,
MZA-02335,2012-04-03T03:44:55.980Z,2012,4,-33.0904,-68.9868,3.1,3.4,ML,ML,3.4005,Mendoza2022_Meq_to_Mw,Mendoza/YPF 2022,converted_regional,ISC,ISC,1,603288229,,inside_rectangle,single_source,yes,yes,
MZA-02336,2012-04-03T23:29:07.100Z,2012,4,-32.654,-68.914,26.8,1.5,ML,ML,1.5575,Mendoza2022_Meq_to_Mw,Mendoza/YPF 2022,converted_regional,ISC,ISC,1,604401455,,inside_rectangle,single_source,yes,yes,
MZA-02337,2012-04-04T01:06:27.399Z,2012,4,-32.192,-69.446,113.3,1.7,ML,ML,1.7515,Mendoza2022_Meq_to_Mw,Mendoza/YPF 2022,converted_regional,ISC,ISC,1,604401524,,inside_rectangle,single_source,yes,yes,
MZA-02338,2012-04-04T12:03:07.500Z,2012,4,-32.239,-69.326,114.6,2.2,ML,ML,2.2365,Mendoza2022_Meq_to_Mw,Mendoza/YPF 2022,converted_regional,ISC,ISC,1,604401532,,inside_rectangle,single_source,yes,yes,
MZA-02339,2012-04-04T13:52:22.700Z,2012,4,-32.105,-69.619,106.2,2,ML,ML,2.0425,Mendoza2022_Meq_to_Mw,Mendoza/YPF 2022,converted_regional,ISC,ISC,1,604401533,,inside_rectangle,single_source,yes,yes,
MZA-02340,2012-04-04T15:47:54.100Z,2012,4,-32.027,-69.385,117.2,2.2,ML,ML,2.2365,Mendoza2022_Meq_to_Mw,Mendoza/YPF 2022,converted_regional,ISC,ISC,1,604401536,,inside_rectangle,single_source,yes,yes,
MZA-02341,2012-04-05T18:26:05.500Z,2012,4,-32.217,-69.462,114.1,2.2,ML,ML,2.2365,Mendoza2022_Meq_to_Mw,Mendoza/YPF 2022,converted_regional,ISC,ISC,1,604401608,,inside_rectangle,single_source,yes,yes,
MZA-02342,2012-04-05T22:38:17.600Z,2012,4,-32.02,-69.337,111.9,2.8,ML,ML,2.8185,Mendoza2022_Meq_to_Mw,Mendoza/YPF 2022,converted_regional,ISC,ISC,1,604401611,,inside_rectangle,single_source,yes,yes,
MZA-02343,2012-04-06T00:20:33.600Z,2012,4,-32.446,-68.943,25.3,2.2,ML,ML,2.2365,Mendoza2022_Meq_to_Mw,Mendoza/YPF 2022,converted_regional,ISC,ISC,1,604401654,,inside_rectangle,single_source,yes,yes,
MZA-02344,2012-04-06T01:39:53.800Z,2012,4,-32.599,-68.831,127.3,2.2,ML,ML,2.2365,Mendoza2022_Meq_to_Mw,Mendoza/YPF 2022,converted_regional,ISC,ISC,1,604401656,,inside_rectangle,single_source,yes,yes,
MZA-02345,2012-04-07T05:41:07.300Z,2012,4,-33.29,-68.036,22.5,2,ML,ML,2.0425,Mendoza2022_Meq_to_Mw,Mendoza/YPF 2022,converted_regional,ISC,ISC,1,604401710,,inside_rectangle,single_source,yes,yes,
MZA-02346,2012-04-07T17:31:29.300Z,2012,4,-32.003,-68.299,120.7,3.1,ML,ML,3.1095,Mendoza2022_Meq_to_Mw,Mendoza/YPF 2022,converted_regional,ISC,ISC,1,604401719,,inside_rectangle,single_source,yes,yes,
MZA-02347,2012-04-08T05:32:36.900Z,2012,4,-32.041,-68.522,115,2.4,ML,ML,2.4305,Mendoza2022_Meq_to_Mw,Mendoza/YPF 2022,converted_regional,ISC,ISC,1,604401744,,inside_rectangle,single_source,yes,yes,
MZA-02348,2012-04-08T14:50:35.800Z,2012,4,-33.565,-68.655,14.9,1.6,ML,ML,1.6545,Mendoza2022_Meq_to_Mw,Mendoza/YPF 2022,converted_regional,ISC,ISC,1,604401756,,inside_rectangle,single_source,yes,yes,
MZA-02349,2012-04-08T16:36:20.649Z,2012,4,-33.9212,-69.1969,168,3.1,ML,ML,3.1095,Mendoza2022_Meq_to_Mw,Mendoza/YPF 2022,converted_regional,ISC,ISC,1,603288280,,inside_rectangle,single_source,yes,yes,
MZA-02350,2012-04-08T18:46:24.200Z,2012,4,-33.163,-69.077,8.1,1.8,ML,ML,1.8485,Mendoza2022_Meq_to_Mw,Mendoza/YPF 2022,converted_regional,ISC,ISC,1,604401758,,inside_rectangle,single_source,yes,yes,
MZA-02351,2012-04-08T21:59:06.400Z,2012,4,-32.159,-69.508,112.1,1.7,ML,ML,1.7515,Mendoza2022_Meq_to_Mw,Mendoza/YPF 2022,converted_regional,ISC,ISC,1,604401765,,inside_rectangle,single_source,yes,yes,
MZA-02352,2012-04-09T22:59:37.700Z,2012,4,-33.027,-69.595,10.3,1.6,ML,ML,1.6545,Mendoza2022_Meq_to_Mw,Mendoza/YPF 2022,converted_regional,ISC,ISC,1,604401789,,inside_rectangle,single_source,yes,yes,
MZA-02353,2012-04-10T15:29:52.700Z,2012,4,-32.086,-67.633,26.3,1.7,ML,ML,1.7515,Mendoza2022_Meq_to_Mw,Mendoza/YPF 2022,converted_regional,ISC,ISC,1,604401818,,inside_rectangle,single_source,yes,yes,
MZA-02354,2012-04-10T23:47:33.500Z,2012,4,-33.556,-68.945,15.3,1.8,ML,ML,1.8485,Mendoza2022_Meq_to_Mw,Mendoza/YPF 2022,converted_regional,ISC,ISC,1,604401821,,inside_rectangle,single_source,yes,yes,
MZA-02355,2012-04-11T20:53:08.400Z,2012,4,-32.184,-69.609,108,1.6,ML,ML,1.6545,Mendoza2022_Meq_to_Mw,Mendoza/YPF 2022,converted_regional,ISC,ISC,1,604401901,,inside_rectangle,single_source,yes,yes,
MZA-02356,2012-04-12T02:35:03.110Z,2012,4,-32.018,-67.9622,0.8,3.3,ML,ML,3.3035,Mendoza2022_Meq_to_Mw,Mendoza/YPF 2022,converted_regional,ISC,ISC,1,603288316,,inside_rectangle,single_source,yes,yes,
MZA-02357,2012-04-12T09:06:59.300Z,2012,4,-33.559,-69.055,146.7,3,ML,ML,3.0125,Mendoza2022_Meq_to_Mw,Mendoza/YPF 2022,converted_regional,ISC,ISC,1,604401957,,inside_rectangle,single_source,yes,yes,
MZA-02358,2012-04-14T16:41:27.100Z,2012,4,-32.106,-69.621,118.3,2,ML,ML,2.0425,Mendoza2022_Meq_to_Mw,Mendoza/YPF 2022,converted_regional,ISC,ISC,1,604402117,,inside_rectangle,single_source,yes,yes,
MZA-02359,2012-04-15T22:50:45.570Z,2012,4,-34.3944,-68.8455,25.9,4.2,mb,mb,4.0918,Mendoza2022_mb_to_Mw,Mendoza/YPF 2022,converted_regional,ISC,ISC + USGS,2,601023060,usp000jj1j,inside_rectangle,accepted_manual_location_uncertainty,yes,yes,Match con discrepancia espacial moderada.
MZA-02360,2012-04-18T03:55:16.200Z,2012,4,-33.069,-69.239,25.3,1.8,ML,ML,1.8485,Mendoza2022_Meq_to_Mw,Mendoza/YPF 2022,converted_regional,ISC,ISC,1,604402289,,inside_rectangle,single_source,yes,yes,
MZA-02361,2012-04-18T10:14:05.100Z,2012,4,-33.052,-68.872,11.3,2.8,ML,ML,2.8185,Mendoza2022_Meq_to_Mw,Mendoza/YPF 2022,converted_regional,ISC,ISC,1,604402294,,inside_rectangle,single_source,yes,yes,
MZA-02362,2012-04-18T22:00:19.900Z,2012,4,-34.242,-68.587,48.9,2.3,ML,ML,2.3335,Mendoza2022_Meq_to_Mw,Mendoza/YPF 2022,converted_regional,ISC,ISC,1,604402301,,inside_rectangle,single_source,yes,yes,
MZA-02363,2012-04-19T06:00:39.099Z,2012,4,-32.766,-68.972,10,2.1,ML,ML,2.1395,Mendoza2022_Meq_to_Mw,Mendoza/YPF 2022,converted_regional,ISC,ISC,1,604402353,,inside_rectangle,single_source,yes,yes,
MZA-02364,2012-04-19T09:37:53.100Z,2012,4,-34.342,-69.349,7.4,2.1,ML,ML,2.1395,Mendoza2022_Meq_to_Mw,Mendoza/YPF 2022,converted_regional,ISC,ISC,1,604402356,,inside_rectangle,single_source,yes,yes,
MZA-02365,2012-04-19T10:35:19.500Z,2012,4,-32.126,-69.041,111.9,1.5,ML,ML,1.5575,Mendoza2022_Meq_to_Mw,Mendoza/YPF 2022,converted_regional,ISC,ISC,1,604402358,,inside_rectangle,single_source,yes,yes,
MZA-02366,2012-04-19T20:23:21.500Z,2012,4,-32.887,-68.533,10,2.8,ML,ML,2.8185,Mendoza2022_Meq_to_Mw,Mendoza/YPF 2022,converted_regional,ISC,ISC,1,604402363,,inside_rectangle,single_source,yes,yes,
MZA-02367,2012-04-21T03:47:40.960Z,2012,4,-32.2876,-67.7827,3.7,3.7,mb,mb,3.8148,Mendoza2022_mb_to_Mw,Mendoza/YPF 2022,converted_regional,ISC,ISC,1,601106287,,inside_rectangle,single_source,yes,yes,
MZA-02368,2012-04-24T06:38:04.100Z,2012,4,-32.417,-69.84,96.4,2.6,ML,ML,2.6245,Mendoza2022_Meq_to_Mw,Mendoza/YPF 2022,converted_regional,ISC,ISC,1,604402706,,inside_rectangle,single_source,yes,yes,
MZA-02369,2012-04-24T08:16:14.500Z,2012,4,-32.674,-68.766,10.1,2.5,ML,ML,2.5275,Mendoza2022_Meq_to_Mw,Mendoza/YPF 2022,converted_regional,ISC,ISC,1,604402707,,inside_rectangle,single_source,yes,yes,
MZA-02370,2012-04-24T16:47:18.300Z,2012,4,-32.617,-68.862,35.9,2,ML,ML,2.0425,Mendoza2022_Meq_to_Mw,Mendoza/YPF 2022,converted_regional,ISC,ISC,1,604402712,,inside_rectangle,single_source,yes,yes,
MZA-02371,2012-04-24T20:10:43.100Z,2012,4,-32.878,-68.767,23.7,0.9,ML,ML,0.9755,Mendoza2022_Meq_to_Mw,Mendoza/YPF 2022,converted_regional,ISC,ISC,1,604402716,,inside_rectangle,single_source,yes,yes,
MZA-02372,2012-04-24T22:43:05.800Z,2012,4,-33.09,-68.956,15.9,1.7,ML,ML,1.7515,Mendoza2022_Meq_to_Mw,Mendoza/YPF 2022,converted_regional,ISC,ISC,1,604402720,,inside_rectangle,single_source,yes,yes,
MZA-02373,2012-04-25T00:52:29.600Z,2012,4,-32.595,-68.806,28.2,2,ML,ML,2.0425,Mendoza2022_Meq_to_Mw,Mendoza/YPF 2022,converted_regional,ISC,ISC,1,604402781,,inside_rectangle,single_source,yes,yes,
MZA-02374,2012-04-25T08:12:49.000Z,2012,4,-33.166,-68.574,82.8,1.6,ML,ML,1.6545,Mendoza2022_Meq_to_Mw,Mendoza/YPF 2022,converted_regional,ISC,ISC,1,604402784,,inside_rectangle,single_source,yes,yes,
MZA-02375,2012-04-25T08:25:43.300Z,2012,4,-32.712,-69.035,121.8,1.8,ML,ML,1.8485,Mendoza2022_Meq_to_Mw,Mendoza/YPF 2022,converted_regional,ISC,ISC,1,604402785,,inside_rectangle,single_source,yes,yes,
MZA-02376,2012-04-25T10:14:53.900Z,2012,4,-32.971,-69.243,6.6,1.7,ML,ML,1.7515,Mendoza2022_Meq_to_Mw,Mendoza/YPF 2022,converted_regional,ISC,ISC,1,604402789,,inside_rectangle,single_source,yes,yes,
MZA-02377,2012-04-25T10:21:25.000Z,2012,4,-32.046,-69.403,103.8,2.9,ML,ML,2.9155,Mendoza2022_Meq_to_Mw,Mendoza/YPF 2022,converted_regional,ISC,ISC,1,604402790,,inside_rectangle,single_source,yes,yes,
MZA-02378,2012-04-26T04:00:56.200Z,2012,4,-32.206,-69.484,115.4,2.2,ML,ML,2.2365,Mendoza2022_Meq_to_Mw,Mendoza/YPF 2022,converted_regional,ISC,ISC,1,604402870,,inside_rectangle,single_source,yes,yes,
MZA-02379,2012-04-26T05:47:03.300Z,2012,4,-32.239,-69.614,115,1.5,ML,ML,1.5575,Mendoza2022_Meq_to_Mw,Mendoza/YPF 2022,converted_regional,ISC,ISC,1,604402871,,inside_rectangle,single_source,yes,yes,
MZA-02380,2012-04-27T00:28:18.060Z,2012,4,-32.6243,-69.9674,119.1,2.6,ML,ML,2.6245,Mendoza2022_Meq_to_Mw,Mendoza/YPF 2022,converted_regional,ISC,ISC,1,603288464,,inside_rectangle,single_source,yes,yes,
MZA-02381,2012-04-27T01:11:41.500Z,2012,4,-32.132,-68.251,117.2,1.8,ML,ML,1.8485,Mendoza2022_Meq_to_Mw,Mendoza/YPF 2022,converted_regional,ISC,ISC,1,604402970,,inside_rectangle,single_source,yes,yes,
MZA-02382,2012-04-27T05:46:10.200Z,2012,4,-33.629,-68.337,22.9,2.3,ML,ML,2.3335,Mendoza2022_Meq_to_Mw,Mendoza/YPF 2022,converted_regional,ISC,ISC,1,604402972,,inside_rectangle,single_source,yes,yes,
MZA-02383,2012-04-27T07:55:46.900Z,2012,4,-32.063,-69.466,111,1.7,ML,ML,1.7515,Mendoza2022_Meq_to_Mw,Mendoza/YPF 2022,converted_regional,ISC,ISC,1,604402975,,inside_rectangle,single_source,yes,yes,
MZA-02384,2012-04-27T16:04:52.000Z,2012,4,-32.72,-68.882,25.5,1.6,ML,ML,1.6545,Mendoza2022_Meq_to_Mw,Mendoza/YPF 2022,converted_regional,ISC,ISC,1,604402981,,inside_rectangle,single_source,yes,yes,
MZA-02385,2012-04-27T17:55:10.600Z,2012,4,-32.784,-68.83,37.1,1.5,ML,ML,1.5575,Mendoza2022_Meq_to_Mw,Mendoza/YPF 2022,converted_regional,ISC,ISC,1,604402982,,inside_rectangle,single_source,yes,yes,
MZA-02386,2012-04-28T21:04:52.800Z,2012,4,-32.717,-69.807,122.8,2.9,ML,ML,2.9155,Mendoza2022_Meq_to_Mw,Mendoza/YPF 2022,converted_regional,ISC,ISC,1,604403062,,inside_rectangle,single_source,yes,yes,
MZA-02387,2012-04-29T03:39:12.000Z,2012,4,-32.946,-69.34,16.5,1.6,ML,ML,1.6545,Mendoza2022_Meq_to_Mw,Mendoza/YPF 2022,converted_regional,ISC,ISC,1,604403098,,inside_rectangle,single_source,yes,yes,
MZA-02388,2012-05-01T15:38:43.100Z,2012,5,-32.763,-68.876,33.5,1.3,ML,ML,1.3635,Mendoza2022_Meq_to_Mw,Mendoza/YPF 2022,converted_regional,ISC,ISC,1,604403219,,inside_rectangle,single_source,yes,yes,
MZA-02389,2012-05-01T18:48:05.800Z,2012,5,-32.16,-69.348,108.1,3.3,ML,ML,3.3035,Mendoza2022_Meq_to_Mw,Mendoza/YPF 2022,converted_regional,ISC,ISC,1,604403221,,inside_rectangle,single_source,yes,yes,
MZA-02390,2012-05-01T23:39:53.700Z,2012,5,-32.855,-69.351,118.1,2.7,ML,ML,2.7215,Mendoza2022_Meq_to_Mw,Mendoza/YPF 2022,converted_regional,ISC,ISC,1,604403224,,inside_rectangle,single_source,yes,yes,
MZA-02391,2012-05-02T00:43:58.000Z,2012,5,-32.599,-68.026,10.7,2,ML,ML,2.0425,Mendoza2022_Meq_to_Mw,Mendoza/YPF 2022,converted_regional,ISC,ISC,1,604403225,,inside_rectangle,single_source,yes,yes,
MZA-02392,2012-05-02T18:30:02.900Z,2012,5,-32.409,-69.695,113.6,1.9,ML,ML,1.9455,Mendoza2022_Meq_to_Mw,Mendoza/YPF 2022,converted_regional,ISC,ISC,1,604403237,,inside_rectangle,single_source,yes,yes,
MZA-02393,2012-05-03T00:44:27.400Z,2012,5,-33.02,-68.288,20.7,2.1,ML,ML,2.1395,Mendoza2022_Meq_to_Mw,Mendoza/YPF 2022,converted_regional,ISC,ISC,1,604403242,,inside_rectangle,single_source,yes,yes,
MZA-02394,2012-05-03T11:14:19.549Z,2012,5,-32.2278,-69.9843,106.1,3.3,ML,ML,3.3035,Mendoza2022_Meq_to_Mw,Mendoza/YPF 2022,converted_regional,ISC,ISC,1,603953853,,inside_rectangle,single_source,yes,yes,
MZA-02395,2012-05-03T15:06:18.300Z,2012,5,-32.4,-69.698,105.2,2.2,ML,ML,2.2365,Mendoza2022_Meq_to_Mw,Mendoza/YPF 2022,converted_regional,ISC,ISC,1,604403251,,inside_rectangle,single_source,yes,yes,
MZA-02396,2012-05-04T19:49:10.900Z,2012,5,-33.004,-68.277,25,2.6,ML,ML,2.6245,Mendoza2022_Meq_to_Mw,Mendoza/YPF 2022,converted_regional,ISC,ISC,1,604403264,,inside_rectangle,single_source,yes,yes,
MZA-02397,2012-05-05T09:45:57.700Z,2012,5,-32.971,-68.229,22.4,2.1,ML,ML,2.1395,Mendoza2022_Meq_to_Mw,Mendoza/YPF 2022,converted_regional,ISC,ISC,1,604403270,,inside_rectangle,single_source,yes,yes,
MZA-02398,2012-05-05T12:40:06.200Z,2012,5,-32.051,-69.335,102.1,1.8,ML,ML,1.8485,Mendoza2022_Meq_to_Mw,Mendoza/YPF 2022,converted_regional,ISC,ISC,1,604403272,,inside_rectangle,single_source,yes,yes,
MZA-02399,2012-05-05T20:53:48.800Z,2012,5,-32.025,-68.627,184.4,2.2,ML,ML,2.2365,Mendoza2022_Meq_to_Mw,Mendoza/YPF 2022,converted_regional,ISC,ISC,1,604403277,,inside_rectangle,single_source,yes,yes,
MZA-02400,2012-05-06T02:22:23.800Z,2012,5,-33.188,-68.162,29,2.1,ML,ML,2.1395,Mendoza2022_Meq_to_Mw,Mendoza/YPF 2022,converted_regional,ISC,ISC,1,604403279,,inside_rectangle,single_source,yes,yes,
MZA-02401,2012-05-06T04:53:56.000Z,2012,5,-33.085,-67.883,20.6,1.5,ML,ML,1.5575,Mendoza2022_Meq_to_Mw,Mendoza/YPF 2022,converted_regional,ISC,ISC,1,604403282,,inside_rectangle,single_source,yes,yes,
MZA-02402,2012-05-07T06:06:00.700Z,2012,5,-33.073,-69.17,27.9,1.8,ML,ML,1.8485,Mendoza2022_Meq_to_Mw,Mendoza/YPF 2022,converted_regional,ISC,ISC,1,604403296,,inside_rectangle,single_source,yes,yes,
MZA-02403,2012-05-07T11:01:16.200Z,2012,5,-32.222,-67.589,24.8,1.6,ML,ML,1.6545,Mendoza2022_Meq_to_Mw,Mendoza/YPF 2022,converted_regional,ISC,ISC,1,604403299,,inside_rectangle,single_source,yes,yes,
MZA-02404,2012-05-07T14:40:39.600Z,2012,5,-32.83,-69.243,22.1,1.4,ML,ML,1.4605,Mendoza2022_Meq_to_Mw,Mendoza/YPF 2022,converted_regional,ISC,ISC,1,604403303,,inside_rectangle,single_source,yes,yes,
MZA-02405,2012-05-07T21:12:58.200Z,2012,5,-32.893,-68.603,11.1,1.3,ML,ML,1.3635,Mendoza2022_Meq_to_Mw,Mendoza/YPF 2022,converted_regional,ISC,ISC,1,604403306,,inside_rectangle,single_source,yes,yes,
MZA-02406,2012-05-08T10:41:22.800Z,2012,5,-32.024,-69.479,105.1,3.2,ML,ML,3.2065,Mendoza2022_Meq_to_Mw,Mendoza/YPF 2022,converted_regional,ISC,ISC,1,604403316,,inside_rectangle,single_source,yes,yes,
MZA-02407,2012-05-08T18:21:04.400Z,2012,5,-32.75,-68.909,31.6,1,ML,ML,1.0725,Mendoza2022_Meq_to_Mw,Mendoza/YPF 2022,converted_regional,ISC,ISC,1,604403320,,inside_rectangle,single_source,yes,yes,
MZA-02408,2012-05-09T00:12:34.999Z,2012,5,-32.607,-69.8,118.2,2.7,ML,ML,2.7215,Mendoza2022_Meq_to_Mw,Mendoza/YPF 2022,converted_regional,ISC,ISC,1,604403322,,inside_rectangle,single_source,yes,yes,
MZA-02409,2012-05-09T02:19:03.400Z,2012,5,-32.421,-69.741,112.7,2.6,ML,ML,2.6245,Mendoza2022_Meq_to_Mw,Mendoza/YPF 2022,converted_regional,ISC,ISC,1,604403325,,inside_rectangle,single_source,yes,yes,
MZA-02410,2012-05-09T12:25:32.700Z,2012,5,-32.814,-69.228,32.3,3,ML,ML,3.0125,Mendoza2022_Meq_to_Mw,Mendoza/YPF 2022,converted_regional,ISC,ISC,1,604403333,,inside_rectangle,single_source,yes,yes,
MZA-02411,2012-05-09T13:22:45.400Z,2012,5,-32.792,-69.243,25.3,1.7,ML,ML,1.7515,Mendoza2022_Meq_to_Mw,Mendoza/YPF 2022,converted_regional,ISC,ISC,1,604403334,,inside_rectangle,single_source,yes,yes,
MZA-02412,2012-05-09T18:46:39.300Z,2012,5,-32.596,-69.398,121.1,2,ML,ML,2.0425,Mendoza2022_Meq_to_Mw,Mendoza/YPF 2022,converted_regional,ISC,ISC,1,604403338,,inside_rectangle,single_source,yes,yes,
MZA-02413,2012-05-09T19:03:43.400Z,2012,5,-32.04,-68.505,112.8,1.8,ML,ML,1.8485,Mendoza2022_Meq_to_Mw,Mendoza/YPF 2022,converted_regional,ISC,ISC,1,604403339,,inside_rectangle,single_source,yes,yes,
MZA-02414,2012-05-10T03:35:03.700Z,2012,5,-32.786,-69.227,22.1,1.4,ML,ML,1.4605,Mendoza2022_Meq_to_Mw,Mendoza/YPF 2022,converted_regional,ISC,ISC,1,604403344,,inside_rectangle,single_source,yes,yes,
MZA-02415,2012-05-10T20:30:23.900Z,2012,5,-33,-68.098,10.4,3.2,ML,ML,3.2065,Mendoza2022_Meq_to_Mw,Mendoza/YPF 2022,converted_regional,ISC,ISC,1,604403352,,inside_rectangle,single_source,yes,yes,
MZA-02416,2012-05-10T23:23:54.800Z,2012,5,-32.915,-68.61,14.6,1.5,ML,ML,1.5575,Mendoza2022_Meq_to_Mw,Mendoza/YPF 2022,converted_regional,ISC,ISC,1,604403354,,inside_rectangle,single_source,yes,yes,
MZA-02417,2012-05-11T00:42:33.500Z,2012,5,-32.663,-68.061,127.4,1.9,ML,ML,1.9455,Mendoza2022_Meq_to_Mw,Mendoza/YPF 2022,converted_regional,ISC,ISC,1,604403356,,inside_rectangle,single_source,yes,yes,
MZA-02418,2012-05-13T19:10:30.699Z,2012,5,-33.11,-68.904,25.2,1.3,ML,ML,1.3635,Mendoza2022_Meq_to_Mw,Mendoza/YPF 2022,converted_regional,ISC,ISC,1,604403381,,inside_rectangle,single_source,yes,yes,
MZA-02419,2012-05-13T19:13:50.200Z,2012,5,-32.422,-69.61,116.4,2.2,ML,ML,2.2365,Mendoza2022_Meq_to_Mw,Mendoza/YPF 2022,converted_regional,ISC,ISC,1,604403382,,inside_rectangle,single_source,yes,yes,
MZA-02420,2012-05-13T21:17:11.300Z,2012,5,-34.526,-69.525,5.8,2.7,ML,ML,2.7215,Mendoza2022_Meq_to_Mw,Mendoza/YPF 2022,converted_regional,ISC,ISC,1,604403383,,inside_rectangle,single_source,yes,yes,
MZA-02421,2012-05-14T01:31:55.200Z,2012,5,-32.041,-69.441,99.1,2.5,ML,ML,2.5275,Mendoza2022_Meq_to_Mw,Mendoza/YPF 2022,converted_regional,ISC,ISC,1,604403384,,inside_rectangle,single_source,yes,yes,
MZA-02422,2012-05-14T19:20:44.100Z,2012,5,-32.845,-69.199,25.8,3.3,ML,ML,3.3035,Mendoza2022_Meq_to_Mw,Mendoza/YPF 2022,converted_regional,ISC,ISC,1,604403395,,inside_rectangle,single_source,yes,yes,
MZA-02423,2012-05-14T20:15:04.100Z,2012,5,-32.143,-69.446,114.4,2.5,ML,ML,2.5275,Mendoza2022_Meq_to_Mw,Mendoza/YPF 2022,converted_regional,ISC,ISC,1,604403396,,inside_rectangle,single_source,yes,yes,
MZA-02424,2012-05-15T05:03:12.400Z,2012,5,-32.077,-68.284,120.3,2.5,ML,ML,2.5275,Mendoza2022_Meq_to_Mw,Mendoza/YPF 2022,converted_regional,ISC,ISC,1,604403400,,inside_rectangle,single_source,yes,yes,
MZA-02425,2012-05-16T14:08:31.700Z,2012,5,-32.072,-68.582,126.2,2.3,ML,ML,2.3335,Mendoza2022_Meq_to_Mw,Mendoza/YPF 2022,converted_regional,ISC,ISC,1,604403413,,inside_rectangle,single_source,yes,yes,
MZA-02426,2012-05-17T02:11:41.600Z,2012,5,-34.652,-68.206,28.1,2.6,ML,ML,2.6245,Mendoza2022_Meq_to_Mw,Mendoza/YPF 2022,converted_regional,ISC,ISC,1,604403418,,inside_rectangle,single_source,yes,yes,
MZA-02427,2012-05-17T08:51:09.300Z,2012,5,-32.011,-68.848,118.3,2,ML,ML,2.0425,Mendoza2022_Meq_to_Mw,Mendoza/YPF 2022,converted_regional,ISC,ISC,1,604403421,,inside_rectangle,single_source,yes,yes,
MZA-02428,2012-05-18T01:32:13.800Z,2012,5,-32.424,-68.412,131.5,2.5,ML,ML,2.5275,Mendoza2022_Meq_to_Mw,Mendoza/YPF 2022,converted_regional,ISC,ISC,1,604403429,,inside_rectangle,single_source,yes,yes,
MZA-02429,2012-05-18T05:21:42.300Z,2012,5,-32.267,-69.629,115.8,1.9,ML,ML,1.9455,Mendoza2022_Meq_to_Mw,Mendoza/YPF 2022,converted_regional,ISC,ISC,1,604403432,,inside_rectangle,single_source,yes,yes,
MZA-02430,2012-05-18T16:18:03.700Z,2012,5,-32.295,-68.634,119.2,2.7,ML,ML,2.7215,Mendoza2022_Meq_to_Mw,Mendoza/YPF 2022,converted_regional,ISC,ISC,1,604403439,,inside_rectangle,single_source,yes,yes,
MZA-02431,2012-05-18T23:15:21.500Z,2012,5,-32.745,-69.218,33.8,2.1,ML,ML,2.1395,Mendoza2022_Meq_to_Mw,Mendoza/YPF 2022,converted_regional,ISC,ISC,1,604403443,,inside_rectangle,single_source,yes,yes,
MZA-02432,2012-05-20T16:12:00.220Z,2012,5,-32.391,-69.903,103.3,2.7,ML,ML,2.7215,Mendoza2022_Meq_to_Mw,Mendoza/YPF 2022,converted_regional,ISC,ISC,1,603954034,,inside_rectangle,single_source,yes,yes,
MZA-02433,2012-05-20T21:17:55.000Z,2012,5,-32.135,-68.721,12.9,1.6,ML,ML,1.6545,Mendoza2022_Meq_to_Mw,Mendoza/YPF 2022,converted_regional,ISC,ISC,1,604403459,,inside_rectangle,single_source,yes,yes,
MZA-02434,2012-05-21T08:09:56.400Z,2012,5,-32.338,-67.938,128.5,1.8,ML,ML,1.8485,Mendoza2022_Meq_to_Mw,Mendoza/YPF 2022,converted_regional,ISC,ISC,1,604403463,,inside_rectangle,single_source,yes,yes,
MZA-02435,2012-05-21T12:30:06.600Z,2012,5,-32.079,-67.471,10,2.6,ML,ML,2.6245,Mendoza2022_Meq_to_Mw,Mendoza/YPF 2022,converted_regional,ISC,ISC,1,604403468,,inside_rectangle,single_source,yes,yes,
MZA-02436,2012-05-21T15:28:34.000Z,2012,5,-33.016,-68.137,20.2,1.8,ML,ML,1.8485,Mendoza2022_Meq_to_Mw,Mendoza/YPF 2022,converted_regional,ISC,ISC,1,604403469,,inside_rectangle,single_source,yes,yes,
MZA-02437,2012-05-21T17:01:31.700Z,2012,5,-33.234,-68.137,28.2,1.8,ML,ML,1.8485,Mendoza2022_Meq_to_Mw,Mendoza/YPF 2022,converted_regional,ISC,ISC,1,604403470,,inside_rectangle,single_source,yes,yes,
MZA-02438,2012-05-21T17:32:44.699Z,2012,5,-32.12,-69.766,106.2,2.6,ML,ML,2.6245,Mendoza2022_Meq_to_Mw,Mendoza/YPF 2022,converted_regional,ISC,ISC,1,604403471,,inside_rectangle,single_source,yes,yes,
MZA-02439,2012-05-22T17:23:16.300Z,2012,5,-32.64,-69.04,47.7,1.4,ML,ML,1.4605,Mendoza2022_Meq_to_Mw,Mendoza/YPF 2022,converted_regional,ISC,ISC,1,604403479,,inside_rectangle,single_source,yes,yes,
MZA-02440,2012-05-23T10:54:35.600Z,2012,5,-32.035,-69.743,109.4,2.1,ML,ML,2.1395,Mendoza2022_Meq_to_Mw,Mendoza/YPF 2022,converted_regional,ISC,ISC,1,604403492,,inside_rectangle,single_source,yes,yes,
MZA-02441,2012-05-23T21:20:37.400Z,2012,5,-33.129,-68.278,19.5,2.1,ML,ML,2.1395,Mendoza2022_Meq_to_Mw,Mendoza/YPF 2022,converted_regional,ISC,ISC,1,604403498,,inside_rectangle,single_source,yes,yes,
MZA-02442,2012-05-24T18:20:07.200Z,2012,5,-32.739,-69.325,11.2,2,ML,ML,2.0425,Mendoza2022_Meq_to_Mw,Mendoza/YPF 2022,converted_regional,ISC,ISC,1,604403512,,inside_rectangle,single_source,yes,yes,
MZA-02443,2012-05-26T13:12:26.830Z,2012,5,-32.2589,-69.5614,115.1,3,ML,ML,3.0125,Mendoza2022_Meq_to_Mw,Mendoza/YPF 2022,converted_regional,ISC,ISC,1,603954092,,inside_rectangle,single_source,yes,yes,
MZA-02444,2012-05-26T17:31:09.499Z,2012,5,-33.466,-68.926,22.8,2.6,ML,ML,2.6245,Mendoza2022_Meq_to_Mw,Mendoza/YPF 2022,converted_regional,ISC,ISC,1,604403532,,inside_rectangle,single_source,yes,yes,
MZA-02445,2012-05-27T07:20:17.200Z,2012,5,-32.872,-69.133,18.5,2.1,ML,ML,2.1395,Mendoza2022_Meq_to_Mw,Mendoza/YPF 2022,converted_regional,ISC,ISC,1,604403538,,inside_rectangle,single_source,yes,yes,
MZA-02446,2012-05-28T23:12:50.300Z,2012,5,-32.893,-68.322,16,1.8,ML,ML,1.8485,Mendoza2022_Meq_to_Mw,Mendoza/YPF 2022,converted_regional,ISC,ISC,1,604403549,,inside_rectangle,single_source,yes,yes,
MZA-02447,2012-05-30T05:51:41.300Z,2012,5,-32.175,-68.689,116.6,2.5,ML,ML,2.5275,Mendoza2022_Meq_to_Mw,Mendoza/YPF 2022,converted_regional,ISC,ISC,1,604403557,,inside_rectangle,single_source,yes,yes,
MZA-02448,2012-05-30T14:26:38.700Z,2012,5,-32.405,-69.673,113.7,1.8,ML,ML,1.8485,Mendoza2022_Meq_to_Mw,Mendoza/YPF 2022,converted_regional,ISC,ISC,1,604403561,,inside_rectangle,single_source,yes,yes,
MZA-02449,2012-05-30T14:55:47.300Z,2012,5,-33.081,-68.205,29.9,2.6,ML,ML,2.6245,Mendoza2022_Meq_to_Mw,Mendoza/YPF 2022,converted_regional,ISC,ISC,1,604403562,,inside_rectangle,single_source,yes,yes,
MZA-02450,2012-05-30T18:27:02.600Z,2012,5,-33.109,-68.13,17.8,2,ML,ML,2.0425,Mendoza2022_Meq_to_Mw,Mendoza/YPF 2022,converted_regional,ISC,ISC,1,604403565,,inside_rectangle,single_source,yes,yes,
MZA-02451,2012-05-30T18:39:41.500Z,2012,5,-33.617,-68.962,10.1,1.7,ML,ML,1.7515,Mendoza2022_Meq_to_Mw,Mendoza/YPF 2022,converted_regional,ISC,ISC,1,604403566,,inside_rectangle,single_source,yes,yes,
MZA-02452,2012-05-31T13:31:28.500Z,2012,5,-33.213,-69.09,5.1,2,ML,ML,2.0425,Mendoza2022_Meq_to_Mw,Mendoza/YPF 2022,converted_regional,ISC,ISC,1,604403575,,inside_rectangle,single_source,yes,yes,
MZA-02453,2012-06-01T00:42:36.400Z,2012,6,-32.004,-69.444,107.3,2,ML,ML,2.0425,Mendoza2022_Meq_to_Mw,Mendoza/YPF 2022,converted_regional,ISC,ISC,1,604403580,,inside_rectangle,single_source,yes,yes,
MZA-02454,2012-06-01T01:15:05.700Z,2012,6,-32.723,-68.869,25.3,2,ML,ML,2.0425,Mendoza2022_Meq_to_Mw,Mendoza/YPF 2022,converted_regional,ISC,ISC,1,604403581,,inside_rectangle,single_source,yes,yes,
MZA-02455,2012-06-01T11:39:22.400Z,2012,6,-33.338,-69.193,5.8,1.7,ML,ML,1.7515,Mendoza2022_Meq_to_Mw,Mendoza/YPF 2022,converted_regional,ISC,ISC,1,604403585,,inside_rectangle,single_source,yes,yes,
MZA-02456,2012-06-01T19:42:05.300Z,2012,6,-33.632,-68.6,21.4,2.3,ML,ML,2.3335,Mendoza2022_Meq_to_Mw,Mendoza/YPF 2022,converted_regional,ISC,ISC,1,604403599,,inside_rectangle,single_source,yes,yes,
MZA-02457,2012-06-02T00:18:14.500Z,2012,6,-33.287,-68.006,21.3,2.7,ML,ML,2.7215,Mendoza2022_Meq_to_Mw,Mendoza/YPF 2022,converted_regional,ISC,ISC,1,604403607,,inside_rectangle,single_source,yes,yes,
MZA-02458,2012-06-04T02:43:02.100Z,2012,6,-33.921,-68.494,23,2.3,ML,ML,2.3335,Mendoza2022_Meq_to_Mw,Mendoza/YPF 2022,converted_regional,ISC,ISC,1,604403619,,inside_rectangle,single_source,yes,yes,
MZA-02459,2012-06-04T08:07:08.700Z,2012,6,-32.389,-67.557,23.8,2,ML,ML,2.0425,Mendoza2022_Meq_to_Mw,Mendoza/YPF 2022,converted_regional,ISC,ISC,1,604403624,,inside_rectangle,single_source,yes,yes,
MZA-02460,2012-06-05T03:37:38.700Z,2012,6,-32.015,-69.626,100.8,2.2,ML,ML,2.2365,Mendoza2022_Meq_to_Mw,Mendoza/YPF 2022,converted_regional,ISC,ISC,1,604403630,,inside_rectangle,single_source,yes,yes,
MZA-02461,2012-06-05T18:45:40.100Z,2012,6,-32.691,-69.488,10.4,1.2,ML,ML,1.2665,Mendoza2022_Meq_to_Mw,Mendoza/YPF 2022,converted_regional,ISC,ISC,1,604403637,,inside_rectangle,single_source,yes,yes,
MZA-02462,2012-06-05T23:26:53.700Z,2012,6,-32.062,-69.808,100.7,2.7,ML,ML,2.7215,Mendoza2022_Meq_to_Mw,Mendoza/YPF 2022,converted_regional,ISC,ISC,1,604403640,,inside_rectangle,single_source,yes,yes,
MZA-02463,2012-06-06T05:49:24.300Z,2012,6,-33.336,-69.967,13.1,2.7,ML,ML,2.7215,Mendoza2022_Meq_to_Mw,Mendoza/YPF 2022,converted_regional,ISC,ISC,1,604403643,,inside_rectangle,single_source,yes,yes,
MZA-02464,2012-06-06T11:34:07.100Z,2012,6,-33.103,-68.832,23.4,2.1,ML,ML,2.1395,Mendoza2022_Meq_to_Mw,Mendoza/YPF 2022,converted_regional,ISC,ISC,1,604403647,,inside_rectangle,single_source,yes,yes,
MZA-02465,2012-06-06T16:03:33.600Z,2012,6,-33.621,-68.502,22.6,2.1,ML,ML,2.1395,Mendoza2022_Meq_to_Mw,Mendoza/YPF 2022,converted_regional,ISC,ISC,1,604403650,,inside_rectangle,single_source,yes,yes,
MZA-02466,2012-06-07T08:11:24.400Z,2012,6,-34.738,-69.536,32.6,2.4,ML,ML,2.4305,Mendoza2022_Meq_to_Mw,Mendoza/YPF 2022,converted_regional,ISC,ISC,1,604403659,,inside_rectangle,single_source,yes,yes,
MZA-02467,2012-06-07T13:10:55.200Z,2012,6,-32.294,-69.85,97.8,2.9,ML,ML,2.9155,Mendoza2022_Meq_to_Mw,Mendoza/YPF 2022,converted_regional,ISC,ISC,1,604403667,,inside_rectangle,single_source,yes,yes,
MZA-02468,2012-06-07T15:46:27.800Z,2012,6,-32.844,-69.14,20.3,2.1,ML,ML,2.1395,Mendoza2022_Meq_to_Mw,Mendoza/YPF 2022,converted_regional,ISC,ISC,1,604403668,,inside_rectangle,single_source,yes,yes,
MZA-02469,2012-06-07T18:40:17.099Z,2012,6,-32.33,-69.809,115.4,2.6,ML,ML,2.6245,Mendoza2022_Meq_to_Mw,Mendoza/YPF 2022,converted_regional,ISC,ISC,1,604403669,,inside_rectangle,single_source,yes,yes,
MZA-02470,2012-06-09T01:53:42.100Z,2012,6,-32.875,-69.296,28.1,1.9,ML,ML,1.9455,Mendoza2022_Meq_to_Mw,Mendoza/YPF 2022,converted_regional,ISC,ISC,1,604403685,,inside_rectangle,single_source,yes,yes,
MZA-02471,2012-06-09T15:36:22.600Z,2012,6,-32.193,-68.566,114.3,2,ML,ML,2.0425,Mendoza2022_Meq_to_Mw,Mendoza/YPF 2022,converted_regional,ISC,ISC,1,604403689,,inside_rectangle,single_source,yes,yes,
MZA-02472,2012-06-10T00:55:38.500Z,2012,6,-33.097,-67.312,14.1,3.4,ML,ML,3.4005,Mendoza2022_Meq_to_Mw,Mendoza/YPF 2022,converted_regional,ISC,ISC,1,604403698,,inside_rectangle,single_source,yes,yes,
MZA-02473,2012-06-10T06:52:45.600Z,2012,6,-33.274,-69.034,15.1,2.3,ML,ML,2.3335,Mendoza2022_Meq_to_Mw,Mendoza/YPF 2022,converted_regional,ISC,ISC,1,604403700,,inside_rectangle,single_source,yes,yes,
MZA-02474,2012-06-10T15:11:06.100Z,2012,6,-33.315,-68.407,13.5,1.5,ML,ML,1.5575,Mendoza2022_Meq_to_Mw,Mendoza/YPF 2022,converted_regional,ISC,ISC,1,604403704,,inside_rectangle,single_source,yes,yes,
MZA-02475,2012-06-10T17:41:33.100Z,2012,6,-32.087,-69.322,100.2,1.9,ML,ML,1.9455,Mendoza2022_Meq_to_Mw,Mendoza/YPF 2022,converted_regional,ISC,ISC,1,604403706,,inside_rectangle,single_source,yes,yes,
MZA-02476,2012-06-10T23:28:58.700Z,2012,6,-32.44,-69.72,103.2,2.6,ML,ML,2.6245,Mendoza2022_Meq_to_Mw,Mendoza/YPF 2022,converted_regional,ISC,ISC,1,604403711,,inside_rectangle,single_source,yes,yes,
MZA-02477,2012-06-11T17:49:16.900Z,2012,6,-33.144,-69.002,16,2,ML,ML,2.0425,Mendoza2022_Meq_to_Mw,Mendoza/YPF 2022,converted_regional,ISC,ISC,1,604403723,,inside_rectangle,single_source,yes,yes,
MZA-02478,2012-06-11T20:28:06.900Z,2012,6,-32.04,-69.442,105.3,1.7,ML,ML,1.7515,Mendoza2022_Meq_to_Mw,Mendoza/YPF 2022,converted_regional,ISC,ISC,1,604403726,,inside_rectangle,single_source,yes,yes,
MZA-02479,2012-06-12T10:14:45.800Z,2012,6,-33.389,-68.873,24.9,2.4,ML,ML,2.4305,Mendoza2022_Meq_to_Mw,Mendoza/YPF 2022,converted_regional,ISC,ISC,1,604403737,,inside_rectangle,single_source,yes,yes,
MZA-02480,2012-06-13T11:14:30.300Z,2012,6,-32.725,-68.921,21.6,1.9,ML,ML,1.9455,Mendoza2022_Meq_to_Mw,Mendoza/YPF 2022,converted_regional,ISC,ISC,1,604403751,,inside_rectangle,single_source,yes,yes,
MZA-02481,2012-06-13T22:35:49.300Z,2012,6,-33.067,-68.892,23.9,1.7,ML,ML,1.7515,Mendoza2022_Meq_to_Mw,Mendoza/YPF 2022,converted_regional,ISC,ISC,1,604403756,,inside_rectangle,single_source,yes,yes,
MZA-02482,2012-06-13T23:07:17.100Z,2012,6,-33.143,-68.642,160,2.4,ML,ML,2.4305,Mendoza2022_Meq_to_Mw,Mendoza/YPF 2022,converted_regional,ISC,ISC,1,604403757,,inside_rectangle,single_source,yes,yes,
MZA-02483,2012-06-14T05:07:55.200Z,2012,6,-32.476,-69.505,117.8,2.9,ML,ML,2.9155,Mendoza2022_Meq_to_Mw,Mendoza/YPF 2022,converted_regional,ISC,ISC,1,604403761,,inside_rectangle,single_source,yes,yes,
MZA-02484,2012-06-14T16:39:49.800Z,2012,6,-32.609,-68.905,38.6,1.9,ML,ML,1.9455,Mendoza2022_Meq_to_Mw,Mendoza/YPF 2022,converted_regional,ISC,ISC,1,604403766,,inside_rectangle,single_source,yes,yes,
MZA-02485,2012-06-14T19:50:59.400Z,2012,6,-32.024,-69.353,108.5,1.9,ML,ML,1.9455,Mendoza2022_Meq_to_Mw,Mendoza/YPF 2022,converted_regional,ISC,ISC,1,604403769,,inside_rectangle,single_source,yes,yes,
MZA-02486,2012-06-14T19:53:50.300Z,2012,6,-32.999,-68.117,9.8,1.9,ML,ML,1.9455,Mendoza2022_Meq_to_Mw,Mendoza/YPF 2022,converted_regional,ISC,ISC,1,604403770,,inside_rectangle,single_source,yes,yes,
MZA-02487,2012-06-15T14:48:00.800Z,2012,6,-32.934,-68.274,12,2.1,ML,ML,2.1395,Mendoza2022_Meq_to_Mw,Mendoza/YPF 2022,converted_regional,ISC,ISC,1,604403780,,inside_rectangle,single_source,yes,yes,
MZA-02488,2012-06-17T18:48:41.500Z,2012,6,-32.043,-69.554,102.9,1.8,ML,ML,1.8485,Mendoza2022_Meq_to_Mw,Mendoza/YPF 2022,converted_regional,ISC,ISC,1,604403803,,inside_rectangle,single_source,yes,yes,
MZA-02489,2012-06-18T08:29:03.210Z,2012,6,-33.0951,-68.6502,16.2,5.3,mb,mb,4.7012,Mendoza2022_mb_to_Mw,Mendoza/YPF 2022,converted_regional,ISC,ISC + USGS,2,601126721,usp000jmxf,inside_rectangle,accepted_auto,yes,yes,
MZA-02490,2012-06-19T04:00:04.600Z,2012,6,-32.426,-69.699,111.6,2,ML,ML,2.0425,Mendoza2022_Meq_to_Mw,Mendoza/YPF 2022,converted_regional,ISC,ISC,1,604403818,,inside_rectangle,single_source,yes,yes,
MZA-02491,2012-06-19T19:01:12.700Z,2012,6,-32.909,-68.711,32.3,1,ML,ML,1.0725,Mendoza2022_Meq_to_Mw,Mendoza/YPF 2022,converted_regional,ISC,ISC,1,604403830,,inside_rectangle,single_source,yes,yes,
MZA-02492,2012-06-19T19:21:25.700Z,2012,6,-32.854,-68.263,26.7,1.5,ML,ML,1.5575,Mendoza2022_Meq_to_Mw,Mendoza/YPF 2022,converted_regional,ISC,ISC,1,604403833,,inside_rectangle,single_source,yes,yes,
MZA-02493,2012-06-19T23:21:25.800Z,2012,6,-33.176,-69.195,3.1,1.9,ML,ML,1.9455,Mendoza2022_Meq_to_Mw,Mendoza/YPF 2022,converted_regional,ISC,ISC,1,604403836,,inside_rectangle,single_source,yes,yes,
MZA-02494,2012-06-20T14:50:29.400Z,2012,6,-32.799,-69.058,20.4,1.7,ML,ML,1.7515,Mendoza2022_Meq_to_Mw,Mendoza/YPF 2022,converted_regional,ISC,ISC,1,604403849,,inside_rectangle,single_source,yes,yes,
MZA-02495,2012-06-20T23:52:11.899Z,2012,6,-32.675,-67.845,25.3,1.7,ML,ML,1.7515,Mendoza2022_Meq_to_Mw,Mendoza/YPF 2022,converted_regional,ISC,ISC,1,604403856,,inside_rectangle,single_source,yes,yes,
MZA-02496,2012-06-21T13:20:22.600Z,2012,6,-32.047,-69.33,105.7,2.7,ML,ML,2.7215,Mendoza2022_Meq_to_Mw,Mendoza/YPF 2022,converted_regional,ISC,ISC,1,604403865,,inside_rectangle,single_source,yes,yes,
MZA-02497,2012-06-21T20:29:18.200Z,2012,6,-32.469,-69.223,172.4,2.1,ML,ML,2.1395,Mendoza2022_Meq_to_Mw,Mendoza/YPF 2022,converted_regional,ISC,ISC,1,604403871,,inside_rectangle,single_source,yes,yes,
MZA-02498,2012-06-22T16:09:47.800Z,2012,6,-32.762,-67.816,17.1,2.1,ML,ML,2.1395,Mendoza2022_Meq_to_Mw,Mendoza/YPF 2022,converted_regional,ISC,ISC,1,604403886,,inside_rectangle,single_source,yes,yes,
MZA-02499,2012-06-22T21:28:49.100Z,2012,6,-32.172,-69.37,98.1,2.2,ML,ML,2.2365,Mendoza2022_Meq_to_Mw,Mendoza/YPF 2022,converted_regional,ISC,ISC,1,604403888,,inside_rectangle,single_source,yes,yes,
MZA-02500,2012-06-22T23:19:34.600Z,2012,6,-32.842,-69.349,29.4,2,ML,ML,2.0425,Mendoza2022_Meq_to_Mw,Mendoza/YPF 2022,converted_regional,ISC,ISC,1,604403889,,inside_rectangle,single_source,yes,yes,
MZA-02501,2012-06-23T08:15:31.200Z,2012,6,-33.067,-69.566,29.5,1.6,ML,ML,1.6545,Mendoza2022_Meq_to_Mw,Mendoza/YPF 2022,converted_regional,ISC,ISC,1,604403894,,inside_rectangle,single_source,yes,yes,
MZA-02502,2012-06-23T10:19:11.700Z,2012,6,-32.919,-69.271,19.8,1.5,ML,ML,1.5575,Mendoza2022_Meq_to_Mw,Mendoza/YPF 2022,converted_regional,ISC,ISC,1,604403895,,inside_rectangle,single_source,yes,yes,
MZA-02503,2012-06-23T12:55:57.200Z,2012,6,-32.828,-68.7,29.4,1.7,ML,ML,1.7515,Mendoza2022_Meq_to_Mw,Mendoza/YPF 2022,converted_regional,ISC,ISC,1,604403897,,inside_rectangle,single_source,yes,yes,
MZA-02504,2012-06-23T18:31:45.700Z,2012,6,-32.742,-68.602,130.7,2,ML,ML,2.0425,Mendoza2022_Meq_to_Mw,Mendoza/YPF 2022,converted_regional,ISC,ISC,1,604403899,,inside_rectangle,single_source,yes,yes,
MZA-02505,2012-06-23T21:16:04.900Z,2012,6,-32.933,-67.898,172.5,2.1,ML,ML,2.1395,Mendoza2022_Meq_to_Mw,Mendoza/YPF 2022,converted_regional,ISC,ISC,1,604403903,,inside_rectangle,single_source,yes,yes,
MZA-02506,2012-06-23T21:42:25.900Z,2012,6,-32.563,-69.016,30.8,1.4,ML,ML,1.4605,Mendoza2022_Meq_to_Mw,Mendoza/YPF 2022,converted_regional,ISC,ISC,1,604403904,,inside_rectangle,single_source,yes,yes,
MZA-02507,2012-06-25T02:35:16.600Z,2012,6,-32.011,-69.402,124.6,2.7,ML,ML,2.7215,Mendoza2022_Meq_to_Mw,Mendoza/YPF 2022,converted_regional,ISC,ISC,1,604403915,,inside_rectangle,single_source,yes,yes,
MZA-02508,2012-06-25T03:17:59.580Z,2012,6,-32.1018,-68.5099,123.8,3.6,mb,mb,3.7594,Mendoza2022_mb_to_Mw,Mendoza/YPF 2022,converted_regional,ISC,ISC,1,601475722,,inside_rectangle,single_source,yes,yes,
MZA-02509,2012-06-25T22:33:41.100Z,2012,6,-32.043,-69.088,106.7,2.1,ML,ML,2.1395,Mendoza2022_Meq_to_Mw,Mendoza/YPF 2022,converted_regional,ISC,ISC,1,604403923,,inside_rectangle,single_source,yes,yes,
MZA-02510,2012-06-26T11:41:22.500Z,2012,6,-32.329,-67.126,15.9,2.2,ML,ML,2.2365,Mendoza2022_Meq_to_Mw,Mendoza/YPF 2022,converted_regional,ISC,ISC,1,604403931,,inside_rectangle,single_source,yes,yes,
MZA-02511,2012-06-26T12:23:15.300Z,2012,6,-32.93,-68.291,14,3.2,ML,ML,3.2065,Mendoza2022_Meq_to_Mw,Mendoza/YPF 2022,converted_regional,ISC,ISC,1,603976625,,inside_rectangle,single_source,yes,yes,
MZA-02512,2012-06-26T19:27:02.000Z,2012,6,-32.217,-68.573,119.4,1.7,ML,ML,1.7515,Mendoza2022_Meq_to_Mw,Mendoza/YPF 2022,converted_regional,ISC,ISC,1,604403937,,inside_rectangle,single_source,yes,yes,
MZA-02513,2012-06-27T01:29:37.700Z,2012,6,-32.618,-69.9,103,2.4,ML,ML,2.4305,Mendoza2022_Meq_to_Mw,Mendoza/YPF 2022,converted_regional,ISC,ISC,1,604403941,,inside_rectangle,single_source,yes,yes,
MZA-02514,2012-06-27T06:55:44.000Z,2012,6,-32.059,-69.131,18.2,1.2,ML,ML,1.2665,Mendoza2022_Meq_to_Mw,Mendoza/YPF 2022,converted_regional,ISC,ISC,1,604403944,,inside_rectangle,single_source,yes,yes,
MZA-02515,2012-06-27T15:49:56.200Z,2012,6,-33.421,-68.292,22.3,2.2,ML,ML,2.2365,Mendoza2022_Meq_to_Mw,Mendoza/YPF 2022,converted_regional,ISC,ISC,1,604403951,,inside_rectangle,single_source,yes,yes,
MZA-02516,2012-06-28T01:24:26.800Z,2012,6,-32.818,-69.563,36.6,2.7,ML,ML,2.7215,Mendoza2022_Meq_to_Mw,Mendoza/YPF 2022,converted_regional,ISC,ISC,1,604403956,,inside_rectangle,single_source,yes,yes,
MZA-02517,2012-06-29T00:24:59.700Z,2012,6,-32.64,-68.957,30.6,1.7,ML,ML,1.7515,Mendoza2022_Meq_to_Mw,Mendoza/YPF 2022,converted_regional,ISC,ISC,1,604403967,,inside_rectangle,single_source,yes,yes,
MZA-02518,2012-06-29T14:13:16.800Z,2012,6,-32.968,-69.244,15.1,2.2,ML,ML,2.2365,Mendoza2022_Meq_to_Mw,Mendoza/YPF 2022,converted_regional,ISC,ISC,1,604403981,,inside_rectangle,single_source,yes,yes,
MZA-02519,2012-06-30T10:43:18.900Z,2012,6,-32.947,-69.065,23.5,0.9,ML,ML,0.9755,Mendoza2022_Meq_to_Mw,Mendoza/YPF 2022,converted_regional,ISC,ISC,1,604403989,,inside_rectangle,single_source,yes,yes,
MZA-02520,2012-06-30T21:50:29.329Z,2012,6,-32.4539,-69.8392,116.6,2.7,ML,ML,2.7215,Mendoza2022_Meq_to_Mw,Mendoza/YPF 2022,converted_regional,ISC,ISC,1,603976679,,inside_rectangle,single_source,yes,yes,
MZA-02521,2012-07-01T09:03:54.469Z,2012,7,-32.1058,-69.3793,132,3.1,ML,ML,3.1095,Mendoza2022_Meq_to_Mw,Mendoza/YPF 2022,converted_regional,ISC,ISC,1,603976684,,inside_rectangle,single_source,yes,yes,
MZA-02522,2012-07-01T11:46:07.200Z,2012,7,-32.102,-69.614,113.4,1.9,ML,ML,1.9455,Mendoza2022_Meq_to_Mw,Mendoza/YPF 2022,converted_regional,ISC,ISC,1,604403996,,inside_rectangle,single_source,yes,yes,
MZA-02523,2012-07-02T03:28:31.310Z,2012,7,-32.0533,-68.4885,134.3,3.6,ML,ML,3.5945,Mendoza2022_Meq_to_Mw,Mendoza/YPF 2022,converted_regional,ISC,ISC,1,603976690,,inside_rectangle,single_source,yes,yes,
MZA-02524,2012-07-03T03:19:48.200Z,2012,7,-32.716,-67.982,4.4,2.5,ML,ML,2.5275,Mendoza2022_Meq_to_Mw,Mendoza/YPF 2022,converted_regional,ISC,ISC,1,604404024,,inside_rectangle,single_source,yes,yes,
MZA-02525,2012-07-03T07:28:12.500Z,2012,7,-32.032,-68.268,23.4,2.9,ML,ML,2.9155,Mendoza2022_Meq_to_Mw,Mendoza/YPF 2022,converted_regional,ISC,ISC,1,604404029,,inside_rectangle,single_source,yes,yes,
MZA-02526,2012-07-03T18:26:17.100Z,2012,7,-33.018,-69.075,16.7,2.1,ML,ML,2.1395,Mendoza2022_Meq_to_Mw,Mendoza/YPF 2022,converted_regional,ISC,ISC,1,604404034,,inside_rectangle,single_source,yes,yes,
MZA-02527,2012-07-06T19:56:34.600Z,2012,7,-32.736,-69.282,10.1,1.7,ML,ML,1.7515,Mendoza2022_Meq_to_Mw,Mendoza/YPF 2022,converted_regional,ISC,ISC,1,604404079,,inside_rectangle,single_source,yes,yes,
MZA-02528,2012-07-07T10:22:47.900Z,2012,7,-32.989,-69.014,17.8,2.5,ML,ML,2.5275,Mendoza2022_Meq_to_Mw,Mendoza/YPF 2022,converted_regional,ISC,ISC,1,604404086,,inside_rectangle,single_source,yes,yes,
MZA-02529,2012-07-07T21:17:00.800Z,2012,7,-32.139,-67.668,10,2.9,ML,ML,2.9155,Mendoza2022_Meq_to_Mw,Mendoza/YPF 2022,converted_regional,ISC,ISC,1,604404088,,inside_rectangle,single_source,yes,yes,
MZA-02530,2012-07-09T01:39:15.600Z,2012,7,-32.874,-69.015,28.6,2.6,ML,ML,2.6245,Mendoza2022_Meq_to_Mw,Mendoza/YPF 2022,converted_regional,ISC,ISC,1,604404090,,inside_rectangle,single_source,yes,yes,
MZA-02531,2012-07-09T12:56:38.900Z,2012,7,-33.0356,-68.4354,160.8,4.5,mb,mb,4.258,Mendoza2022_mb_to_Mw,Mendoza/YPF 2022,converted_regional,ISC,ISC + USGS,2,601252234,usp000jnt1,inside_rectangle,accepted_auto,yes,yes,
MZA-02532,2012-07-10T05:33:06.100Z,2012,7,-34.294,-69.602,15.9,2.3,ML,ML,2.3335,Mendoza2022_Meq_to_Mw,Mendoza/YPF 2022,converted_regional,ISC,ISC,1,604383153,,inside_rectangle,single_source,yes,yes,
MZA-02533,2012-07-10T06:42:08.900Z,2012,7,-32.685,-68.921,26.9,1.9,ML,ML,1.9455,Mendoza2022_Meq_to_Mw,Mendoza/YPF 2022,converted_regional,ISC,ISC,1,604383154,,inside_rectangle,single_source,yes,yes,
MZA-02534,2012-07-10T12:23:01.400Z,2012,7,-32.621,-68.851,15.8,1.6,ML,ML,1.6545,Mendoza2022_Meq_to_Mw,Mendoza/YPF 2022,converted_regional,ISC,ISC,1,604383157,,inside_rectangle,single_source,yes,yes,
MZA-02535,2012-07-11T10:44:27.999Z,2012,7,-34.371,-69.783,30,2.9,ML,ML,2.9155,Mendoza2022_Meq_to_Mw,Mendoza/YPF 2022,converted_regional,ISC,ISC,1,604383164,,inside_rectangle,single_source,yes,yes,
MZA-02536,2012-07-11T16:06:47.700Z,2012,7,-32.678,-68.888,27.9,1.7,ML,ML,1.7515,Mendoza2022_Meq_to_Mw,Mendoza/YPF 2022,converted_regional,ISC,ISC,1,604383167,,inside_rectangle,single_source,yes,yes,
MZA-02537,2012-07-12T02:41:32.200Z,2012,7,-33.169,-68.404,11.1,2,ML,ML,2.0425,Mendoza2022_Meq_to_Mw,Mendoza/YPF 2022,converted_regional,ISC,ISC,1,604383173,,inside_rectangle,single_source,yes,yes,
MZA-02538,2012-07-13T07:52:40.500Z,2012,7,-33.181,-68.432,29.8,2.9,ML,ML,2.9155,Mendoza2022_Meq_to_Mw,Mendoza/YPF 2022,converted_regional,ISC,ISC,1,604383188,,inside_rectangle,single_source,yes,yes,
MZA-02539,2012-07-13T12:59:25.000Z,2012,7,-32.46,-69.993,102.7,2,ML,ML,2.0425,Mendoza2022_Meq_to_Mw,Mendoza/YPF 2022,converted_regional,ISC,ISC,1,604383194,,inside_rectangle,single_source,yes,yes,
MZA-02540,2012-07-14T08:03:32.000Z,2012,7,-32.775,-68.913,135.9,2,ML,ML,2.0425,Mendoza2022_Meq_to_Mw,Mendoza/YPF 2022,converted_regional,ISC,ISC,1,604383200,,inside_rectangle,single_source,yes,yes,
MZA-02541,2012-07-14T22:17:52.400Z,2012,7,-32.055,-68.531,116.1,2.7,ML,ML,2.7215,Mendoza2022_Meq_to_Mw,Mendoza/YPF 2022,converted_regional,ISC,ISC,1,604383210,,inside_rectangle,single_source,yes,yes,
MZA-02542,2012-07-15T02:03:27.400Z,2012,7,-34.648,-69.659,203.6,3.5,ML,ML,3.4975,Mendoza2022_Meq_to_Mw,Mendoza/YPF 2022,converted_regional,ISC,ISC,1,604383213,,inside_rectangle,single_source,yes,yes,
MZA-02543,2012-07-15T08:23:24.729Z,2012,7,-33.4894,-67.6155,198.4,4.6,mb,mb,4.3134,Mendoza2022_mb_to_Mw,Mendoza/YPF 2022,converted_regional,ISC,ISC + USGS,2,601276580,usp000jp1b,inside_rectangle,accepted_auto,yes,yes,
MZA-02544,2012-07-16T03:20:26.799Z,2012,7,-32.693,-67.769,153.6,1.9,ML,ML,1.9455,Mendoza2022_Meq_to_Mw,Mendoza/YPF 2022,converted_regional,ISC,ISC,1,604383226,,inside_rectangle,single_source,yes,yes,
MZA-02545,2012-07-16T05:41:55.800Z,2012,7,-33.541,-68.961,17,2,ML,ML,2.0425,Mendoza2022_Meq_to_Mw,Mendoza/YPF 2022,converted_regional,ISC,ISC,1,604383228,,inside_rectangle,single_source,yes,yes,
MZA-02546,2012-07-16T07:37:28.600Z,2012,7,-32.319,-69.289,113.6,2.1,ML,ML,2.1395,Mendoza2022_Meq_to_Mw,Mendoza/YPF 2022,converted_regional,ISC,ISC,1,604383229,,inside_rectangle,single_source,yes,yes,
MZA-02547,2012-07-16T17:21:28.700Z,2012,7,-32.018,-68.723,115.4,2.1,ML,ML,2.1395,Mendoza2022_Meq_to_Mw,Mendoza/YPF 2022,converted_regional,ISC,ISC,1,604383235,,inside_rectangle,single_source,yes,yes,
MZA-02548,2012-07-16T22:48:30.700Z,2012,7,-33.141,-69.001,21.3,1.9,ML,ML,1.9455,Mendoza2022_Meq_to_Mw,Mendoza/YPF 2022,converted_regional,ISC,ISC,1,604383239,,inside_rectangle,single_source,yes,yes,
MZA-02549,2012-07-17T07:03:05.000Z,2012,7,-32.028,-69.605,111.5,1.5,ML,ML,1.5575,Mendoza2022_Meq_to_Mw,Mendoza/YPF 2022,converted_regional,ISC,ISC,1,604383243,,inside_rectangle,single_source,yes,yes,
MZA-02550,2012-07-19T02:36:38.500Z,2012,7,-32.07,-69.456,116,1.4,ML,ML,1.4605,Mendoza2022_Meq_to_Mw,Mendoza/YPF 2022,converted_regional,ISC,ISC,1,604391911,,inside_rectangle,single_source,yes,yes,
MZA-02551,2012-07-19T03:49:39.300Z,2012,7,-32.083,-67.657,23.5,2.3,ML,ML,2.3335,Mendoza2022_Meq_to_Mw,Mendoza/YPF 2022,converted_regional,ISC,ISC,1,604391912,,inside_rectangle,single_source,yes,yes,
MZA-02552,2012-07-19T12:58:00.800Z,2012,7,-32.847,-69.178,38.8,1.4,ML,ML,1.4605,Mendoza2022_Meq_to_Mw,Mendoza/YPF 2022,converted_regional,ISC,ISC,1,604391916,,inside_rectangle,single_source,yes,yes,
MZA-02553,2012-07-20T03:06:13.100Z,2012,7,-33.085,-68.953,23.8,2.3,ML,ML,2.3335,Mendoza2022_Meq_to_Mw,Mendoza/YPF 2022,converted_regional,ISC,ISC,1,604391924,,inside_rectangle,single_source,yes,yes,
MZA-02554,2012-07-20T09:28:10.100Z,2012,7,-32.974,-68.122,22.2,2.7,ML,ML,2.7215,Mendoza2022_Meq_to_Mw,Mendoza/YPF 2022,converted_regional,ISC,ISC,1,604391931,,inside_rectangle,single_source,yes,yes,
MZA-02555,2012-07-20T23:02:30.600Z,2012,7,-33.007,-68.129,25,2.2,ML,ML,2.2365,Mendoza2022_Meq_to_Mw,Mendoza/YPF 2022,converted_regional,ISC,ISC,1,604391940,,inside_rectangle,single_source,yes,yes,
MZA-02556,2012-07-22T02:27:46.499Z,2012,7,-32.984,-67.982,16.3,1.6,ML,ML,1.6545,Mendoza2022_Meq_to_Mw,Mendoza/YPF 2022,converted_regional,ISC,ISC,1,604391958,,inside_rectangle,single_source,yes,yes,
MZA-02557,2012-07-22T06:11:44.500Z,2012,7,-34.632,-69.953,73.1,1.9,ML,ML,1.9455,Mendoza2022_Meq_to_Mw,Mendoza/YPF 2022,converted_regional,ISC,ISC,1,604391960,,inside_rectangle,single_source,yes,yes,
MZA-02558,2012-07-22T19:16:11.000Z,2012,7,-32.962,-69.138,28,1.5,ML,ML,1.5575,Mendoza2022_Meq_to_Mw,Mendoza/YPF 2022,converted_regional,ISC,ISC,1,604391967,,inside_rectangle,single_source,yes,yes,
MZA-02559,2012-07-25T02:48:20.800Z,2012,7,-32.763,-68.818,29.7,1.2,ML,ML,1.2665,Mendoza2022_Meq_to_Mw,Mendoza/YPF 2022,converted_regional,ISC,ISC,1,604392028,,inside_rectangle,single_source,yes,yes,
MZA-02560,2012-07-25T03:15:36.559Z,2012,7,-32.2054,-69.8882,104.9,3,ML,ML,3.0125,Mendoza2022_Meq_to_Mw,Mendoza/YPF 2022,converted_regional,ISC,ISC,1,603976972,,inside_rectangle,single_source,yes,yes,
MZA-02561,2012-07-25T09:19:26.900Z,2012,7,-32.642,-68.843,27.5,1.6,ML,ML,1.6545,Mendoza2022_Meq_to_Mw,Mendoza/YPF 2022,converted_regional,ISC,ISC,1,604392032,,inside_rectangle,single_source,yes,yes,
MZA-02562,2012-07-26T05:54:31.600Z,2012,7,-33.114,-68.126,14.8,1.9,ML,ML,1.9455,Mendoza2022_Meq_to_Mw,Mendoza/YPF 2022,converted_regional,ISC,ISC,1,604392038,,inside_rectangle,single_source,yes,yes,
MZA-02563,2012-07-27T12:58:22.400Z,2012,7,-32.282,-69.843,109.4,2.5,ML,ML,2.5275,Mendoza2022_Meq_to_Mw,Mendoza/YPF 2022,converted_regional,ISC,ISC,1,604392052,,inside_rectangle,single_source,yes,yes,
MZA-02564,2012-07-28T03:13:03.100Z,2012,7,-32.67,-69.914,119,2.9,ML,ML,2.9155,Mendoza2022_Meq_to_Mw,Mendoza/YPF 2022,converted_regional,ISC,ISC,1,604392057,,inside_rectangle,single_source,yes,yes,
MZA-02565,2012-07-29T22:49:52.900Z,2012,7,-32.775,-68.921,31.2,1.5,ML,ML,1.5575,Mendoza2022_Meq_to_Mw,Mendoza/YPF 2022,converted_regional,ISC,ISC,1,604392082,,inside_rectangle,single_source,yes,yes,
MZA-02566,2012-07-30T10:36:47.599Z,2012,7,-32.916,-69.059,10,1.3,ML,ML,1.3635,Mendoza2022_Meq_to_Mw,Mendoza/YPF 2022,converted_regional,ISC,ISC,1,604392087,,inside_rectangle,single_source,yes,yes,
MZA-02567,2012-07-31T01:37:47.300Z,2012,7,-32.328,-69.9,93.9,2,ML,ML,2.0425,Mendoza2022_Meq_to_Mw,Mendoza/YPF 2022,converted_regional,ISC,ISC,1,604392089,,inside_rectangle,single_source,yes,yes,
MZA-02568,2012-07-31T12:13:51.200Z,2012,7,-33.209,-69.108,3.7,2,ML,ML,2.0425,Mendoza2022_Meq_to_Mw,Mendoza/YPF 2022,converted_regional,ISC,ISC,1,604392095,,inside_rectangle,single_source,yes,yes,
MZA-02569,2012-08-01T01:26:36.300Z,2012,8,-32.637,-69.204,120.2,2.6,ML,ML,2.6245,Mendoza2022_Meq_to_Mw,Mendoza/YPF 2022,converted_regional,ISC,ISC,1,604392097,,inside_rectangle,single_source,yes,yes,
MZA-02570,2012-08-01T10:21:00.000Z,2012,8,-32.316,-68.998,20.2,1.3,ML,ML,1.3635,Mendoza2022_Meq_to_Mw,Mendoza/YPF 2022,converted_regional,ISC,ISC,1,604392103,,inside_rectangle,single_source,yes,yes,
MZA-02571,2012-08-01T23:29:03.000Z,2012,8,-33.389,-67.882,21.9,1.8,ML,ML,1.8485,Mendoza2022_Meq_to_Mw,Mendoza/YPF 2022,converted_regional,ISC,ISC,1,604392107,,inside_rectangle,single_source,yes,yes,
MZA-02572,2012-08-02T14:02:10.600Z,2012,8,-32.894,-69.072,22.2,2.1,ML,ML,2.1395,Mendoza2022_Meq_to_Mw,Mendoza/YPF 2022,converted_regional,ISC,ISC,1,604392117,,inside_rectangle,single_source,yes,yes,
MZA-02573,2012-08-03T23:07:27.700Z,2012,8,-32.41,-69.448,11.9,1.5,ML,ML,1.5575,Mendoza2022_Meq_to_Mw,Mendoza/YPF 2022,converted_regional,ISC,ISC,1,604392131,,inside_rectangle,single_source,yes,yes,
MZA-02574,2012-08-04T04:38:20.899Z,2012,8,-33.258,-68.187,20,1.9,ML,ML,1.9455,Mendoza2022_Meq_to_Mw,Mendoza/YPF 2022,converted_regional,ISC,ISC,1,604392134,,inside_rectangle,single_source,yes,yes,
MZA-02575,2012-08-04T07:44:37.700Z,2012,8,-33.375,-67.953,19,2.6,ML,ML,2.6245,Mendoza2022_Meq_to_Mw,Mendoza/YPF 2022,converted_regional,ISC,ISC,1,604392137,,inside_rectangle,single_source,yes,yes,
MZA-02576,2012-08-04T13:11:45.690Z,2012,8,-32.8073,-69.1642,33.5,4.1,mb,mb,4.0364,Mendoza2022_mb_to_Mw,Mendoza/YPF 2022,converted_regional,ISC,ISC + USGS,2,601520328,usp000jpw9,inside_rectangle,accepted_auto,yes,yes,
MZA-02577,2012-08-05T00:17:43.300Z,2012,8,-32.334,-68.574,121.9,2.2,ML,ML,2.2365,Mendoza2022_Meq_to_Mw,Mendoza/YPF 2022,converted_regional,ISC,ISC,1,604392146,,inside_rectangle,single_source,yes,yes,
MZA-02578,2012-08-05T03:33:48.500Z,2012,8,-32.797,-69.303,29.4,1.8,ML,ML,1.8485,Mendoza2022_Meq_to_Mw,Mendoza/YPF 2022,converted_regional,ISC,ISC,1,604392147,,inside_rectangle,single_source,yes,yes,
MZA-02579,2012-08-05T04:34:22.400Z,2012,8,-32.975,-68.406,36,1.6,ML,ML,1.6545,Mendoza2022_Meq_to_Mw,Mendoza/YPF 2022,converted_regional,ISC,ISC,1,604392148,,inside_rectangle,single_source,yes,yes,
MZA-02580,2012-08-05T14:28:03.000Z,2012,8,-33.846,-68.579,26.4,3,ML,ML,3.0125,Mendoza2022_Meq_to_Mw,Mendoza/YPF 2022,converted_regional,ISC,ISC,1,604392156,,inside_rectangle,single_source,yes,yes,
MZA-02581,2012-08-06T00:24:08.400Z,2012,8,-33.162,-69.607,10.1,2.4,ML,ML,2.4305,Mendoza2022_Meq_to_Mw,Mendoza/YPF 2022,converted_regional,ISC,ISC,1,604392165,,inside_rectangle,single_source,yes,yes,
MZA-02582,2012-08-06T01:29:33.700Z,2012,8,-32.056,-69.491,106.6,2.1,ML,ML,2.1395,Mendoza2022_Meq_to_Mw,Mendoza/YPF 2022,converted_regional,ISC,ISC,1,604392166,,inside_rectangle,single_source,yes,yes,
MZA-02583,2012-08-06T10:10:36.300Z,2012,8,-32.252,-68.338,126.2,1.9,ML,ML,1.9455,Mendoza2022_Meq_to_Mw,Mendoza/YPF 2022,converted_regional,ISC,ISC,1,604392173,,inside_rectangle,single_source,yes,yes,
MZA-02584,2012-08-08T04:08:28.300Z,2012,8,-32.069,-69.769,100,2.4,ML,ML,2.4305,Mendoza2022_Meq_to_Mw,Mendoza/YPF 2022,converted_regional,ISC,ISC,1,604392195,,inside_rectangle,single_source,yes,yes,
MZA-02585,2012-08-08T04:36:07.399Z,2012,8,-32.872,-69.345,136.3,1.8,ML,ML,1.8485,Mendoza2022_Meq_to_Mw,Mendoza/YPF 2022,converted_regional,ISC,ISC,1,604392196,,inside_rectangle,single_source,yes,yes,
MZA-02586,2012-08-08T10:03:10.000Z,2012,8,-32.026,-68.527,116.6,2.4,ML,ML,2.4305,Mendoza2022_Meq_to_Mw,Mendoza/YPF 2022,converted_regional,ISC,ISC,1,604392197,,inside_rectangle,single_source,yes,yes,
MZA-02587,2012-08-09T03:15:14.699Z,2012,8,-32.68,-68.716,17.8,1.9,ML,ML,1.9455,Mendoza2022_Meq_to_Mw,Mendoza/YPF 2022,converted_regional,ISC,ISC,1,604392209,,inside_rectangle,single_source,yes,yes,
MZA-02588,2012-08-09T04:26:50.200Z,2012,8,-33.064,-69.465,13.6,2,ML,ML,2.0425,Mendoza2022_Meq_to_Mw,Mendoza/YPF 2022,converted_regional,ISC,ISC,1,604392211,,inside_rectangle,single_source,yes,yes,
MZA-02589,2012-08-09T21:07:20.500Z,2012,8,-33.492,-68.776,28.7,1.7,ML,ML,1.7515,Mendoza2022_Meq_to_Mw,Mendoza/YPF 2022,converted_regional,ISC,ISC,1,604392219,,inside_rectangle,single_source,yes,yes,
MZA-02590,2012-08-09T23:26:15.100Z,2012,8,-32.958,-69.765,129.9,2.4,ML,ML,2.4305,Mendoza2022_Meq_to_Mw,Mendoza/YPF 2022,converted_regional,ISC,ISC,1,604392220,,inside_rectangle,single_source,yes,yes,
MZA-02591,2012-08-10T03:13:46.600Z,2012,8,-35.066,-69.14,39.6,2.1,ML,ML,2.1395,Mendoza2022_Meq_to_Mw,Mendoza/YPF 2022,converted_regional,ISC,ISC,1,604392228,,inside_rectangle,single_source,yes,yes,
MZA-02592,2012-08-10T04:38:29.900Z,2012,8,-33.338,-68.581,20.5,1.4,ML,ML,1.4605,Mendoza2022_Meq_to_Mw,Mendoza/YPF 2022,converted_regional,ISC,ISC,1,604392231,,inside_rectangle,single_source,yes,yes,
MZA-02593,2012-08-10T08:10:32.200Z,2012,8,-32.003,-68.126,115.4,1.9,ML,ML,1.9455,Mendoza2022_Meq_to_Mw,Mendoza/YPF 2022,converted_regional,ISC,ISC,1,604392233,,inside_rectangle,single_source,yes,yes,
MZA-02594,2012-08-10T09:24:30.400Z,2012,8,-33.492,-68.74,20.6,1.6,ML,ML,1.6545,Mendoza2022_Meq_to_Mw,Mendoza/YPF 2022,converted_regional,ISC,ISC,1,604392234,,inside_rectangle,single_source,yes,yes,
MZA-02595,2012-08-10T10:51:40.499Z,2012,8,-32.971,-68.212,5.8,1.7,ML,ML,1.7515,Mendoza2022_Meq_to_Mw,Mendoza/YPF 2022,converted_regional,ISC,ISC,1,604392236,,inside_rectangle,single_source,yes,yes,
MZA-02596,2012-08-10T16:02:41.980Z,2012,8,-34.0379,-68.6204,0.4,3.3,ML,ML,3.3035,Mendoza2022_Meq_to_Mw,Mendoza/YPF 2022,converted_regional,ISC,ISC,1,603977189,,inside_rectangle,single_source,yes,yes,
MZA-02597,2012-08-10T17:47:00.800Z,2012,8,-32.078,-69.179,11.7,1.3,ML,ML,1.3635,Mendoza2022_Meq_to_Mw,Mendoza/YPF 2022,converted_regional,ISC,ISC,1,604392237,,inside_rectangle,single_source,yes,yes,
MZA-02598,2012-08-11T12:14:06.700Z,2012,8,-32.374,-67.801,29.9,3.1,ML,ML,3.1095,Mendoza2022_Meq_to_Mw,Mendoza/YPF 2022,converted_regional,ISC,ISC,1,604392251,,inside_rectangle,single_source,yes,yes,
MZA-02599,2012-08-11T18:39:20.300Z,2012,8,-33.107,-67.46,40.2,1.9,ML,ML,1.9455,Mendoza2022_Meq_to_Mw,Mendoza/YPF 2022,converted_regional,ISC,ISC,1,604392252,,inside_rectangle,single_source,yes,yes,
MZA-02600,2012-08-11T21:06:51.100Z,2012,8,-32.806,-69.8,111,2.1,ML,ML,2.1395,Mendoza2022_Meq_to_Mw,Mendoza/YPF 2022,converted_regional,ISC,ISC,1,604392258,,inside_rectangle,single_source,yes,yes,
MZA-02601,2012-08-12T02:32:25.630Z,2012,8,-33.1941,-68.0727,13.7,4,ML,ML,3.9825,Mendoza2022_Meq_to_Mw,Mendoza/YPF 2022,converted_regional,ISC,ISC,1,604392263,,inside_rectangle,single_source,yes,yes,
MZA-02602,2012-08-12T03:15:23.900Z,2012,8,-33.621,-68.388,21.4,3.5,ML,ML,3.4975,Mendoza2022_Meq_to_Mw,Mendoza/YPF 2022,converted_regional,ISC,ISC,1,604392264,,inside_rectangle,single_source,yes,yes,
MZA-02603,2012-08-12T05:32:53.700Z,2012,8,-33.076,-68.177,27.9,1.6,ML,ML,1.6545,Mendoza2022_Meq_to_Mw,Mendoza/YPF 2022,converted_regional,ISC,ISC,1,604392266,,inside_rectangle,single_source,yes,yes,
MZA-02604,2012-08-12T06:35:48.400Z,2012,8,-32.209,-69.453,105.9,1.8,ML,ML,1.8485,Mendoza2022_Meq_to_Mw,Mendoza/YPF 2022,converted_regional,ISC,ISC,1,604392267,,inside_rectangle,single_source,yes,yes,
MZA-02605,2012-08-12T19:46:36.900Z,2012,8,-32.684,-68.744,26.8,1.2,ML,ML,1.2665,Mendoza2022_Meq_to_Mw,Mendoza/YPF 2022,converted_regional,ISC,ISC,1,604392275,,inside_rectangle,single_source,yes,yes,
MZA-02606,2012-08-12T23:56:07.100Z,2012,8,-33.092,-68.753,25,1.9,ML,ML,1.9455,Mendoza2022_Meq_to_Mw,Mendoza/YPF 2022,converted_regional,ISC,ISC,1,604392277,,inside_rectangle,single_source,yes,yes,
MZA-02607,2012-08-13T12:56:15.300Z,2012,8,-33.208,-68.478,38.2,2.6,ML,ML,2.6245,Mendoza2022_Meq_to_Mw,Mendoza/YPF 2022,converted_regional,ISC,ISC,1,604392283,,inside_rectangle,single_source,yes,yes,
MZA-02608,2012-08-13T15:32:02.700Z,2012,8,-32.733,-68.423,8.1,2.8,ML,ML,2.8185,Mendoza2022_Meq_to_Mw,Mendoza/YPF 2022,converted_regional,ISC,ISC,1,604392284,,inside_rectangle,single_source,yes,yes,
MZA-02609,2012-08-13T16:08:00.000Z,2012,8,-32.309,-69.953,100.6,2,ML,ML,2.0425,Mendoza2022_Meq_to_Mw,Mendoza/YPF 2022,converted_regional,ISC,ISC,1,604392285,,inside_rectangle,single_source,yes,yes,
MZA-02610,2012-08-13T22:31:35.700Z,2012,8,-32.952,-68.926,133.8,2.2,ML,ML,2.2365,Mendoza2022_Meq_to_Mw,Mendoza/YPF 2022,converted_regional,ISC,ISC,1,604392287,,inside_rectangle,single_source,yes,yes,
MZA-02611,2012-08-14T00:42:10.600Z,2012,8,-32.109,-69.566,108.2,2,ML,ML,2.0425,Mendoza2022_Meq_to_Mw,Mendoza/YPF 2022,converted_regional,ISC,ISC,1,604392288,,inside_rectangle,single_source,yes,yes,
MZA-02612,2012-08-14T20:18:07.100Z,2012,8,-32.519,-67.669,40.4,1.9,ML,ML,1.9455,Mendoza2022_Meq_to_Mw,Mendoza/YPF 2022,converted_regional,ISC,ISC,1,604392297,,inside_rectangle,single_source,yes,yes,
MZA-02613,2012-08-16T16:53:25.500Z,2012,8,-32.725,-68.672,147.3,1.9,ML,ML,1.9455,Mendoza2022_Meq_to_Mw,Mendoza/YPF 2022,converted_regional,ISC,ISC,1,604392316,,inside_rectangle,single_source,yes,yes,
MZA-02614,2012-08-17T13:08:12.450Z,2012,8,-32.6658,-69.92,136.2,3.1,ML,ML,3.1095,Mendoza2022_Meq_to_Mw,Mendoza/YPF 2022,converted_regional,ISC,ISC,1,603977266,,inside_rectangle,single_source,yes,yes,
MZA-02615,2012-08-18T01:30:30.200Z,2012,8,-32.803,-69.228,23.4,1.5,ML,ML,1.5575,Mendoza2022_Meq_to_Mw,Mendoza/YPF 2022,converted_regional,ISC,ISC,1,604392328,,inside_rectangle,single_source,yes,yes,
MZA-02616,2012-08-18T15:18:24.600Z,2012,8,-33.806,-69.242,8.2,1.8,ML,ML,1.8485,Mendoza2022_Meq_to_Mw,Mendoza/YPF 2022,converted_regional,ISC,ISC,1,604392332,,inside_rectangle,single_source,yes,yes,
MZA-02617,2012-08-20T06:10:50.500Z,2012,8,-32.011,-69.386,118.6,2.6,ML,ML,2.6245,Mendoza2022_Meq_to_Mw,Mendoza/YPF 2022,converted_regional,ISC,ISC,1,604392346,,inside_rectangle,single_source,yes,yes,
MZA-02618,2012-08-20T13:10:49.599Z,2012,8,-32.605,-68.885,25.2,1.5,ML,ML,1.5575,Mendoza2022_Meq_to_Mw,Mendoza/YPF 2022,converted_regional,ISC,ISC,1,604392351,,inside_rectangle,single_source,yes,yes,
MZA-02619,2012-08-21T07:28:16.700Z,2012,8,-33.198,-68.608,14.7,2.2,ML,ML,2.2365,Mendoza2022_Meq_to_Mw,Mendoza/YPF 2022,converted_regional,ISC,ISC,1,604392363,,inside_rectangle,single_source,yes,yes,
MZA-02620,2012-08-21T10:59:35.800Z,2012,8,-32.334,-69.185,10,1.1,ML,ML,1.1695,Mendoza2022_Meq_to_Mw,Mendoza/YPF 2022,converted_regional,ISC,ISC,1,604392366,,inside_rectangle,single_source,yes,yes,
MZA-02621,2012-08-21T18:01:56.900Z,2012,8,-33.171,-68.308,29,2.3,ML,ML,2.3335,Mendoza2022_Meq_to_Mw,Mendoza/YPF 2022,converted_regional,ISC,ISC,1,604392371,,inside_rectangle,single_source,yes,yes,
MZA-02622,2012-08-21T18:27:13.900Z,2012,8,-32.149,-68.627,121.3,2.2,ML,ML,2.2365,Mendoza2022_Meq_to_Mw,Mendoza/YPF 2022,converted_regional,ISC,ISC,1,604392372,,inside_rectangle,single_source,yes,yes,
MZA-02623,2012-08-21T21:48:02.299Z,2012,8,-33.019,-69.065,23.6,1.5,ML,ML,1.5575,Mendoza2022_Meq_to_Mw,Mendoza/YPF 2022,converted_regional,ISC,ISC,1,604392378,,inside_rectangle,single_source,yes,yes,
MZA-02624,2012-08-22T07:58:11.500Z,2012,8,-32.624,-69.078,36.4,0.9,ML,ML,0.9755,Mendoza2022_Meq_to_Mw,Mendoza/YPF 2022,converted_regional,ISC,ISC,1,604392381,,inside_rectangle,single_source,yes,yes,
MZA-02625,2012-08-22T16:33:10.730Z,2012,8,-35.4825,-69.7624,200,3.3,mb,mb,3.5932,Mendoza2022_mb_to_Mw,Mendoza/YPF 2022,converted_regional,ISC,ISC,1,601766314,,inside_rectangle,single_source,yes,yes,
MZA-02626,2012-08-23T11:44:56.300Z,2012,8,-33.384,-69.101,2.3,1.7,ML,ML,1.7515,Mendoza2022_Meq_to_Mw,Mendoza/YPF 2022,converted_regional,ISC,ISC,1,604392403,,inside_rectangle,single_source,yes,yes,
MZA-02627,2012-08-23T18:31:46.000Z,2012,8,-32.806,-68.94,20,1.8,ML,ML,1.8485,Mendoza2022_Meq_to_Mw,Mendoza/YPF 2022,converted_regional,ISC,ISC,1,604392408,,inside_rectangle,single_source,yes,yes,
MZA-02628,2012-08-25T07:29:27.300Z,2012,8,-32.873,-68.822,22.9,2.1,ML,ML,2.1395,Mendoza2022_Meq_to_Mw,Mendoza/YPF 2022,converted_regional,ISC,ISC,1,604392432,,inside_rectangle,single_source,yes,yes,
MZA-02629,2012-08-25T19:03:42.000Z,2012,8,-32.146,-67.389,138.5,2.9,ML,ML,2.9155,Mendoza2022_Meq_to_Mw,Mendoza/YPF 2022,converted_regional,ISC,ISC,1,604392437,,inside_rectangle,single_source,yes,yes,
MZA-02630,2012-08-25T21:32:58.200Z,2012,8,-32.665,-68.852,26.3,2,ML,ML,2.0425,Mendoza2022_Meq_to_Mw,Mendoza/YPF 2022,converted_regional,ISC,ISC,1,604392440,,inside_rectangle,single_source,yes,yes,
MZA-02631,2012-08-26T05:48:01.400Z,2012,8,-34.151,-68.441,30.5,1.9,ML,ML,1.9455,Mendoza2022_Meq_to_Mw,Mendoza/YPF 2022,converted_regional,ISC,ISC,1,604392446,,inside_rectangle,single_source,yes,yes,
MZA-02632,2012-08-26T19:17:22.900Z,2012,8,-35.217,-69.478,190,2.5,ML,ML,2.5275,Mendoza2022_Meq_to_Mw,Mendoza/YPF 2022,converted_regional,ISC,ISC,1,604392450,,inside_rectangle,single_source,yes,yes,
MZA-02633,2012-08-27T02:51:08.700Z,2012,8,-32.93,-68.947,22,1.6,ML,ML,1.6545,Mendoza2022_Meq_to_Mw,Mendoza/YPF 2022,converted_regional,ISC,ISC,1,604392452,,inside_rectangle,single_source,yes,yes,
MZA-02634,2012-08-27T08:11:41.600Z,2012,8,-34.102,-68.734,20.7,2.3,ML,ML,2.3335,Mendoza2022_Meq_to_Mw,Mendoza/YPF 2022,converted_regional,ISC,ISC,1,604392454,,inside_rectangle,single_source,yes,yes,
MZA-02635,2012-08-27T09:09:36.900Z,2012,8,-32.041,-68.495,116.7,2.1,ML,ML,2.1395,Mendoza2022_Meq_to_Mw,Mendoza/YPF 2022,converted_regional,ISC,ISC,1,604392455,,inside_rectangle,single_source,yes,yes,
MZA-02636,2012-08-27T17:11:28.300Z,2012,8,-32.048,-69.906,109.8,1.6,ML,ML,1.6545,Mendoza2022_Meq_to_Mw,Mendoza/YPF 2022,converted_regional,ISC,ISC,1,604392460,,inside_rectangle,single_source,yes,yes,
MZA-02637,2012-08-28T14:02:25.200Z,2012,8,-32.96,-68.715,147.3,2,ML,ML,2.0425,Mendoza2022_Meq_to_Mw,Mendoza/YPF 2022,converted_regional,ISC,ISC,1,604392474,,inside_rectangle,single_source,yes,yes,
MZA-02638,2012-08-28T21:38:23.999Z,2012,8,-32.512,-69.974,106.8,2.1,ML,ML,2.1395,Mendoza2022_Meq_to_Mw,Mendoza/YPF 2022,converted_regional,ISC,ISC,1,604392480,,inside_rectangle,single_source,yes,yes,
MZA-02639,2012-08-29T12:25:34.000Z,2012,8,-32.162,-68.52,117.5,2.8,ML,ML,2.8185,Mendoza2022_Meq_to_Mw,Mendoza/YPF 2022,converted_regional,ISC,ISC,1,604392495,,inside_rectangle,single_source,yes,yes,
MZA-02640,2012-08-29T13:18:49.800Z,2012,8,-32.012,-69.805,106.7,2.8,ML,ML,2.8185,Mendoza2022_Meq_to_Mw,Mendoza/YPF 2022,converted_regional,ISC,ISC,1,604392497,,inside_rectangle,single_source,yes,yes,
MZA-02641,2012-08-29T16:51:40.499Z,2012,8,-32.821,-68.922,29.4,1.2,ML,ML,1.2665,Mendoza2022_Meq_to_Mw,Mendoza/YPF 2022,converted_regional,ISC,ISC,1,604392500,,inside_rectangle,single_source,yes,yes,
MZA-02642,2012-08-29T19:03:06.120Z,2012,8,-32.9575,-68.1994,8.7,3.3,mb,mb,3.5932,Mendoza2022_mb_to_Mw,Mendoza/YPF 2022,converted_regional,ISC,ISC,1,601755574,,inside_rectangle,single_source,yes,yes,
MZA-02643,2012-08-30T13:28:07.400Z,2012,8,-32.094,-67.739,26.9,1.8,ML,ML,1.8485,Mendoza2022_Meq_to_Mw,Mendoza/YPF 2022,converted_regional,ISC,ISC,1,604392517,,inside_rectangle,single_source,yes,yes,
MZA-02644,2012-08-31T19:28:25.800Z,2012,8,-32,-68.516,111.6,2.2,ML,ML,2.2365,Mendoza2022_Meq_to_Mw,Mendoza/YPF 2022,converted_regional,ISC,ISC,1,604392534,,inside_rectangle,single_source,yes,yes,
MZA-02645,2012-08-31T22:40:25.700Z,2012,8,-33.429,-69.096,11.5,2.4,ML,ML,2.4305,Mendoza2022_Meq_to_Mw,Mendoza/YPF 2022,converted_regional,ISC,ISC,1,604392536,,inside_rectangle,single_source,yes,yes,
MZA-02646,2012-09-01T01:25:16.800Z,2012,9,-34.259,-69.777,1.7,2.5,ML,ML,2.5275,Mendoza2022_Meq_to_Mw,Mendoza/YPF 2022,converted_regional,ISC,ISC,1,604392538,,inside_rectangle,single_source,yes,yes,
MZA-02647,2012-09-01T11:19:20.700Z,2012,9,-33.971,-68.332,19.3,2.7,ML,ML,2.7215,Mendoza2022_Meq_to_Mw,Mendoza/YPF 2022,converted_regional,ISC,ISC,1,604392546,,inside_rectangle,single_source,yes,yes,
MZA-02648,2012-09-01T11:30:40.300Z,2012,9,-33.816,-68.665,20.6,2,ML,ML,2.0425,Mendoza2022_Meq_to_Mw,Mendoza/YPF 2022,converted_regional,ISC,ISC,1,604392547,,inside_rectangle,single_source,yes,yes,
MZA-02649,2012-09-02T01:28:48.000Z,2012,9,-33.121,-69.067,7.5,1.8,ML,ML,1.8485,Mendoza2022_Meq_to_Mw,Mendoza/YPF 2022,converted_regional,ISC,ISC,1,604392563,,inside_rectangle,single_source,yes,yes,
MZA-02650,2012-09-02T02:40:12.000Z,2012,9,-32.022,-68.326,99.3,1.6,ML,ML,1.6545,Mendoza2022_Meq_to_Mw,Mendoza/YPF 2022,converted_regional,ISC,ISC,1,604392564,,inside_rectangle,single_source,yes,yes,
MZA-02651,2012-09-04T01:34:32.700Z,2012,9,-33.171,-68.273,29.8,1.7,ML,ML,1.7515,Mendoza2022_Meq_to_Mw,Mendoza/YPF 2022,converted_regional,ISC,ISC,1,604392593,,inside_rectangle,single_source,yes,yes,
MZA-02652,2012-09-04T02:36:05.100Z,2012,9,-32.917,-67.371,6.1,2.4,ML,ML,2.4305,Mendoza2022_Meq_to_Mw,Mendoza/YPF 2022,converted_regional,ISC,ISC,1,604392595,,inside_rectangle,single_source,yes,yes,
MZA-02653,2012-09-04T03:54:22.800Z,2012,9,-32.166,-69.415,16.4,1.5,ML,ML,1.5575,Mendoza2022_Meq_to_Mw,Mendoza/YPF 2022,converted_regional,ISC,ISC,1,604392596,,inside_rectangle,single_source,yes,yes,
MZA-02654,2012-09-04T04:11:12.700Z,2012,9,-32.987,-69.04,25.9,1.8,ML,ML,1.8485,Mendoza2022_Meq_to_Mw,Mendoza/YPF 2022,converted_regional,ISC,ISC,1,604392598,,inside_rectangle,single_source,yes,yes,
MZA-02655,2012-09-04T05:16:09.900Z,2012,9,-32.794,-68.865,35.3,1.3,ML,ML,1.3635,Mendoza2022_Meq_to_Mw,Mendoza/YPF 2022,converted_regional,ISC,ISC,1,604392601,,inside_rectangle,single_source,yes,yes,
MZA-02656,2012-09-04T05:30:18.180Z,2012,9,-32.6749,-69.9404,125.8,4.4,mb,mb,4.2026,Mendoza2022_mb_to_Mw,Mendoza/YPF 2022,converted_regional,ISC,ISC + USGS,2,601673754,usp000jrn4,inside_rectangle,accepted_auto,yes,yes,
MZA-02657,2012-09-04T18:28:03.300Z,2012,9,-33.057,-68.172,25.9,1.7,ML,ML,1.7515,Mendoza2022_Meq_to_Mw,Mendoza/YPF 2022,converted_regional,ISC,ISC,1,604392608,,inside_rectangle,single_source,yes,yes,
MZA-02658,2012-09-05T05:22:43.100Z,2012,9,-33.7274,-69.9871,9.7,2.9,ML,ML,2.9155,Mendoza2022_Meq_to_Mw,Mendoza/YPF 2022,converted_regional,ISC,ISC,1,604392613,,inside_rectangle,single_source,yes,yes,
MZA-02659,2012-09-07T07:48:04.300Z,2012,9,-32.45,-69.759,114,2,ML,ML,2.0425,Mendoza2022_Meq_to_Mw,Mendoza/YPF 2022,converted_regional,ISC,ISC,1,604392622,,inside_rectangle,single_source,yes,yes,
MZA-02660,2012-09-07T08:38:32.300Z,2012,9,-32.146,-69.466,109.7,2.8,MD,MD,2.8185,Mendoza2022_Meq_to_Mw,Mendoza/YPF 2022,converted_regional,ISC,ISC,1,604392623,,inside_rectangle,single_source,yes,yes,
MZA-02661,2012-09-07T18:13:51.200Z,2012,9,-32.333,-67.599,20.5,2,ML,ML,2.0425,Mendoza2022_Meq_to_Mw,Mendoza/YPF 2022,converted_regional,ISC,ISC,1,604392626,,inside_rectangle,single_source,yes,yes,
MZA-02662,2012-09-08T01:56:50.400Z,2012,9,-32.543,-69.298,10.1,1.9,ML,ML,1.9455,Mendoza2022_Meq_to_Mw,Mendoza/YPF 2022,converted_regional,ISC,ISC,1,604392632,,inside_rectangle,single_source,yes,yes,
MZA-02663,2012-09-08T03:25:05.800Z,2012,9,-33.897,-68.445,26.3,2.2,ML,ML,2.2365,Mendoza2022_Meq_to_Mw,Mendoza/YPF 2022,converted_regional,ISC,ISC,1,604392634,,inside_rectangle,single_source,yes,yes,
MZA-02664,2012-09-08T06:25:28.000Z,2012,9,-33.099,-69.137,31.1,1.8,ML,ML,1.8485,Mendoza2022_Meq_to_Mw,Mendoza/YPF 2022,converted_regional,ISC,ISC,1,604392636,,inside_rectangle,single_source,yes,yes,
MZA-02665,2012-09-08T15:16:15.100Z,2012,9,-32.908,-68.86,41.8,1.4,ML,ML,1.4605,Mendoza2022_Meq_to_Mw,Mendoza/YPF 2022,converted_regional,ISC,ISC,1,604392642,,inside_rectangle,single_source,yes,yes,
MZA-02666,2012-09-08T19:54:07.500Z,2012,9,-32.954,-68.851,28.6,1.6,ML,ML,1.6545,Mendoza2022_Meq_to_Mw,Mendoza/YPF 2022,converted_regional,ISC,ISC,1,604392646,,inside_rectangle,single_source,yes,yes,
MZA-02667,2012-09-09T05:13:57.500Z,2012,9,-32.823,-68.408,10,2,ML,ML,2.0425,Mendoza2022_Meq_to_Mw,Mendoza/YPF 2022,converted_regional,ISC,ISC,1,604392647,,inside_rectangle,single_source,yes,yes,
MZA-02668,2012-09-10T05:05:10.200Z,2012,9,-32.532,-68.893,33.8,1.6,ML,ML,1.6545,Mendoza2022_Meq_to_Mw,Mendoza/YPF 2022,converted_regional,ISC,ISC,1,604392655,,inside_rectangle,single_source,yes,yes,
MZA-02669,2012-09-12T09:20:57.530Z,2012,9,-32.6307,-68.8012,137.5,4.6,mb,mb,4.3134,Mendoza2022_mb_to_Mw,Mendoza/YPF 2022,converted_regional,ISC,ISC + USGS,2,601709222,usp000js77,inside_rectangle,accepted_auto,yes,yes,
MZA-02670,2012-09-12T10:20:39.900Z,2012,9,-32.18,-68.624,21.5,1.4,ML,ML,1.4605,Mendoza2022_Meq_to_Mw,Mendoza/YPF 2022,converted_regional,ISC,ISC,1,604392689,,inside_rectangle,single_source,yes,yes,
MZA-02671,2012-09-12T16:22:48.200Z,2012,9,-32.491,-69.589,119.5,2,ML,ML,2.0425,Mendoza2022_Meq_to_Mw,Mendoza/YPF 2022,converted_regional,ISC,ISC,1,604392694,,inside_rectangle,single_source,yes,yes,
MZA-02672,2012-09-12T18:23:02.400Z,2012,9,-32.2,-69.437,107.9,1.8,ML,ML,1.8485,Mendoza2022_Meq_to_Mw,Mendoza/YPF 2022,converted_regional,ISC,ISC,1,604392695,,inside_rectangle,single_source,yes,yes,
MZA-02673,2012-09-12T21:37:58.800Z,2012,9,-33.162,-68.93,28.3,2.5,ML,ML,2.5275,Mendoza2022_Meq_to_Mw,Mendoza/YPF 2022,converted_regional,ISC,ISC,1,604392701,,inside_rectangle,single_source,yes,yes,
MZA-02674,2012-09-13T06:38:13.000Z,2012,9,-32.925,-68.435,145.2,2.5,ML,ML,2.5275,Mendoza2022_Meq_to_Mw,Mendoza/YPF 2022,converted_regional,ISC,ISC,1,604392708,,inside_rectangle,single_source,yes,yes,
MZA-02675,2012-09-13T15:52:35.900Z,2012,9,-33.313,-68.404,17.8,2.6,ML,ML,2.6245,Mendoza2022_Meq_to_Mw,Mendoza/YPF 2022,converted_regional,ISC,ISC,1,604392718,,inside_rectangle,single_source,yes,yes,
MZA-02676,2012-09-13T23:53:07.300Z,2012,9,-33.407,-67.98,186.5,2.8,ML,ML,2.8185,Mendoza2022_Meq_to_Mw,Mendoza/YPF 2022,converted_regional,ISC,ISC,1,604392733,,inside_rectangle,single_source,yes,yes,
MZA-02677,2012-09-15T14:08:12.300Z,2012,9,-33.307,-68.761,27.2,2.5,ML,ML,2.5275,Mendoza2022_Meq_to_Mw,Mendoza/YPF 2022,converted_regional,ISC,ISC,1,604392762,,inside_rectangle,single_source,yes,yes,
MZA-02678,2012-09-17T07:05:36.300Z,2012,9,-32.669,-68.933,25.1,1.4,ML,ML,1.4605,Mendoza2022_Meq_to_Mw,Mendoza/YPF 2022,converted_regional,ISC,ISC,1,604392779,,inside_rectangle,single_source,yes,yes,
MZA-02679,2012-09-19T05:14:05.440Z,2012,9,-32.1263,-68.4664,109.2,3.2,ML,ML,3.2065,Mendoza2022_Meq_to_Mw,Mendoza/YPF 2022,converted_regional,ISC,ISC,1,604392811,,inside_rectangle,single_source,yes,yes,
MZA-02680,2012-09-20T06:01:02.600Z,2012,9,-34.243,-69.492,10.7,3.1,ML,ML,3.1095,Mendoza2022_Meq_to_Mw,Mendoza/YPF 2022,converted_regional,ISC,ISC,1,604392829,,inside_rectangle,single_source,yes,yes,
MZA-02681,2012-09-20T19:27:05.300Z,2012,9,-34.215,-69.441,14.4,2.3,ML,ML,2.3335,Mendoza2022_Meq_to_Mw,Mendoza/YPF 2022,converted_regional,ISC,ISC,1,604392841,,inside_rectangle,single_source,yes,yes,
MZA-02682,2012-09-20T20:54:30.700Z,2012,9,-32.078,-69.673,104.5,1.9,ML,ML,1.9455,Mendoza2022_Meq_to_Mw,Mendoza/YPF 2022,converted_regional,ISC,ISC,1,604392843,,inside_rectangle,single_source,yes,yes,
MZA-02683,2012-09-20T22:40:28.100Z,2012,9,-33.326,-67.325,100,1.9,ML,ML,1.9455,Mendoza2022_Meq_to_Mw,Mendoza/YPF 2022,converted_regional,ISC,ISC,1,604392845,,inside_rectangle,single_source,yes,yes,
MZA-02684,2012-09-21T03:49:26.300Z,2012,9,-33.199,-68.788,23.2,1.6,ML,ML,1.6545,Mendoza2022_Meq_to_Mw,Mendoza/YPF 2022,converted_regional,ISC,ISC,1,604392849,,inside_rectangle,single_source,yes,yes,
MZA-02685,2012-09-21T05:13:03.570Z,2012,9,-32.0052,-69.9115,111.7,3.2,ML,ML,3.2065,Mendoza2022_Meq_to_Mw,Mendoza/YPF 2022,converted_regional,ISC,ISC,1,604392851,,inside_rectangle,single_source,yes,yes,
MZA-02686,2012-09-21T09:22:25.980Z,2012,9,-32.947,-69.739,101,4.4,mb,mb,4.2026,Mendoza2022_mb_to_Mw,Mendoza/YPF 2022,converted_regional,USGS,USGS,1,,usp000jsnq,inside_rectangle,single_source,yes,yes,
MZA-02687,2012-09-21T12:02:52.200Z,2012,9,-32.541,-69.668,115.9,2.1,ML,ML,2.1395,Mendoza2022_Meq_to_Mw,Mendoza/YPF 2022,converted_regional,ISC,ISC,1,604392857,,inside_rectangle,single_source,yes,yes,
MZA-02688,2012-09-21T17:58:37.600Z,2012,9,-32.706,-68.489,139.9,3.2,ML,ML,3.2065,Mendoza2022_Meq_to_Mw,Mendoza/YPF 2022,converted_regional,ISC,ISC,1,604392862,,inside_rectangle,single_source,yes,yes,
MZA-02689,2012-09-23T17:13:45.100Z,2012,9,-35.933,-69.911,10,3,ML,ML,3.0125,Mendoza2022_Meq_to_Mw,Mendoza/YPF 2022,converted_regional,ISC,ISC,1,604392902,,inside_rectangle,single_source,yes,yes,
MZA-02690,2012-09-23T23:56:10.200Z,2012,9,-32.666,-68.809,125.5,2.4,ML,ML,2.4305,Mendoza2022_Meq_to_Mw,Mendoza/YPF 2022,converted_regional,ISC,ISC,1,604392906,,inside_rectangle,single_source,yes,yes,
MZA-02691,2012-09-24T02:08:01.260Z,2012,9,-32.1791,-69.8819,98.7,3.7,ML,ML,3.6915,Mendoza2022_Meq_to_Mw,Mendoza/YPF 2022,converted_regional,ISC,ISC,1,604392908,,inside_rectangle,single_source,yes,yes,
MZA-02692,2012-09-24T20:19:14.000Z,2012,9,-33.085,-68.453,40.1,2.4,ML,ML,2.4305,Mendoza2022_Meq_to_Mw,Mendoza/YPF 2022,converted_regional,ISC,ISC,1,604392916,,inside_rectangle,single_source,yes,yes,
MZA-02693,2012-09-25T01:51:27.520Z,2012,9,-32.3134,-68.9461,10.2,2.6,ML,ML,2.6245,Mendoza2022_Meq_to_Mw,Mendoza/YPF 2022,converted_regional,ISC,ISC,1,604392919,,inside_rectangle,single_source,yes,yes,
MZA-02694,2012-09-25T09:40:25.900Z,2012,9,-32.972,-68.746,19.5,1.9,ML,ML,1.9455,Mendoza2022_Meq_to_Mw,Mendoza/YPF 2022,converted_regional,ISC,ISC,1,604392925,,inside_rectangle,single_source,yes,yes,
MZA-02695,2012-09-27T03:13:35.700Z,2012,9,-34.193,-67.008,69.9,3.2,ML,ML,3.2065,Mendoza2022_Meq_to_Mw,Mendoza/YPF 2022,converted_regional,ISC,ISC,1,604392966,,inside_rectangle,single_source,yes,yes,
MZA-02696,2012-09-27T06:08:32.900Z,2012,9,-32.002,-69.869,94.8,1.8,ML,ML,1.8485,Mendoza2022_Meq_to_Mw,Mendoza/YPF 2022,converted_regional,ISC,ISC,1,604392969,,inside_rectangle,single_source,yes,yes,
MZA-02697,2012-09-27T13:32:15.400Z,2012,9,-32.771,-69.206,26.7,1.4,ML,ML,1.4605,Mendoza2022_Meq_to_Mw,Mendoza/YPF 2022,converted_regional,ISC,ISC,1,604392975,,inside_rectangle,single_source,yes,yes,
MZA-02698,2012-09-27T21:25:57.100Z,2012,9,-32.791,-68.857,134,1.9,ML,ML,1.9455,Mendoza2022_Meq_to_Mw,Mendoza/YPF 2022,converted_regional,ISC,ISC,1,604392982,,inside_rectangle,single_source,yes,yes,
MZA-02699,2012-09-27T22:48:11.000Z,2012,9,-32.711,-69.256,20.4,1.8,ML,ML,1.8485,Mendoza2022_Meq_to_Mw,Mendoza/YPF 2022,converted_regional,ISC,ISC,1,604392983,,inside_rectangle,single_source,yes,yes,
MZA-02700,2012-09-28T01:41:18.600Z,2012,9,-32.485,-68.497,134.9,1.8,ML,ML,1.8485,Mendoza2022_Meq_to_Mw,Mendoza/YPF 2022,converted_regional,ISC,ISC,1,604392987,,inside_rectangle,single_source,yes,yes,
MZA-02701,2012-09-28T05:48:54.900Z,2012,9,-32.516,-68.482,117.1,1.6,ML,ML,1.6545,Mendoza2022_Meq_to_Mw,Mendoza/YPF 2022,converted_regional,ISC,ISC,1,604392993,,inside_rectangle,single_source,yes,yes,
MZA-02702,2012-09-28T08:26:17.300Z,2012,9,-32.928,-68.066,9.2,2.6,ML,ML,2.6245,Mendoza2022_Meq_to_Mw,Mendoza/YPF 2022,converted_regional,ISC,ISC,1,604392995,,inside_rectangle,single_source,yes,yes,
MZA-02703,2012-09-28T18:47:14.100Z,2012,9,-33.156,-69.054,20.5,1.6,ML,ML,1.6545,Mendoza2022_Meq_to_Mw,Mendoza/YPF 2022,converted_regional,ISC,ISC,1,604393000,,inside_rectangle,single_source,yes,yes,
MZA-02704,2012-09-28T20:22:22.200Z,2012,9,-34.12,-69.251,10.1,2.1,ML,ML,2.1395,Mendoza2022_Meq_to_Mw,Mendoza/YPF 2022,converted_regional,ISC,ISC,1,604393001,,inside_rectangle,single_source,yes,yes,
MZA-02705,2012-09-28T20:39:10.100Z,2012,9,-34.178,-69.394,10.2,1.8,ML,ML,1.8485,Mendoza2022_Meq_to_Mw,Mendoza/YPF 2022,converted_regional,ISC,ISC,1,604393002,,inside_rectangle,single_source,yes,yes,
MZA-02706,2012-09-28T22:02:13.900Z,2012,9,-32.444,-67.743,129.7,2.1,ML,ML,2.1395,Mendoza2022_Meq_to_Mw,Mendoza/YPF 2022,converted_regional,ISC,ISC,1,604393005,,inside_rectangle,single_source,yes,yes,
MZA-02707,2012-09-29T08:06:16.299Z,2012,9,-32.796,-68.287,32.4,1.9,ML,ML,1.9455,Mendoza2022_Meq_to_Mw,Mendoza/YPF 2022,converted_regional,ISC,ISC,1,604393015,,inside_rectangle,single_source,yes,yes,
MZA-02708,2012-09-29T20:24:19.000Z,2012,9,-32.061,-68.588,117.7,2.2,ML,ML,2.2365,Mendoza2022_Meq_to_Mw,Mendoza/YPF 2022,converted_regional,ISC,ISC,1,604393025,,inside_rectangle,single_source,yes,yes,
MZA-02709,2012-09-30T10:18:05.600Z,2012,9,-32.794,-69.23,21.5,1.6,ML,ML,1.6545,Mendoza2022_Meq_to_Mw,Mendoza/YPF 2022,converted_regional,ISC,ISC,1,604393041,,inside_rectangle,single_source,yes,yes,
MZA-02710,2012-09-30T11:39:05.600Z,2012,9,-33.631,-68.601,22.9,2.1,ML,ML,2.1395,Mendoza2022_Meq_to_Mw,Mendoza/YPF 2022,converted_regional,ISC,ISC,1,604393042,,inside_rectangle,single_source,yes,yes,
MZA-02711,2012-09-30T12:46:36.600Z,2012,9,-33.612,-68.417,20.7,2.4,ML,ML,2.4305,Mendoza2022_Meq_to_Mw,Mendoza/YPF 2022,converted_regional,ISC,ISC,1,604393043,,inside_rectangle,single_source,yes,yes,
MZA-02712,2012-09-30T17:37:50.700Z,2012,9,-33.174,-68.879,8.6,2.2,ML,ML,2.2365,Mendoza2022_Meq_to_Mw,Mendoza/YPF 2022,converted_regional,ISC,ISC,1,604393046,,inside_rectangle,single_source,yes,yes,
MZA-02713,2012-10-01T05:28:22.100Z,2012,10,-32.812,-68.994,11.7,0.6,ML,ML,0.6845,Mendoza2022_Meq_to_Mw,Mendoza/YPF 2022,converted_regional,ISC,ISC,1,604737991,,inside_rectangle,single_source,yes,yes,
MZA-02714,2012-10-01T11:32:41.700Z,2012,10,-32.343,-69.596,108.8,1.9,ML,ML,1.9455,Mendoza2022_Meq_to_Mw,Mendoza/YPF 2022,converted_regional,ISC,ISC,1,604737999,,inside_rectangle,single_source,yes,yes,
MZA-02715,2012-10-01T20:42:48.600Z,2012,10,-32.473,-69.726,112.5,2.6,ML,ML,2.6245,Mendoza2022_Meq_to_Mw,Mendoza/YPF 2022,converted_regional,ISC,ISC,1,604738005,,inside_rectangle,single_source,yes,yes,
MZA-02716,2012-10-02T11:10:04.700Z,2012,10,-32.53,-68.058,34.1,3.1,ML,ML,3.1095,Mendoza2022_Meq_to_Mw,Mendoza/YPF 2022,converted_regional,ISC,ISC,1,604738018,,inside_rectangle,single_source,yes,yes,
MZA-02717,2012-10-02T20:52:15.900Z,2012,10,-32.154,-69.421,116,2.4,ML,ML,2.4305,Mendoza2022_Meq_to_Mw,Mendoza/YPF 2022,converted_regional,ISC,ISC,1,604738027,,inside_rectangle,single_source,yes,yes,
MZA-02718,2012-10-05T08:41:50.999Z,2012,10,-32.531,-67.264,20,1.5,ML,ML,1.5575,Mendoza2022_Meq_to_Mw,Mendoza/YPF 2022,converted_regional,ISC,ISC,1,604738072,,inside_rectangle,single_source,yes,yes,
MZA-02719,2012-10-05T09:05:19.400Z,2012,10,-32.825,-69.989,128.9,1.1,ML,ML,1.1695,Mendoza2022_Meq_to_Mw,Mendoza/YPF 2022,converted_regional,ISC,ISC,1,604738074,,inside_rectangle,single_source,yes,yes,
MZA-02720,2012-10-06T11:04:12.500Z,2012,10,-32.627,-68.973,19.5,1.7,ML,ML,1.7515,Mendoza2022_Meq_to_Mw,Mendoza/YPF 2022,converted_regional,ISC,ISC,1,604738091,,inside_rectangle,single_source,yes,yes,
MZA-02721,2012-10-07T07:14:52.250Z,2012,10,-32.7819,-69.9913,115.4,3.3,ML,ML,3.3035,Mendoza2022_Meq_to_Mw,Mendoza/YPF 2022,converted_regional,ISC,ISC,1,604738110,,inside_rectangle,single_source,yes,yes,
MZA-02722,2012-10-07T10:49:50.900Z,2012,10,-32.17,-69.595,117.8,2.3,ML,ML,2.3335,Mendoza2022_Meq_to_Mw,Mendoza/YPF 2022,converted_regional,ISC,ISC,1,604738114,,inside_rectangle,single_source,yes,yes,
MZA-02723,2012-10-07T16:55:54.400Z,2012,10,-32.904,-69.254,17.4,2.8,ML,ML,2.8185,Mendoza2022_Meq_to_Mw,Mendoza/YPF 2022,converted_regional,ISC,ISC,1,604738118,,inside_rectangle,single_source,yes,yes,
MZA-02724,2012-10-08T06:33:55.400Z,2012,10,-32.663,-69.997,107.8,2.6,ML,ML,2.6245,Mendoza2022_Meq_to_Mw,Mendoza/YPF 2022,converted_regional,ISC,ISC,1,604836925,,inside_rectangle,single_source,yes,yes,
MZA-02725,2012-10-08T08:32:33.560Z,2012,10,-34.3379,-68.8662,16,3.6,ML,ML,3.5945,Mendoza2022_Meq_to_Mw,Mendoza/YPF 2022,converted_regional,ISC,ISC,1,604738127,,inside_rectangle,single_source,yes,yes,
MZA-02726,2012-10-08T15:32:11.600Z,2012,10,-33.418,-68.936,24,1.9,ML,ML,1.9455,Mendoza2022_Meq_to_Mw,Mendoza/YPF 2022,converted_regional,ISC,ISC,1,604738130,,inside_rectangle,single_source,yes,yes,
MZA-02727,2012-10-08T16:10:18.700Z,2012,10,-32.248,-69.512,140.3,2.2,ML,ML,2.2365,Mendoza2022_Meq_to_Mw,Mendoza/YPF 2022,converted_regional,ISC,ISC,1,604738133,,inside_rectangle,single_source,yes,yes,
MZA-02728,2012-10-09T01:54:51.900Z,2012,10,-32.697,-68.029,10,2.6,ML,ML,2.6245,Mendoza2022_Meq_to_Mw,Mendoza/YPF 2022,converted_regional,ISC,ISC,1,604738147,,inside_rectangle,single_source,yes,yes,
MZA-02729,2012-10-09T12:26:38.500Z,2012,10,-32.905,-69.08,23,2.3,ML,ML,2.3335,Mendoza2022_Meq_to_Mw,Mendoza/YPF 2022,converted_regional,ISC,ISC,1,604738153,,inside_rectangle,single_source,yes,yes,
MZA-02730,2012-10-09T23:17:27.500Z,2012,10,-33.383,-68.342,11.1,2.6,ML,ML,2.6245,Mendoza2022_Meq_to_Mw,Mendoza/YPF 2022,converted_regional,ISC,ISC,1,604738162,,inside_rectangle,single_source,yes,yes,
MZA-02731,2012-10-10T15:42:46.700Z,2012,10,-32.258,-67.56,40,2.5,ML,ML,2.5275,Mendoza2022_Meq_to_Mw,Mendoza/YPF 2022,converted_regional,ISC,ISC,1,604738222,,inside_rectangle,single_source,yes,yes,
MZA-02732,2012-10-10T23:42:26.800Z,2012,10,-32.995,-67.821,10,2.3,ML,ML,2.3335,Mendoza2022_Meq_to_Mw,Mendoza/YPF 2022,converted_regional,ISC,ISC,1,604738229,,inside_rectangle,single_source,yes,yes,
MZA-02733,2012-10-11T07:37:54.900Z,2012,10,-32.239,-67.707,127.6,2.8,ML,ML,2.8185,Mendoza2022_Meq_to_Mw,Mendoza/YPF 2022,converted_regional,ISC,ISC,1,604738233,,inside_rectangle,single_source,yes,yes,
MZA-02734,2012-10-12T08:59:25.399Z,2012,10,-33.754,-69.446,9.9,1.6,ML,ML,1.6545,Mendoza2022_Meq_to_Mw,Mendoza/YPF 2022,converted_regional,ISC,ISC,1,604738254,,inside_rectangle,single_source,yes,yes,
MZA-02735,2012-10-12T18:01:41.500Z,2012,10,-32.218,-67.493,40.4,1.4,ML,ML,1.4605,Mendoza2022_Meq_to_Mw,Mendoza/YPF 2022,converted_regional,ISC,ISC,1,604738263,,inside_rectangle,single_source,yes,yes,
MZA-02736,2012-10-13T11:55:03.400Z,2012,10,-33.097,-68.795,26.5,1.6,ML,ML,1.6545,Mendoza2022_Meq_to_Mw,Mendoza/YPF 2022,converted_regional,ISC,ISC,1,604738278,,inside_rectangle,single_source,yes,yes,
MZA-02737,2012-10-13T23:44:52.000Z,2012,10,-33.466,-68.931,17.5,2,ML,ML,2.0425,Mendoza2022_Meq_to_Mw,Mendoza/YPF 2022,converted_regional,ISC,ISC,1,604738286,,inside_rectangle,single_source,yes,yes,
MZA-02738,2012-10-14T14:43:49.200Z,2012,10,-32.254,-69.513,114.5,2.9,ML,ML,2.9155,Mendoza2022_Meq_to_Mw,Mendoza/YPF 2022,converted_regional,ISC,ISC,1,604738302,,inside_rectangle,single_source,yes,yes,
MZA-02739,2012-10-14T16:59:03.400Z,2012,10,-32.035,-68.429,119.1,2.9,ML,ML,2.9155,Mendoza2022_Meq_to_Mw,Mendoza/YPF 2022,converted_regional,ISC,ISC,1,604738303,,inside_rectangle,single_source,yes,yes,
MZA-02740,2012-10-15T01:47:08.000Z,2012,10,-32.792,-69.221,34.5,1.6,ML,ML,1.6545,Mendoza2022_Meq_to_Mw,Mendoza/YPF 2022,converted_regional,ISC,ISC,1,604738310,,inside_rectangle,single_source,yes,yes,
MZA-02741,2012-10-15T11:47:52.400Z,2012,10,-32.905,-68.451,25,1.6,ML,ML,1.6545,Mendoza2022_Meq_to_Mw,Mendoza/YPF 2022,converted_regional,ISC,ISC,1,604738321,,inside_rectangle,single_source,yes,yes,
MZA-02742,2012-10-15T15:26:30.200Z,2012,10,-32.664,-68.813,11.8,2.3,ML,ML,2.3335,Mendoza2022_Meq_to_Mw,Mendoza/YPF 2022,converted_regional,ISC,ISC,1,604738326,,inside_rectangle,single_source,yes,yes,
MZA-02743,2012-10-16T10:09:55.800Z,2012,10,-32.048,-68.001,9,1.9,ML,ML,1.9455,Mendoza2022_Meq_to_Mw,Mendoza/YPF 2022,converted_regional,ISC,ISC,1,604738343,,inside_rectangle,single_source,yes,yes,
MZA-02744,2012-10-16T14:33:34.700Z,2012,10,-32.059,-69.472,99.8,2.2,ML,ML,2.2365,Mendoza2022_Meq_to_Mw,Mendoza/YPF 2022,converted_regional,ISC,ISC,1,604738345,,inside_rectangle,single_source,yes,yes,
MZA-02745,2012-10-17T04:20:46.200Z,2012,10,-32.233,-67.053,11.5,1.9,ML,ML,1.9455,Mendoza2022_Meq_to_Mw,Mendoza/YPF 2022,converted_regional,ISC,ISC,1,604738357,,inside_rectangle,single_source,yes,yes,
MZA-02746,2012-10-17T07:11:38.500Z,2012,10,-32.136,-68.309,37,1.8,ML,ML,1.8485,Mendoza2022_Meq_to_Mw,Mendoza/YPF 2022,converted_regional,ISC,ISC,1,604738359,,inside_rectangle,single_source,yes,yes,
MZA-02747,2012-10-17T08:00:44.200Z,2012,10,-33.084,-68.924,26.3,1.9,ML,ML,1.9455,Mendoza2022_Meq_to_Mw,Mendoza/YPF 2022,converted_regional,ISC,ISC,1,604738360,,inside_rectangle,single_source,yes,yes,
MZA-02748,2012-10-17T11:13:31.000Z,2012,10,-32.886,-69.049,26.3,2.7,MW,Mw,2.7,reported_Mw,ISC/USGS,direct,ISC,ISC,1,604738362,,inside_rectangle,single_source,yes,yes,
MZA-02749,2012-10-17T14:50:59.200Z,2012,10,-32.554,-69.246,27.3,2.8,ML,ML,2.8185,Mendoza2022_Meq_to_Mw,Mendoza/YPF 2022,converted_regional,ISC,ISC,1,604738366,,inside_rectangle,single_source,yes,yes,
MZA-02750,2012-10-17T23:21:24.200Z,2012,10,-32.033,-69.315,107.1,1.7,ML,ML,1.7515,Mendoza2022_Meq_to_Mw,Mendoza/YPF 2022,converted_regional,ISC,ISC,1,604738373,,inside_rectangle,single_source,yes,yes,
MZA-02751,2012-10-19T01:55:53.300Z,2012,10,-32.434,-68.218,109.5,1.6,ML,ML,1.6545,Mendoza2022_Meq_to_Mw,Mendoza/YPF 2022,converted_regional,ISC,ISC,1,604738400,,inside_rectangle,single_source,yes,yes,
MZA-02752,2012-10-19T16:10:25.200Z,2012,10,-32.858,-69.258,25.3,1.9,ML,ML,1.9455,Mendoza2022_Meq_to_Mw,Mendoza/YPF 2022,converted_regional,ISC,ISC,1,604738413,,inside_rectangle,single_source,yes,yes,
MZA-02753,2012-10-19T18:25:56.890Z,2012,10,-32.4458,-69.8237,122,2.7,ML,ML,2.7215,Mendoza2022_Meq_to_Mw,Mendoza/YPF 2022,converted_regional,ISC,ISC,1,604738416,,inside_rectangle,single_source,yes,yes,
MZA-02754,2012-10-20T02:20:39.500Z,2012,10,-32.89,-69.794,112.7,1.7,ML,ML,1.7515,Mendoza2022_Meq_to_Mw,Mendoza/YPF 2022,converted_regional,ISC,ISC,1,604738428,,inside_rectangle,single_source,yes,yes,
MZA-02755,2012-10-21T05:17:51.300Z,2012,10,-32.433,-69.689,118.3,1.6,ML,ML,1.6545,Mendoza2022_Meq_to_Mw,Mendoza/YPF 2022,converted_regional,ISC,ISC,1,604738449,,inside_rectangle,single_source,yes,yes,
MZA-02756,2012-10-21T17:56:26.400Z,2012,10,-33.277,-68.202,21.1,2.1,ML,ML,2.1395,Mendoza2022_Meq_to_Mw,Mendoza/YPF 2022,converted_regional,ISC,ISC,1,604738460,,inside_rectangle,single_source,yes,yes,
MZA-02757,2012-10-21T22:11:15.100Z,2012,10,-32.203,-67.037,147.5,1.9,ML,ML,1.9455,Mendoza2022_Meq_to_Mw,Mendoza/YPF 2022,converted_regional,ISC,ISC,1,604738465,,inside_rectangle,single_source,yes,yes,
MZA-02758,2012-10-23T17:50:39.400Z,2012,10,-32.081,-68.956,26.6,2.9,ML,ML,2.9155,Mendoza2022_Meq_to_Mw,Mendoza/YPF 2022,converted_regional,ISC,ISC,1,604738503,,inside_rectangle,single_source,yes,yes,
MZA-02759,2012-10-23T20:53:58.399Z,2012,10,-32.642,-68.124,24.3,1.8,ML,ML,1.8485,Mendoza2022_Meq_to_Mw,Mendoza/YPF 2022,converted_regional,ISC,ISC,1,604738505,,inside_rectangle,single_source,yes,yes,
MZA-02760,2012-10-24T22:27:19.200Z,2012,10,-32.0293,-68.2305,120.2,3.6,mb,mb,3.7594,Mendoza2022_mb_to_Mw,Mendoza/YPF 2022,converted_regional,ISC,ISC,1,601846981,,inside_rectangle,single_source,yes,yes,
MZA-02761,2012-10-25T07:58:35.300Z,2012,10,-33.718,-69.044,7.5,1.9,ML,ML,1.9455,Mendoza2022_Meq_to_Mw,Mendoza/YPF 2022,converted_regional,ISC,ISC,1,604738543,,inside_rectangle,single_source,yes,yes,
MZA-02762,2012-10-25T11:47:38.800Z,2012,10,-32.474,-68.929,29.9,1.9,ML,ML,1.9455,Mendoza2022_Meq_to_Mw,Mendoza/YPF 2022,converted_regional,ISC,ISC,1,604738548,,inside_rectangle,single_source,yes,yes,
MZA-02763,2012-10-26T20:11:53.900Z,2012,10,-32.319,-67.945,74,1.7,ML,ML,1.7515,Mendoza2022_Meq_to_Mw,Mendoza/YPF 2022,converted_regional,ISC,ISC,1,604738577,,inside_rectangle,single_source,yes,yes,
MZA-02764,2012-10-27T07:42:10.900Z,2012,10,-33.016,-69.343,12.9,1.5,ML,ML,1.5575,Mendoza2022_Meq_to_Mw,Mendoza/YPF 2022,converted_regional,ISC,ISC,1,604738589,,inside_rectangle,single_source,yes,yes,
MZA-02765,2012-10-27T11:28:58.000Z,2012,10,-32.888,-68.131,160.8,3.3,ML,ML,3.3035,Mendoza2022_Meq_to_Mw,Mendoza/YPF 2022,converted_regional,ISC,ISC,1,604738592,,inside_rectangle,single_source,yes,yes,
MZA-02766,2012-10-28T02:49:45.000Z,2012,10,-33.034,-69.368,5.2,1.8,ML,ML,1.8485,Mendoza2022_Meq_to_Mw,Mendoza/YPF 2022,converted_regional,ISC,ISC,1,604738604,,inside_rectangle,single_source,yes,yes,
MZA-02767,2012-10-29T09:22:39.499Z,2012,10,-32.016,-69.432,101.3,2.7,ML,ML,2.7215,Mendoza2022_Meq_to_Mw,Mendoza/YPF 2022,converted_regional,ISC,ISC,1,604738626,,inside_rectangle,single_source,yes,yes,
MZA-02768,2012-10-29T16:06:11.099Z,2012,10,-32.544,-69.266,10.3,1.1,ML,ML,1.1695,Mendoza2022_Meq_to_Mw,Mendoza/YPF 2022,converted_regional,ISC,ISC,1,604738632,,inside_rectangle,single_source,yes,yes,
MZA-02769,2012-10-29T16:37:48.800Z,2012,10,-33.019,-69.209,24.4,2.4,ML,ML,2.4305,Mendoza2022_Meq_to_Mw,Mendoza/YPF 2022,converted_regional,ISC,ISC,1,604738634,,inside_rectangle,single_source,yes,yes,
MZA-02770,2012-10-30T03:56:52.000Z,2012,10,-32.189,-68.36,93,1.5,ML,ML,1.5575,Mendoza2022_Meq_to_Mw,Mendoza/YPF 2022,converted_regional,ISC,ISC,1,604738648,,inside_rectangle,single_source,yes,yes,
MZA-02771,2012-10-30T05:05:50.700Z,2012,10,-33.543,-68.505,15.1,1.5,ML,ML,1.5575,Mendoza2022_Meq_to_Mw,Mendoza/YPF 2022,converted_regional,ISC,ISC,1,604738649,,inside_rectangle,single_source,yes,yes,
MZA-02772,2012-10-30T05:31:45.600Z,2012,10,-32.026,-69.336,99.7,2.3,ML,ML,2.3335,Mendoza2022_Meq_to_Mw,Mendoza/YPF 2022,converted_regional,ISC,ISC,1,604738650,,inside_rectangle,single_source,yes,yes,
MZA-02773,2012-10-30T06:40:11.900Z,2012,10,-32.982,-68.261,27.2,1.8,ML,ML,1.8485,Mendoza2022_Meq_to_Mw,Mendoza/YPF 2022,converted_regional,ISC,ISC,1,604738651,,inside_rectangle,single_source,yes,yes,
MZA-02774,2012-10-30T12:22:37.300Z,2012,10,-32.139,-69.492,106.3,1.8,ML,ML,1.8485,Mendoza2022_Meq_to_Mw,Mendoza/YPF 2022,converted_regional,ISC,ISC,1,604738659,,inside_rectangle,single_source,yes,yes,
MZA-02775,2012-10-30T16:34:54.700Z,2012,10,-32.059,-69.611,101.1,2.2,ML,ML,2.2365,Mendoza2022_Meq_to_Mw,Mendoza/YPF 2022,converted_regional,ISC,ISC,1,604738662,,inside_rectangle,single_source,yes,yes,
MZA-02776,2012-10-31T00:29:53.699Z,2012,10,-32.044,-68.444,112.9,2,ML,ML,2.0425,Mendoza2022_Meq_to_Mw,Mendoza/YPF 2022,converted_regional,ISC,ISC,1,604738668,,inside_rectangle,single_source,yes,yes,
MZA-02777,2012-10-31T02:02:06.700Z,2012,10,-33.379,-67.833,21.5,2.3,ML,ML,2.3335,Mendoza2022_Meq_to_Mw,Mendoza/YPF 2022,converted_regional,ISC,ISC,1,604738669,,inside_rectangle,single_source,yes,yes,
MZA-02778,2012-10-31T16:49:58.700Z,2012,10,-32.664,-68.498,30.9,1.6,ML,ML,1.6545,Mendoza2022_Meq_to_Mw,Mendoza/YPF 2022,converted_regional,ISC,ISC,1,604738686,,inside_rectangle,single_source,yes,yes,
MZA-02779,2012-11-01T08:49:04.900Z,2012,11,-32.999,-68.732,6.9,2,ML,ML,2.0425,Mendoza2022_Meq_to_Mw,Mendoza/YPF 2022,converted_regional,ISC,ISC,1,604738697,,inside_rectangle,single_source,yes,yes,
MZA-02780,2012-11-02T03:57:59.200Z,2012,11,-32.145,-69.47,118.5,1.9,ML,ML,1.9455,Mendoza2022_Meq_to_Mw,Mendoza/YPF 2022,converted_regional,ISC,ISC,1,604738715,,inside_rectangle,single_source,yes,yes,
MZA-02781,2012-11-02T17:54:15.900Z,2012,11,-32.158,-69.197,105,1.5,ML,ML,1.5575,Mendoza2022_Meq_to_Mw,Mendoza/YPF 2022,converted_regional,ISC,ISC,1,604738730,,inside_rectangle,single_source,yes,yes,
MZA-02782,2012-11-02T22:10:03.200Z,2012,11,-32.438,-67.513,73.2,2,ML,ML,2.0425,Mendoza2022_Meq_to_Mw,Mendoza/YPF 2022,converted_regional,ISC,ISC,1,604738734,,inside_rectangle,single_source,yes,yes,
MZA-02783,2012-11-03T04:26:55.200Z,2012,11,-33.474,-68.149,27.5,2.1,ML,ML,2.1395,Mendoza2022_Meq_to_Mw,Mendoza/YPF 2022,converted_regional,ISC,ISC,1,604738738,,inside_rectangle,single_source,yes,yes,
MZA-02784,2012-11-03T08:03:09.969Z,2012,11,-33.3413,-68.9701,18,3.6,mb,mb,3.7594,Mendoza2022_mb_to_Mw,Mendoza/YPF 2022,converted_regional,ISC,ISC,1,601870058,,inside_rectangle,single_source,yes,yes,
MZA-02785,2012-11-03T19:06:54.500Z,2012,11,-32.94,-69.046,19.7,1.9,ML,ML,1.9455,Mendoza2022_Meq_to_Mw,Mendoza/YPF 2022,converted_regional,ISC,ISC,1,604738746,,inside_rectangle,single_source,yes,yes,
MZA-02786,2012-11-03T20:46:14.700Z,2012,11,-34.793,-69.142,40.1,2.2,ML,ML,2.2365,Mendoza2022_Meq_to_Mw,Mendoza/YPF 2022,converted_regional,ISC,ISC,1,604738748,,inside_rectangle,single_source,yes,yes,
MZA-02787,2012-11-04T19:16:28.699Z,2012,11,-32.134,-67.33,19.1,2.3,ML,ML,2.3335,Mendoza2022_Meq_to_Mw,Mendoza/YPF 2022,converted_regional,ISC,ISC,1,604738781,,inside_rectangle,single_source,yes,yes,
MZA-02788,2012-11-05T20:03:45.200Z,2012,11,-32.445,-69.888,118.4,2,ML,ML,2.0425,Mendoza2022_Meq_to_Mw,Mendoza/YPF 2022,converted_regional,ISC,ISC,1,604738803,,inside_rectangle,single_source,yes,yes,
MZA-02789,2012-11-05T22:16:33.300Z,2012,11,-34.11,-69.297,14.6,1.9,ML,ML,1.9455,Mendoza2022_Meq_to_Mw,Mendoza/YPF 2022,converted_regional,ISC,ISC,1,604738804,,inside_rectangle,single_source,yes,yes,
MZA-02790,2012-11-06T02:19:40.700Z,2012,11,-33.058,-69.956,15.1,1.6,ML,ML,1.6545,Mendoza2022_Meq_to_Mw,Mendoza/YPF 2022,converted_regional,ISC,ISC,1,604738808,,inside_rectangle,single_source,yes,yes,
MZA-02791,2012-11-06T03:03:09.600Z,2012,11,-32.878,-69.078,23.2,1.8,ML,ML,1.8485,Mendoza2022_Meq_to_Mw,Mendoza/YPF 2022,converted_regional,ISC,ISC,1,604738810,,inside_rectangle,single_source,yes,yes,
MZA-02792,2012-11-08T01:37:32.500Z,2012,11,-33.626,-68.519,32.3,1.9,ML,ML,1.9455,Mendoza2022_Meq_to_Mw,Mendoza/YPF 2022,converted_regional,ISC,ISC,1,604738845,,inside_rectangle,single_source,yes,yes,
MZA-02793,2012-11-08T13:02:47.099Z,2012,11,-32.271,-68.116,145,1.6,ML,ML,1.6545,Mendoza2022_Meq_to_Mw,Mendoza/YPF 2022,converted_regional,ISC,ISC,1,604738854,,inside_rectangle,single_source,yes,yes,
MZA-02794,2012-11-09T06:31:45.140Z,2012,11,-33.4109,-67.5717,196.4,4,mb,mb,3.981,Mendoza2022_mb_to_Mw,Mendoza/YPF 2022,converted_regional,ISC,ISC + USGS,2,601882379,usp000jv8n,inside_rectangle,accepted_auto,yes,yes,
MZA-02795,2012-11-10T05:32:42.600Z,2012,11,-32.648,-68.599,25.2,1.8,ML,ML,1.8485,Mendoza2022_Meq_to_Mw,Mendoza/YPF 2022,converted_regional,ISC,ISC,1,604738872,,inside_rectangle,single_source,yes,yes,
MZA-02796,2012-11-10T19:49:17.199Z,2012,11,-34.595,-69.783,5,2.9,ML,ML,2.9155,Mendoza2022_Meq_to_Mw,Mendoza/YPF 2022,converted_regional,ISC,ISC,1,604738885,,inside_rectangle,single_source,yes,yes,
MZA-02797,2012-11-11T01:15:18.600Z,2012,11,-32.08,-67.356,125.8,3.7,ML,ML,3.6915,Mendoza2022_Meq_to_Mw,Mendoza/YPF 2022,converted_regional,ISC,ISC,1,607283519,,inside_rectangle,single_source,yes,yes,
MZA-02798,2012-11-11T15:27:00.000Z,2012,11,-33.217,-69.067,5,1.9,ML,ML,1.9455,Mendoza2022_Meq_to_Mw,Mendoza/YPF 2022,converted_regional,ISC,ISC,1,604738904,,inside_rectangle,single_source,yes,yes,
MZA-02799,2012-11-11T16:04:14.900Z,2012,11,-33.118,-69.685,10.6,1.7,ML,ML,1.7515,Mendoza2022_Meq_to_Mw,Mendoza/YPF 2022,converted_regional,ISC,ISC,1,604738906,,inside_rectangle,single_source,yes,yes,
MZA-02800,2012-11-11T19:54:13.400Z,2012,11,-32.73,-68.89,30.6,1.1,ML,ML,1.1695,Mendoza2022_Meq_to_Mw,Mendoza/YPF 2022,converted_regional,ISC,ISC,1,604738911,,inside_rectangle,single_source,yes,yes,
MZA-02801,2012-11-12T07:14:34.799Z,2012,11,-32.308,-67.595,17.6,2.2,ML,ML,2.2365,Mendoza2022_Meq_to_Mw,Mendoza/YPF 2022,converted_regional,ISC,ISC,1,604738922,,inside_rectangle,single_source,yes,yes,
MZA-02802,2012-11-12T20:03:44.600Z,2012,11,-33.054,-68.538,31.4,1.6,ML,ML,1.6545,Mendoza2022_Meq_to_Mw,Mendoza/YPF 2022,converted_regional,ISC,ISC,1,604738930,,inside_rectangle,single_source,yes,yes,
MZA-02803,2012-11-13T09:15:24.400Z,2012,11,-33.204,-69.524,10,1.8,ML,ML,1.8485,Mendoza2022_Meq_to_Mw,Mendoza/YPF 2022,converted_regional,ISC,ISC,1,604738941,,inside_rectangle,single_source,yes,yes,
MZA-02804,2012-11-13T11:53:20.500Z,2012,11,-32.005,-69.406,115.7,2.1,ML,ML,2.1395,Mendoza2022_Meq_to_Mw,Mendoza/YPF 2022,converted_regional,ISC,ISC,1,604738947,,inside_rectangle,single_source,yes,yes,
MZA-02805,2012-11-13T20:07:24.149Z,2012,11,-32.5522,-68.887,130.5,3.2,ML,ML,3.2065,Mendoza2022_Meq_to_Mw,Mendoza/YPF 2022,converted_regional,ISC,ISC,1,604738952,,inside_rectangle,single_source,yes,yes,
MZA-02806,2012-11-13T23:57:23.100Z,2012,11,-32.138,-69.491,108.2,2.4,ML,ML,2.4305,Mendoza2022_Meq_to_Mw,Mendoza/YPF 2022,converted_regional,ISC,ISC,1,604738956,,inside_rectangle,single_source,yes,yes,
MZA-02807,2012-11-15T08:05:10.000Z,2012,11,-33.88,-68.762,10.1,2.2,ML,ML,2.2365,Mendoza2022_Meq_to_Mw,Mendoza/YPF 2022,converted_regional,ISC,ISC,1,604738995,,inside_rectangle,single_source,yes,yes,
MZA-02808,2012-11-16T00:25:13.000Z,2012,11,-33.406,-68.278,22.4,1.7,ML,ML,1.7515,Mendoza2022_Meq_to_Mw,Mendoza/YPF 2022,converted_regional,ISC,ISC,1,604739003,,inside_rectangle,single_source,yes,yes,
MZA-02809,2012-11-16T07:42:47.500Z,2012,11,-32.811,-68.685,37.1,1.6,ML,ML,1.6545,Mendoza2022_Meq_to_Mw,Mendoza/YPF 2022,converted_regional,ISC,ISC,1,604739008,,inside_rectangle,single_source,yes,yes,
MZA-02810,2012-11-16T14:25:59.300Z,2012,11,-34.568,-69.779,16.1,2.5,ML,ML,2.5275,Mendoza2022_Meq_to_Mw,Mendoza/YPF 2022,converted_regional,ISC,ISC,1,604837338,,inside_rectangle,single_source,yes,yes,
MZA-02811,2012-11-17T02:08:14.500Z,2012,11,-32.033,-68.438,118.5,2.3,ML,ML,2.3335,Mendoza2022_Meq_to_Mw,Mendoza/YPF 2022,converted_regional,ISC,ISC,1,604739023,,inside_rectangle,single_source,yes,yes,
MZA-02812,2012-11-17T03:34:57.500Z,2012,11,-33.373,-67.476,211.5,3.5,ML,ML,3.4975,Mendoza2022_Meq_to_Mw,Mendoza/YPF 2022,converted_regional,ISC,ISC,1,604739024,,inside_rectangle,single_source,yes,yes,
MZA-02813,2012-11-18T02:41:17.000Z,2012,11,-33.121,-69.699,111,2,ML,ML,2.0425,Mendoza2022_Meq_to_Mw,Mendoza/YPF 2022,converted_regional,ISC,ISC,1,604740125,,inside_rectangle,single_source,yes,yes,
MZA-02814,2012-11-18T04:50:09.800Z,2012,11,-34.331,-68.953,10.8,2,ML,ML,2.0425,Mendoza2022_Meq_to_Mw,Mendoza/YPF 2022,converted_regional,ISC,ISC,1,604740126,,inside_rectangle,single_source,yes,yes,
MZA-02815,2012-11-19T01:42:41.300Z,2012,11,-33.271,-69.357,21.8,1.8,ML,ML,1.8485,Mendoza2022_Meq_to_Mw,Mendoza/YPF 2022,converted_regional,ISC,ISC,1,604740141,,inside_rectangle,single_source,yes,yes,
MZA-02816,2012-11-19T15:21:15.200Z,2012,11,-32.012,-68.276,26,1.7,ML,ML,1.7515,Mendoza2022_Meq_to_Mw,Mendoza/YPF 2022,converted_regional,ISC,ISC,1,604740149,,inside_rectangle,single_source,yes,yes,
MZA-02817,2012-11-20T03:46:06.700Z,2012,11,-32.587,-69.004,121.7,2.1,ML,ML,2.1395,Mendoza2022_Meq_to_Mw,Mendoza/YPF 2022,converted_regional,ISC,ISC,1,604740163,,inside_rectangle,single_source,yes,yes,
MZA-02818,2012-11-20T08:29:01.600Z,2012,11,-32.254,-69.52,110.1,2.1,ML,ML,2.1395,Mendoza2022_Meq_to_Mw,Mendoza/YPF 2022,converted_regional,ISC,ISC,1,604740165,,inside_rectangle,single_source,yes,yes,
MZA-02819,2012-11-21T21:20:59.800Z,2012,11,-32.827,-68.573,33,1.9,ML,ML,1.9455,Mendoza2022_Meq_to_Mw,Mendoza/YPF 2022,converted_regional,ISC,ISC,1,604740196,,inside_rectangle,single_source,yes,yes,
MZA-02820,2012-11-23T18:48:05.300Z,2012,11,-33.741,-68.659,26.4,2.3,ML,ML,2.3335,Mendoza2022_Meq_to_Mw,Mendoza/YPF 2022,converted_regional,ISC,ISC,1,604740226,,inside_rectangle,single_source,yes,yes,
MZA-02821,2012-11-23T22:50:11.700Z,2012,11,-32.028,-68.498,118,1.9,ML,ML,1.9455,Mendoza2022_Meq_to_Mw,Mendoza/YPF 2022,converted_regional,ISC,ISC,1,604740230,,inside_rectangle,single_source,yes,yes,
MZA-02822,2012-11-24T05:10:41.600Z,2012,11,-33.283,-69.197,21.5,2.1,ML,ML,2.1395,Mendoza2022_Meq_to_Mw,Mendoza/YPF 2022,converted_regional,ISC,ISC,1,604740238,,inside_rectangle,single_source,yes,yes,
MZA-02823,2012-11-24T16:52:23.500Z,2012,11,-32.3787,-69.9107,107.7,2.7,ML,ML,2.7215,Mendoza2022_Meq_to_Mw,Mendoza/YPF 2022,converted_regional,ISC,ISC,1,604740243,,inside_rectangle,single_source,yes,yes,
MZA-02824,2012-11-25T19:58:42.700Z,2012,11,-32.193,-68.324,114.2,2.5,ML,ML,2.5275,Mendoza2022_Meq_to_Mw,Mendoza/YPF 2022,converted_regional,ISC,ISC,1,604740261,,inside_rectangle,single_source,yes,yes,
MZA-02825,2012-11-25T22:46:16.300Z,2012,11,-33.413,-69.064,25.6,1.7,ML,ML,1.7515,Mendoza2022_Meq_to_Mw,Mendoza/YPF 2022,converted_regional,ISC,ISC,1,604740265,,inside_rectangle,single_source,yes,yes,
MZA-02826,2012-11-27T02:10:18.100Z,2012,11,-33.794,-68.309,28.6,3.2,ML,ML,3.2065,Mendoza2022_Meq_to_Mw,Mendoza/YPF 2022,converted_regional,ISC,ISC,1,604740328,,inside_rectangle,single_source,yes,yes,
MZA-02827,2012-11-27T05:23:27.000Z,2012,11,-33.357,-68.573,22.6,2.1,ML,ML,2.1395,Mendoza2022_Meq_to_Mw,Mendoza/YPF 2022,converted_regional,ISC,ISC,1,604740333,,inside_rectangle,single_source,yes,yes,
MZA-02828,2012-11-28T00:06:28.400Z,2012,11,-32.966,-69.393,13.9,1.9,ML,ML,1.9455,Mendoza2022_Meq_to_Mw,Mendoza/YPF 2022,converted_regional,ISC,ISC,1,604740351,,inside_rectangle,single_source,yes,yes,
MZA-02829,2012-11-28T04:20:19.900Z,2012,11,-33.905,-68.653,22.1,1.6,ML,ML,1.6545,Mendoza2022_Meq_to_Mw,Mendoza/YPF 2022,converted_regional,ISC,ISC,1,604740359,,inside_rectangle,single_source,yes,yes,
MZA-02830,2012-11-28T05:40:21.100Z,2012,11,-33.544,-68.014,25.3,2.3,ML,ML,2.3335,Mendoza2022_Meq_to_Mw,Mendoza/YPF 2022,converted_regional,ISC,ISC,1,604740360,,inside_rectangle,single_source,yes,yes,
MZA-02831,2012-11-28T13:14:35.000Z,2012,11,-32.307,-69.757,110.1,2.2,ML,ML,2.2365,Mendoza2022_Meq_to_Mw,Mendoza/YPF 2022,converted_regional,ISC,ISC,1,604740368,,inside_rectangle,single_source,yes,yes,
MZA-02832,2012-11-28T22:25:33.300Z,2012,11,-32.163,-67.931,165.3,2.2,ML,ML,2.2365,Mendoza2022_Meq_to_Mw,Mendoza/YPF 2022,converted_regional,ISC,ISC,1,604740374,,inside_rectangle,single_source,yes,yes,
MZA-02833,2012-11-28T22:56:32.800Z,2012,11,-32.177,-68.307,36,1.5,ML,ML,1.5575,Mendoza2022_Meq_to_Mw,Mendoza/YPF 2022,converted_regional,ISC,ISC,1,604740375,,inside_rectangle,single_source,yes,yes,
MZA-02834,2012-11-29T00:09:39.660Z,2012,11,-32.8913,-69.081,9.6,5,mb,mb,4.535,Mendoza2022_mb_to_Mw,Mendoza/YPF 2022,converted_regional,ISC,ISC + USGS,2,601995141,usp000jw78,inside_rectangle,accepted_auto,yes,yes,
MZA-02835,2012-11-29T00:15:28.040Z,2012,11,-32.9012,-69.1016,8.3,3,ML,ML,3.0125,Mendoza2022_Meq_to_Mw,Mendoza/YPF 2022,converted_regional,ISC,ISC,1,604740378,,inside_rectangle,single_source,yes,yes,
MZA-02836,2012-11-29T00:49:01.790Z,2012,11,-32.9074,-69.0572,10.9,3.9,mb,mb,3.9256,Mendoza2022_mb_to_Mw,Mendoza/YPF 2022,converted_regional,ISC,ISC + USGS,2,602083455,usp000jw7a,inside_rectangle,accepted_auto,yes,yes,
MZA-02837,2012-11-29T01:00:13.899Z,2012,11,-32.887,-69.095,8.5,2,ML,ML,2.0425,Mendoza2022_Meq_to_Mw,Mendoza/YPF 2022,converted_regional,ISC,ISC,1,604740379,,inside_rectangle,single_source,yes,yes,
MZA-02838,2012-11-29T01:11:21.300Z,2012,11,-32.8812,-69.1068,12.4,2.4,ML,ML,2.4305,Mendoza2022_Meq_to_Mw,Mendoza/YPF 2022,converted_regional,ISC,ISC,1,604740380,,inside_rectangle,single_source,yes,yes,
MZA-02839,2012-11-29T02:12:22.399Z,2012,11,-32.878,-69.083,10.5,2.2,ML,ML,2.2365,Mendoza2022_Meq_to_Mw,Mendoza/YPF 2022,converted_regional,ISC,ISC,1,604740383,,inside_rectangle,single_source,yes,yes,
MZA-02840,2012-11-29T03:15:30.700Z,2012,11,-32.876,-69.09,8,1.7,ML,ML,1.7515,Mendoza2022_Meq_to_Mw,Mendoza/YPF 2022,converted_regional,ISC,ISC,1,604740384,,inside_rectangle,single_source,yes,yes,
MZA-02841,2012-11-29T03:24:08.300Z,2012,11,-32.87,-69.01,11.2,1.4,ML,ML,1.4605,Mendoza2022_Meq_to_Mw,Mendoza/YPF 2022,converted_regional,ISC,ISC,1,604740385,,inside_rectangle,single_source,yes,yes,
MZA-02842,2012-11-29T05:26:32.300Z,2012,11,-33.019,-67.625,161.8,2.2,ML,ML,2.2365,Mendoza2022_Meq_to_Mw,Mendoza/YPF 2022,converted_regional,ISC,ISC,1,604740387,,inside_rectangle,single_source,yes,yes,
MZA-02843,2012-11-29T20:59:22.900Z,2012,11,-32.881,-69.068,13.4,2.5,ML,ML,2.5275,Mendoza2022_Meq_to_Mw,Mendoza/YPF 2022,converted_regional,ISC,ISC,1,604740391,,inside_rectangle,single_source,yes,yes,
MZA-02844,2012-11-29T22:42:32.100Z,2012,11,-32.751,-68.956,27.9,1.6,ML,ML,1.6545,Mendoza2022_Meq_to_Mw,Mendoza/YPF 2022,converted_regional,ISC,ISC,1,604740393,,inside_rectangle,single_source,yes,yes,
MZA-02845,2012-11-30T18:19:02.100Z,2012,11,-32.863,-69.09,10.1,2.4,ML,ML,2.4305,Mendoza2022_Meq_to_Mw,Mendoza/YPF 2022,converted_regional,ISC,ISC,1,604740405,,inside_rectangle,single_source,yes,yes,
MZA-02846,2012-11-30T20:19:44.900Z,2012,11,-32.13,-69,10.3,1.3,ML,ML,1.3635,Mendoza2022_Meq_to_Mw,Mendoza/YPF 2022,converted_regional,ISC,ISC,1,604740410,,inside_rectangle,single_source,yes,yes,
MZA-02847,2012-12-01T09:32:09.800Z,2012,12,-32.514,-68.803,128,2.2,ML,ML,2.2365,Mendoza2022_Meq_to_Mw,Mendoza/YPF 2022,converted_regional,ISC,ISC,1,604740425,,inside_rectangle,single_source,yes,yes,
MZA-02848,2012-12-01T16:13:59.300Z,2012,12,-33.804,-68.355,12,2.7,ML,ML,2.7215,Mendoza2022_Meq_to_Mw,Mendoza/YPF 2022,converted_regional,ISC,ISC,1,604740433,,inside_rectangle,single_source,yes,yes,
MZA-02849,2012-12-01T21:18:45.500Z,2012,12,-32.839,-69.053,10,1.6,ML,ML,1.6545,Mendoza2022_Meq_to_Mw,Mendoza/YPF 2022,converted_regional,ISC,ISC,1,604740435,,inside_rectangle,single_source,yes,yes,
MZA-02850,2012-12-01T23:21:20.800Z,2012,12,-32.255,-69.443,109.6,2.8,ML,ML,2.8185,Mendoza2022_Meq_to_Mw,Mendoza/YPF 2022,converted_regional,ISC,ISC,1,604740440,,inside_rectangle,single_source,yes,yes,
MZA-02851,2012-12-02T02:32:47.700Z,2012,12,-32.877,-69.09,8.8,1.6,ML,ML,1.6545,Mendoza2022_Meq_to_Mw,Mendoza/YPF 2022,converted_regional,ISC,ISC,1,604740441,,inside_rectangle,single_source,yes,yes,
MZA-02852,2012-12-02T05:43:52.300Z,2012,12,-32.082,-69.495,108.7,1.9,ML,ML,1.9455,Mendoza2022_Meq_to_Mw,Mendoza/YPF 2022,converted_regional,ISC,ISC,1,604740443,,inside_rectangle,single_source,yes,yes,
MZA-02853,2012-12-02T16:18:48.400Z,2012,12,-32.138,-69.555,110,2,ML,ML,2.0425,Mendoza2022_Meq_to_Mw,Mendoza/YPF 2022,converted_regional,ISC,ISC,1,604740453,,inside_rectangle,single_source,yes,yes,
MZA-02854,2012-12-02T20:31:14.200Z,2012,12,-33.015,-68.877,25.1,1.9,ML,ML,1.9455,Mendoza2022_Meq_to_Mw,Mendoza/YPF 2022,converted_regional,ISC,ISC,1,604740459,,inside_rectangle,single_source,yes,yes,
MZA-02855,2012-12-03T01:44:28.600Z,2012,12,-32.442,-69.762,125.4,2.5,ML,ML,2.5275,Mendoza2022_Meq_to_Mw,Mendoza/YPF 2022,converted_regional,ISC,ISC,1,604740463,,inside_rectangle,single_source,yes,yes,
MZA-02856,2012-12-03T04:19:42.500Z,2012,12,-32.868,-69.146,6.5,1.8,ML,ML,1.8485,Mendoza2022_Meq_to_Mw,Mendoza/YPF 2022,converted_regional,ISC,ISC,1,604740465,,inside_rectangle,single_source,yes,yes,
MZA-02857,2012-12-04T11:59:16.800Z,2012,12,-33.003,-68.109,1.9,1.4,ML,ML,1.4605,Mendoza2022_Meq_to_Mw,Mendoza/YPF 2022,converted_regional,ISC,ISC,1,604740489,,inside_rectangle,single_source,yes,yes,
MZA-02858,2012-12-04T17:52:59.900Z,2012,12,-32.912,-69.117,6.2,2.3,ML,ML,2.3335,Mendoza2022_Meq_to_Mw,Mendoza/YPF 2022,converted_regional,ISC,ISC,1,604740495,,inside_rectangle,single_source,yes,yes,
MZA-02859,2012-12-05T12:08:38.800Z,2012,12,-32.743,-69.313,34.6,1.5,ML,ML,1.5575,Mendoza2022_Meq_to_Mw,Mendoza/YPF 2022,converted_regional,ISC,ISC,1,604740912,,inside_rectangle,single_source,yes,yes,
MZA-02860,2012-12-06T01:31:22.700Z,2012,12,-32.435,-68.779,49.6,0.4,ML,ML,0.4905,Mendoza2022_Meq_to_Mw,Mendoza/YPF 2022,converted_regional,ISC,ISC,1,604740930,,inside_rectangle,single_source,yes,yes,
MZA-02861,2012-12-06T14:06:56.100Z,2012,12,-32.045,-69.896,101.2,2.2,ML,ML,2.2365,Mendoza2022_Meq_to_Mw,Mendoza/YPF 2022,converted_regional,ISC,ISC,1,604740939,,inside_rectangle,single_source,yes,yes,
MZA-02862,2012-12-07T07:58:14.000Z,2012,12,-33.201,-69.076,26.1,1.6,ML,ML,1.6545,Mendoza2022_Meq_to_Mw,Mendoza/YPF 2022,converted_regional,ISC,ISC,1,604740953,,inside_rectangle,single_source,yes,yes,
MZA-02863,2012-12-07T14:15:22.100Z,2012,12,-32.742,-68.659,23.9,2.8,ML,ML,2.8185,Mendoza2022_Meq_to_Mw,Mendoza/YPF 2022,converted_regional,ISC,ISC,1,604740959,,inside_rectangle,single_source,yes,yes,
MZA-02864,2012-12-08T05:02:17.700Z,2012,12,-32.327,-69.989,104.8,2.3,ML,ML,2.3335,Mendoza2022_Meq_to_Mw,Mendoza/YPF 2022,converted_regional,ISC,ISC,1,604740964,,inside_rectangle,single_source,yes,yes,
MZA-02865,2012-12-08T10:19:34.000Z,2012,12,-32.382,-67.81,27.9,2.8,ML,ML,2.8185,Mendoza2022_Meq_to_Mw,Mendoza/YPF 2022,converted_regional,ISC,ISC,1,604740967,,inside_rectangle,single_source,yes,yes,
MZA-02866,2012-12-08T18:30:19.200Z,2012,12,-32.199,-68.52,129.4,2.4,ML,ML,2.4305,Mendoza2022_Meq_to_Mw,Mendoza/YPF 2022,converted_regional,ISC,ISC,1,604740972,,inside_rectangle,single_source,yes,yes,
MZA-02867,2012-12-09T12:03:12.400Z,2012,12,-33.483,-68.995,18.1,1.8,ML,ML,1.8485,Mendoza2022_Meq_to_Mw,Mendoza/YPF 2022,converted_regional,ISC,ISC,1,604740985,,inside_rectangle,single_source,yes,yes,
MZA-02868,2012-12-11T03:30:38.500Z,2012,12,-32.163,-69.463,11.6,2,ML,ML,2.0425,Mendoza2022_Meq_to_Mw,Mendoza/YPF 2022,converted_regional,ISC,ISC,1,604741026,,inside_rectangle,single_source,yes,yes,
MZA-02869,2012-12-13T12:06:37.400Z,2012,12,-32.737,-68.768,30.7,1.5,ML,ML,1.5575,Mendoza2022_Meq_to_Mw,Mendoza/YPF 2022,converted_regional,ISC,ISC,1,604741055,,inside_rectangle,single_source,yes,yes,
MZA-02870,2012-12-13T13:13:42.800Z,2012,12,-33.013,-68.86,23.3,1.6,ML,ML,1.6545,Mendoza2022_Meq_to_Mw,Mendoza/YPF 2022,converted_regional,ISC,ISC,1,604741056,,inside_rectangle,single_source,yes,yes,
MZA-02871,2012-12-13T15:33:57.700Z,2012,12,-32.1978,-67.5216,5.8,3.2,ML,ML,3.2065,Mendoza2022_Meq_to_Mw,Mendoza/YPF 2022,converted_regional,ISC,ISC,1,604741059,,inside_rectangle,single_source,yes,yes,
MZA-02872,2012-12-13T23:56:14.400Z,2012,12,-33.007,-68.93,26.6,1.5,ML,ML,1.5575,Mendoza2022_Meq_to_Mw,Mendoza/YPF 2022,converted_regional,ISC,ISC,1,604741065,,inside_rectangle,single_source,yes,yes,
MZA-02873,2012-12-15T00:07:34.700Z,2012,12,-32.679,-68.771,26.1,2,ML,ML,2.0425,Mendoza2022_Meq_to_Mw,Mendoza/YPF 2022,converted_regional,ISC,ISC,1,604741080,,inside_rectangle,single_source,yes,yes,
MZA-02874,2012-12-15T00:34:05.199Z,2012,12,-32.117,-68.65,113.6,2.8,ML,ML,2.8185,Mendoza2022_Meq_to_Mw,Mendoza/YPF 2022,converted_regional,ISC,ISC,1,604741081,,inside_rectangle,single_source,yes,yes,
MZA-02875,2012-12-15T15:18:01.799Z,2012,12,-32.951,-69.344,6,2.1,ML,ML,2.1395,Mendoza2022_Meq_to_Mw,Mendoza/YPF 2022,converted_regional,ISC,ISC,1,604741095,,inside_rectangle,single_source,yes,yes,
MZA-02876,2012-12-16T13:21:09.300Z,2012,12,-32.959,-69.218,6.5,2,ML,ML,2.0425,Mendoza2022_Meq_to_Mw,Mendoza/YPF 2022,converted_regional,ISC,ISC,1,604741108,,inside_rectangle,single_source,yes,yes,
MZA-02877,2012-12-17T09:40:37.020Z,2012,12,-32.2276,-69.6268,112,3.2,ML,ML,3.2065,Mendoza2022_Meq_to_Mw,Mendoza/YPF 2022,converted_regional,ISC,ISC,1,604741119,,inside_rectangle,single_source,yes,yes,
MZA-02878,2012-12-20T03:47:57.800Z,2012,12,-33.08,-68.881,14.4,2.4,ML,ML,2.4305,Mendoza2022_Meq_to_Mw,Mendoza/YPF 2022,converted_regional,ISC,ISC,1,604741163,,inside_rectangle,single_source,yes,yes,
MZA-02879,2012-12-20T19:14:38.800Z,2012,12,-32.012,-68.231,10,1.6,ML,ML,1.6545,Mendoza2022_Meq_to_Mw,Mendoza/YPF 2022,converted_regional,ISC,ISC,1,604741169,,inside_rectangle,single_source,yes,yes,
MZA-02880,2012-12-20T19:35:31.300Z,2012,12,-32.997,-68.895,20.8,1.7,ML,ML,1.7515,Mendoza2022_Meq_to_Mw,Mendoza/YPF 2022,converted_regional,ISC,ISC,1,604741170,,inside_rectangle,single_source,yes,yes,
MZA-02881,2012-12-21T02:48:24.500Z,2012,12,-33.25,-68.446,32.5,2.2,ML,ML,2.2365,Mendoza2022_Meq_to_Mw,Mendoza/YPF 2022,converted_regional,ISC,ISC,1,604741173,,inside_rectangle,single_source,yes,yes,
MZA-02882,2012-12-21T13:23:15.899Z,2012,12,-32.284,-68.893,15,1.8,ML,ML,1.8485,Mendoza2022_Meq_to_Mw,Mendoza/YPF 2022,converted_regional,ISC,ISC,1,604741180,,inside_rectangle,single_source,yes,yes,
MZA-02883,2012-12-21T22:09:07.200Z,2012,12,-33.026,-69.612,14.9,1.9,ML,ML,1.9455,Mendoza2022_Meq_to_Mw,Mendoza/YPF 2022,converted_regional,ISC,ISC,1,604741187,,inside_rectangle,single_source,yes,yes,
MZA-02884,2012-12-22T13:29:01.499Z,2012,12,-32.988,-68.898,25,1.6,ML,ML,1.6545,Mendoza2022_Meq_to_Mw,Mendoza/YPF 2022,converted_regional,ISC,ISC,1,604741198,,inside_rectangle,single_source,yes,yes,
MZA-02885,2012-12-23T15:25:07.900Z,2012,12,-32.347,-69.741,117,1.9,ML,ML,1.9455,Mendoza2022_Meq_to_Mw,Mendoza/YPF 2022,converted_regional,ISC,ISC,1,604741218,,inside_rectangle,single_source,yes,yes,
MZA-02886,2012-12-23T16:36:40.800Z,2012,12,-33.408,-68.914,19.5,1.7,ML,ML,1.7515,Mendoza2022_Meq_to_Mw,Mendoza/YPF 2022,converted_regional,ISC,ISC,1,604741219,,inside_rectangle,single_source,yes,yes,
MZA-02887,2012-12-24T07:24:29.300Z,2012,12,-32.073,-68.19,115.2,2.8,ML,ML,2.8185,Mendoza2022_Meq_to_Mw,Mendoza/YPF 2022,converted_regional,ISC,ISC,1,604741232,,inside_rectangle,single_source,yes,yes,
MZA-02888,2012-12-24T10:02:02.400Z,2012,12,-32.04,-69.461,107.7,1.8,ML,ML,1.8485,Mendoza2022_Meq_to_Mw,Mendoza/YPF 2022,converted_regional,ISC,ISC,1,604741237,,inside_rectangle,single_source,yes,yes,
MZA-02889,2012-12-24T11:24:06.400Z,2012,12,-32.24,-69.425,113.8,2.7,ML,ML,2.7215,Mendoza2022_Meq_to_Mw,Mendoza/YPF 2022,converted_regional,ISC,ISC,1,604741238,,inside_rectangle,single_source,yes,yes,
MZA-02890,2012-12-24T16:09:21.199Z,2012,12,-33.149,-69.633,122.6,2.4,ML,ML,2.4305,Mendoza2022_Meq_to_Mw,Mendoza/YPF 2022,converted_regional,ISC,ISC,1,604741242,,inside_rectangle,single_source,yes,yes,
MZA-02891,2012-12-24T16:16:09.400Z,2012,12,-32.138,-68.357,62.9,1.6,ML,ML,1.6545,Mendoza2022_Meq_to_Mw,Mendoza/YPF 2022,converted_regional,ISC,ISC,1,604741243,,inside_rectangle,single_source,yes,yes,
MZA-02892,2012-12-25T14:33:33.300Z,2012,12,-32.141,-67.202,139.1,2.5,ML,ML,2.5275,Mendoza2022_Meq_to_Mw,Mendoza/YPF 2022,converted_regional,ISC,ISC,1,604741266,,inside_rectangle,single_source,yes,yes,
MZA-02893,2012-12-25T17:18:42.700Z,2012,12,-33.431,-68.983,31.8,1.7,ML,ML,1.7515,Mendoza2022_Meq_to_Mw,Mendoza/YPF 2022,converted_regional,ISC,ISC,1,604741269,,inside_rectangle,single_source,yes,yes,
MZA-02894,2012-12-27T15:09:01.100Z,2012,12,-32.66,-69.228,100,2.4,ML,ML,2.4305,Mendoza2022_Meq_to_Mw,Mendoza/YPF 2022,converted_regional,ISC,ISC,1,604741322,,inside_rectangle,single_source,yes,yes,
MZA-02895,2012-12-27T21:00:27.000Z,2012,12,-32.91,-69.2,22.9,1.8,ML,ML,1.8485,Mendoza2022_Meq_to_Mw,Mendoza/YPF 2022,converted_regional,ISC,ISC,1,604741326,,inside_rectangle,single_source,yes,yes,
MZA-02896,2012-12-28T16:49:32.300Z,2012,12,-33.297,-68.453,21.9,2.1,ML,ML,2.1395,Mendoza2022_Meq_to_Mw,Mendoza/YPF 2022,converted_regional,ISC,ISC,1,604741363,,inside_rectangle,single_source,yes,yes,
MZA-02897,2012-12-28T17:03:15.700Z,2012,12,-32.944,-69.982,28.4,1.6,ML,ML,1.6545,Mendoza2022_Meq_to_Mw,Mendoza/YPF 2022,converted_regional,ISC,ISC,1,604741364,,inside_rectangle,single_source,yes,yes,
MZA-02898,2012-12-28T19:14:18.900Z,2012,12,-33.303,-68.52,25.6,1.6,ML,ML,1.6545,Mendoza2022_Meq_to_Mw,Mendoza/YPF 2022,converted_regional,ISC,ISC,1,604741368,,inside_rectangle,single_source,yes,yes,
MZA-02899,2012-12-29T10:43:49.900Z,2012,12,-32.234,-69.204,116.8,2.2,ML,ML,2.2365,Mendoza2022_Meq_to_Mw,Mendoza/YPF 2022,converted_regional,ISC,ISC,1,604741399,,inside_rectangle,single_source,yes,yes,
MZA-02900,2012-12-30T06:04:18.900Z,2012,12,-32.737,-69.129,5,1,ML,ML,1.0725,Mendoza2022_Meq_to_Mw,Mendoza/YPF 2022,converted_regional,ISC,ISC,1,604741417,,inside_rectangle,single_source,yes,yes,
MZA-02901,2012-12-30T15:14:40.400Z,2012,12,-33.513,-68.552,4.8,1.8,ML,ML,1.8485,Mendoza2022_Meq_to_Mw,Mendoza/YPF 2022,converted_regional,ISC,ISC,1,604741427,,inside_rectangle,single_source,yes,yes,
MZA-02902,2012-12-30T17:10:46.100Z,2012,12,-32.908,-68.304,9,1.5,ML,ML,1.5575,Mendoza2022_Meq_to_Mw,Mendoza/YPF 2022,converted_regional,ISC,ISC,1,604741430,,inside_rectangle,single_source,yes,yes,
MZA-02903,2012-12-31T23:34:33.600Z,2012,12,-32.856,-69.428,118.8,2.1,ML,ML,2.1395,Mendoza2022_Meq_to_Mw,Mendoza/YPF 2022,converted_regional,ISC,ISC,1,604741456,,inside_rectangle,single_source,yes,yes,
MZA-02904,2013-01-01T11:43:48.000Z,2013,1,-32.101,-68.227,34.8,2.3,ML,ML,2.3335,Mendoza2022_Meq_to_Mw,Mendoza/YPF 2022,converted_regional,ISC,ISC,1,604741466,,inside_rectangle,single_source,yes,yes,
MZA-02905,2013-01-01T11:46:11.000Z,2013,1,-33.914,-68.512,9.9,2.7,ML,ML,2.7215,Mendoza2022_Meq_to_Mw,Mendoza/YPF 2022,converted_regional,ISC,ISC,1,604741465,,inside_rectangle,single_source,yes,yes,
MZA-02906,2013-01-01T13:18:50.100Z,2013,1,-32.885,-69.134,8.1,1.9,ML,ML,1.9455,Mendoza2022_Meq_to_Mw,Mendoza/YPF 2022,converted_regional,ISC,ISC,1,604741469,,inside_rectangle,single_source,yes,yes,
MZA-02907,2013-01-02T04:00:00.200Z,2013,1,-32.721,-68.945,127.6,2.2,ML,ML,2.2365,Mendoza2022_Meq_to_Mw,Mendoza/YPF 2022,converted_regional,ISC,ISC,1,604741493,,inside_rectangle,single_source,yes,yes,
MZA-02908,2013-01-02T04:54:49.700Z,2013,1,-32.002,-69.528,106.8,1.7,ML,ML,1.7515,Mendoza2022_Meq_to_Mw,Mendoza/YPF 2022,converted_regional,ISC,ISC,1,604741494,,inside_rectangle,single_source,yes,yes,
MZA-02909,2013-01-02T11:26:41.400Z,2013,1,-32.026,-69.524,114.5,1.6,ML,ML,1.6545,Mendoza2022_Meq_to_Mw,Mendoza/YPF 2022,converted_regional,ISC,ISC,1,604741498,,inside_rectangle,single_source,yes,yes,
MZA-02910,2013-01-03T03:43:31.900Z,2013,1,-32.82,-69.003,35.4,1.6,ML,ML,1.6545,Mendoza2022_Meq_to_Mw,Mendoza/YPF 2022,converted_regional,ISC,ISC,1,604741524,,inside_rectangle,single_source,yes,yes,
MZA-02911,2013-01-03T09:24:53.700Z,2013,1,-32.81,-68.53,32.5,1.2,ML,ML,1.2665,Mendoza2022_Meq_to_Mw,Mendoza/YPF 2022,converted_regional,ISC,ISC,1,604741532,,inside_rectangle,single_source,yes,yes,
MZA-02912,2013-01-03T23:59:08.099Z,2013,1,-32.053,-69.242,114,3.2,ML,ML,3.2065,Mendoza2022_Meq_to_Mw,Mendoza/YPF 2022,converted_regional,ISC,ISC,1,604741545,,inside_rectangle,single_source,yes,yes,
MZA-02913,2013-01-04T00:21:01.300Z,2013,1,-33.058,-69.233,17.4,1,ML,ML,1.0725,Mendoza2022_Meq_to_Mw,Mendoza/YPF 2022,converted_regional,ISC,ISC,1,604741546,,inside_rectangle,single_source,yes,yes,
MZA-02914,2013-01-04T11:23:54.200Z,2013,1,-32.897,-68.473,33.9,1.9,ML,ML,1.9455,Mendoza2022_Meq_to_Mw,Mendoza/YPF 2022,converted_regional,ISC,ISC,1,604741556,,inside_rectangle,single_source,yes,yes,
MZA-02915,2013-01-04T12:59:46.400Z,2013,1,-32.658,-68.736,25.8,1.2,ML,ML,1.2665,Mendoza2022_Meq_to_Mw,Mendoza/YPF 2022,converted_regional,ISC,ISC,1,604741557,,inside_rectangle,single_source,yes,yes,
MZA-02916,2013-01-04T21:21:39.500Z,2013,1,-33.189,-68.042,142.3,2.3,ML,ML,2.3335,Mendoza2022_Meq_to_Mw,Mendoza/YPF 2022,converted_regional,ISC,ISC,1,604741566,,inside_rectangle,single_source,yes,yes,
MZA-02917,2013-01-05T00:21:56.500Z,2013,1,-32.256,-69.545,114,2.1,ML,ML,2.1395,Mendoza2022_Meq_to_Mw,Mendoza/YPF 2022,converted_regional,ISC,ISC,1,604741570,,inside_rectangle,single_source,yes,yes,
MZA-02918,2013-01-05T17:26:03.700Z,2013,1,-33.022,-69.26,10.1,1.4,ML,ML,1.4605,Mendoza2022_Meq_to_Mw,Mendoza/YPF 2022,converted_regional,ISC,ISC,1,604741586,,inside_rectangle,single_source,yes,yes,
MZA-02919,2013-01-05T19:27:09.600Z,2013,1,-33.297,-68.4,19.8,3.5,ML,ML,3.4975,Mendoza2022_Meq_to_Mw,Mendoza/YPF 2022,converted_regional,ISC,ISC,1,604741588,,inside_rectangle,single_source,yes,yes,
MZA-02920,2013-01-05T19:39:35.700Z,2013,1,-33.291,-68.452,9.4,1.8,ML,ML,1.8485,Mendoza2022_Meq_to_Mw,Mendoza/YPF 2022,converted_regional,ISC,ISC,1,604741589,,inside_rectangle,single_source,yes,yes,
MZA-02921,2013-01-05T20:01:03.900Z,2013,1,-32.847,-69.743,15.4,1.4,ML,ML,1.4605,Mendoza2022_Meq_to_Mw,Mendoza/YPF 2022,converted_regional,ISC,ISC,1,604741590,,inside_rectangle,single_source,yes,yes,
MZA-02922,2013-01-06T09:38:20.600Z,2013,1,-32.087,-69.406,105.9,1.5,ML,ML,1.5575,Mendoza2022_Meq_to_Mw,Mendoza/YPF 2022,converted_regional,ISC,ISC,1,604741608,,inside_rectangle,single_source,yes,yes,
MZA-02923,2013-01-06T17:52:12.200Z,2013,1,-34.907,-68.752,171.8,3,ML,ML,3.0125,Mendoza2022_Meq_to_Mw,Mendoza/YPF 2022,converted_regional,ISC,ISC,1,604741616,,inside_rectangle,single_source,yes,yes,
MZA-02924,2013-01-06T20:05:21.900Z,2013,1,-33.001,-69.425,27.8,1.9,ML,ML,1.9455,Mendoza2022_Meq_to_Mw,Mendoza/YPF 2022,converted_regional,ISC,ISC,1,604741620,,inside_rectangle,single_source,yes,yes,
MZA-02925,2013-01-08T18:29:59.200Z,2013,1,-32.022,-69.901,99.2,2.2,ML,ML,2.2365,Mendoza2022_Meq_to_Mw,Mendoza/YPF 2022,converted_regional,ISC,ISC,1,604741664,,inside_rectangle,single_source,yes,yes,
MZA-02926,2013-01-08T21:09:39.800Z,2013,1,-33.427,-68.739,76.4,2.2,ML,ML,2.2365,Mendoza2022_Meq_to_Mw,Mendoza/YPF 2022,converted_regional,ISC,ISC,1,604741666,,inside_rectangle,single_source,yes,yes,
MZA-02927,2013-01-10T12:26:17.100Z,2013,1,-32.188,-68.525,121.9,2.1,ML,ML,2.1395,Mendoza2022_Meq_to_Mw,Mendoza/YPF 2022,converted_regional,ISC,ISC,1,604741697,,inside_rectangle,single_source,yes,yes,
MZA-02928,2013-01-10T23:34:27.760Z,2013,1,-32.704,-69.8375,121.3,3.5,ML,ML,3.4975,Mendoza2022_Meq_to_Mw,Mendoza/YPF 2022,converted_regional,ISC,ISC,1,604741706,,inside_rectangle,single_source,yes,yes,
MZA-02929,2013-01-11T03:55:16.700Z,2013,1,-33.136,-68.907,23.2,2.8,ML,ML,2.8185,Mendoza2022_Meq_to_Mw,Mendoza/YPF 2022,converted_regional,ISC,ISC,1,604741710,,inside_rectangle,single_source,yes,yes,
MZA-02930,2013-01-11T19:21:36.300Z,2013,1,-33.098,-68.997,15.8,1.2,ML,ML,1.2665,Mendoza2022_Meq_to_Mw,Mendoza/YPF 2022,converted_regional,ISC,ISC,1,604741728,,inside_rectangle,single_source,yes,yes,
MZA-02931,2013-01-11T19:59:07.600Z,2013,1,-32.747,-68.889,22,1.5,ML,ML,1.5575,Mendoza2022_Meq_to_Mw,Mendoza/YPF 2022,converted_regional,ISC,ISC,1,604741729,,inside_rectangle,single_source,yes,yes,
MZA-02932,2013-01-11T21:46:48.800Z,2013,1,-33.062,-68.916,20.5,1.9,ML,ML,1.9455,Mendoza2022_Meq_to_Mw,Mendoza/YPF 2022,converted_regional,ISC,ISC,1,604741733,,inside_rectangle,single_source,yes,yes,
MZA-02933,2013-01-11T22:20:38.900Z,2013,1,-33.06,-68.873,20.9,2.8,ML,ML,2.8185,Mendoza2022_Meq_to_Mw,Mendoza/YPF 2022,converted_regional,ISC,ISC,1,604741734,,inside_rectangle,single_source,yes,yes,
MZA-02934,2013-01-11T22:27:49.600Z,2013,1,-33.05,-68.836,17.5,1.7,ML,ML,1.7515,Mendoza2022_Meq_to_Mw,Mendoza/YPF 2022,converted_regional,ISC,ISC,1,604741735,,inside_rectangle,single_source,yes,yes,
MZA-02935,2013-01-11T22:39:15.200Z,2013,1,-33.03,-68.847,14.3,1.9,ML,ML,1.9455,Mendoza2022_Meq_to_Mw,Mendoza/YPF 2022,converted_regional,ISC,ISC,1,604741736,,inside_rectangle,single_source,yes,yes,
MZA-02936,2013-01-11T22:46:25.300Z,2013,1,-33.034,-68.875,14.2,1.8,ML,ML,1.8485,Mendoza2022_Meq_to_Mw,Mendoza/YPF 2022,converted_regional,ISC,ISC,1,604741737,,inside_rectangle,single_source,yes,yes,
MZA-02937,2013-01-13T12:03:33.300Z,2013,1,-33.387,-68.582,25.6,2.3,ML,ML,2.3335,Mendoza2022_Meq_to_Mw,Mendoza/YPF 2022,converted_regional,ISC,ISC,1,604741769,,inside_rectangle,single_source,yes,yes,
MZA-02938,2013-01-13T14:54:24.100Z,2013,1,-32.415,-68.528,133.8,2.4,ML,ML,2.4305,Mendoza2022_Meq_to_Mw,Mendoza/YPF 2022,converted_regional,ISC,ISC,1,604741772,,inside_rectangle,single_source,yes,yes,
MZA-02939,2013-01-13T23:28:31.399Z,2013,1,-32.901,-69.262,19.9,3.6,ML,ML,3.5945,Mendoza2022_Meq_to_Mw,Mendoza/YPF 2022,converted_regional,ISC,ISC,1,604741782,,inside_rectangle,single_source,yes,yes,
MZA-02940,2013-01-14T16:18:11.000Z,2013,1,-33.107,-68.411,32.3,2.2,ML,ML,2.2365,Mendoza2022_Meq_to_Mw,Mendoza/YPF 2022,converted_regional,ISC,ISC,1,604741796,,inside_rectangle,single_source,yes,yes,
MZA-02941,2013-01-15T05:22:23.610Z,2013,1,-33.123,-69.9,98.6,4.2,mb,mb,4.0918,Mendoza2022_mb_to_Mw,Mendoza/YPF 2022,converted_regional,USGS,USGS,1,,usp000jye9,inside_rectangle,single_source,yes,yes,
MZA-02942,2013-01-17T03:37:34.200Z,2013,1,-32.795,-69.194,31.5,3.3,ML,ML,3.3035,Mendoza2022_Meq_to_Mw,Mendoza/YPF 2022,converted_regional,ISC,ISC,1,604741849,,inside_rectangle,single_source,yes,yes,
MZA-02943,2013-01-17T22:25:23.599Z,2013,1,-32.441,-69.925,113.6,2.3,ML,ML,2.3335,Mendoza2022_Meq_to_Mw,Mendoza/YPF 2022,converted_regional,ISC,ISC,1,604741868,,inside_rectangle,single_source,yes,yes,
MZA-02944,2013-01-18T00:02:22.800Z,2013,1,-32.006,-69.323,107.7,1.8,ML,ML,1.8485,Mendoza2022_Meq_to_Mw,Mendoza/YPF 2022,converted_regional,ISC,ISC,1,604741871,,inside_rectangle,single_source,yes,yes,
MZA-02945,2013-01-18T02:27:16.500Z,2013,1,-33.173,-69.643,30.2,1.9,ML,ML,1.9455,Mendoza2022_Meq_to_Mw,Mendoza/YPF 2022,converted_regional,ISC,ISC,1,604741874,,inside_rectangle,single_source,yes,yes,
MZA-02946,2013-01-19T18:01:16.500Z,2013,1,-32.628,-69.79,126.2,2.8,ML,ML,2.8185,Mendoza2022_Meq_to_Mw,Mendoza/YPF 2022,converted_regional,ISC,ISC,1,604741907,,inside_rectangle,single_source,yes,yes,
MZA-02947,2013-01-19T21:27:05.400Z,2013,1,-32.141,-67.318,13.2,1.8,ML,ML,1.8485,Mendoza2022_Meq_to_Mw,Mendoza/YPF 2022,converted_regional,ISC,ISC,1,604741913,,inside_rectangle,single_source,yes,yes,
MZA-02948,2013-01-20T12:30:21.499Z,2013,1,-32.321,-69.523,120.7,2.1,ML,ML,2.1395,Mendoza2022_Meq_to_Mw,Mendoza/YPF 2022,converted_regional,ISC,ISC,1,604741922,,inside_rectangle,single_source,yes,yes,
MZA-02949,2013-01-20T13:19:03.200Z,2013,1,-32.611,-68.945,26.4,2.2,ML,ML,2.2365,Mendoza2022_Meq_to_Mw,Mendoza/YPF 2022,converted_regional,ISC,ISC,1,604741924,,inside_rectangle,single_source,yes,yes,
MZA-02950,2013-01-21T03:52:40.300Z,2013,1,-34.167,-69.74,15,2.8,ML,ML,2.8185,Mendoza2022_Meq_to_Mw,Mendoza/YPF 2022,converted_regional,ISC,ISC,1,604741941,,inside_rectangle,single_source,yes,yes,
MZA-02951,2013-01-21T05:08:32.300Z,2013,1,-32.161,-69.21,10,2.3,ML,ML,2.3335,Mendoza2022_Meq_to_Mw,Mendoza/YPF 2022,converted_regional,ISC,ISC,1,604741946,,inside_rectangle,single_source,yes,yes,
MZA-02952,2013-01-21T10:00:27.860Z,2013,1,-32.5918,-69.8885,134,3.1,ML,ML,3.1095,Mendoza2022_Meq_to_Mw,Mendoza/YPF 2022,converted_regional,ISC,ISC,1,604741950,,inside_rectangle,single_source,yes,yes,
MZA-02953,2013-01-22T08:15:22.800Z,2013,1,-32.183,-69.539,112.7,1.7,ML,ML,1.7515,Mendoza2022_Meq_to_Mw,Mendoza/YPF 2022,converted_regional,ISC,ISC,1,604741963,,inside_rectangle,single_source,yes,yes,
MZA-02954,2013-01-24T13:50:29.100Z,2013,1,-33.085,-68.021,32.2,2,ML,ML,2.0425,Mendoza2022_Meq_to_Mw,Mendoza/YPF 2022,converted_regional,ISC,ISC,1,604742003,,inside_rectangle,single_source,yes,yes,
MZA-02955,2013-01-25T01:39:54.200Z,2013,1,-32.672,-69.021,121.7,2.1,ML,ML,2.1395,Mendoza2022_Meq_to_Mw,Mendoza/YPF 2022,converted_regional,ISC,ISC,1,604742010,,inside_rectangle,single_source,yes,yes,
MZA-02956,2013-01-25T09:37:55.100Z,2013,1,-34.623,-68.523,13.2,2.2,ML,ML,2.2365,Mendoza2022_Meq_to_Mw,Mendoza/YPF 2022,converted_regional,ISC,ISC,1,604742017,,inside_rectangle,single_source,yes,yes,
MZA-02957,2013-01-25T23:55:16.400Z,2013,1,-32.023,-69.94,108.2,1.6,ML,ML,1.6545,Mendoza2022_Meq_to_Mw,Mendoza/YPF 2022,converted_regional,ISC,ISC,1,604742030,,inside_rectangle,single_source,yes,yes,
MZA-02958,2013-01-27T00:15:08.300Z,2013,1,-32.656,-69.063,131.6,2.8,ML,ML,2.8185,Mendoza2022_Meq_to_Mw,Mendoza/YPF 2022,converted_regional,ISC,ISC,1,604742059,,inside_rectangle,single_source,yes,yes,
MZA-02959,2013-01-27T04:55:00.800Z,2013,1,-32.88,-69.147,5.2,3.3,ML,ML,3.3035,Mendoza2022_Meq_to_Mw,Mendoza/YPF 2022,converted_regional,ISC,ISC,1,604742061,,inside_rectangle,single_source,yes,yes,
MZA-02960,2013-01-28T05:30:38.700Z,2013,1,-32.642,-68.652,25.7,2.7,ML,ML,2.7215,Mendoza2022_Meq_to_Mw,Mendoza/YPF 2022,converted_regional,ISC,ISC,1,604742084,,inside_rectangle,single_source,yes,yes,
MZA-02961,2013-01-28T08:15:12.000Z,2013,1,-33.139,-68.911,38.2,1.4,ML,ML,1.4605,Mendoza2022_Meq_to_Mw,Mendoza/YPF 2022,converted_regional,ISC,ISC,1,604742087,,inside_rectangle,single_source,yes,yes,
MZA-02962,2013-01-28T08:53:32.199Z,2013,1,-33.408,-68.693,26.9,1.9,ML,ML,1.9455,Mendoza2022_Meq_to_Mw,Mendoza/YPF 2022,converted_regional,ISC,ISC,1,604742091,,inside_rectangle,single_source,yes,yes,
MZA-02963,2013-01-30T05:55:45.500Z,2013,1,-32.707,-68.849,24.1,1.5,ML,ML,1.5575,Mendoza2022_Meq_to_Mw,Mendoza/YPF 2022,converted_regional,ISC,ISC,1,604742123,,inside_rectangle,single_source,yes,yes,
MZA-02964,2013-01-30T08:10:40.700Z,2013,1,-32.351,-69.365,108.6,1.4,ML,ML,1.4605,Mendoza2022_Meq_to_Mw,Mendoza/YPF 2022,converted_regional,ISC,ISC,1,604742126,,inside_rectangle,single_source,yes,yes,
MZA-02965,2013-01-30T17:55:36.300Z,2013,1,-32.681,-68.864,25.5,1.4,ML,ML,1.4605,Mendoza2022_Meq_to_Mw,Mendoza/YPF 2022,converted_regional,ISC,ISC,1,604742134,,inside_rectangle,single_source,yes,yes,
MZA-02966,2013-01-30T21:01:32.800Z,2013,1,-33.158,-67.924,23.4,1.9,ML,ML,1.9455,Mendoza2022_Meq_to_Mw,Mendoza/YPF 2022,converted_regional,ISC,ISC,1,604742137,,inside_rectangle,single_source,yes,yes,
MZA-02967,2013-01-31T04:33:15.700Z,2013,1,-33.296,-69.301,9.7,1.3,ML,ML,1.3635,Mendoza2022_Meq_to_Mw,Mendoza/YPF 2022,converted_regional,ISC,ISC,1,604742150,,inside_rectangle,single_source,yes,yes,
MZA-02968,2013-01-31T07:12:49.400Z,2013,1,-32.32,-68.493,123.4,2.1,ML,ML,2.1395,Mendoza2022_Meq_to_Mw,Mendoza/YPF 2022,converted_regional,ISC,ISC,1,604742154,,inside_rectangle,single_source,yes,yes,
MZA-02969,2013-01-31T11:36:20.799Z,2013,1,-32.206,-68.351,121.9,2.4,ML,ML,2.4305,Mendoza2022_Meq_to_Mw,Mendoza/YPF 2022,converted_regional,ISC,ISC,1,604742157,,inside_rectangle,single_source,yes,yes,
MZA-02970,2013-01-31T14:36:30.300Z,2013,1,-33.476,-69.444,25.8,2.7,ML,ML,2.7215,Mendoza2022_Meq_to_Mw,Mendoza/YPF 2022,converted_regional,ISC,ISC,1,604742161,,inside_rectangle,single_source,yes,yes,
MZA-02971,2013-01-31T19:11:33.800Z,2013,1,-33.18,-67.942,27.6,1.6,ML,ML,1.6545,Mendoza2022_Meq_to_Mw,Mendoza/YPF 2022,converted_regional,ISC,ISC,1,604742167,,inside_rectangle,single_source,yes,yes,
MZA-02972,2013-01-31T23:01:59.400Z,2013,1,-32.02,-69.555,115.1,2.2,ML,ML,2.2365,Mendoza2022_Meq_to_Mw,Mendoza/YPF 2022,converted_regional,ISC,ISC,1,604742172,,inside_rectangle,single_source,yes,yes,
MZA-02973,2013-02-01T00:18:18.800Z,2013,2,-32.893,-69.104,7.7,2.9,ML,ML,2.9155,Mendoza2022_Meq_to_Mw,Mendoza/YPF 2022,converted_regional,ISC,ISC,1,604742173,,inside_rectangle,single_source,yes,yes,
MZA-02974,2013-02-01T04:23:55.520Z,2013,2,-32.001,-69.49,103.5,3.3,ML,ML,3.3035,Mendoza2022_Meq_to_Mw,Mendoza/YPF 2022,converted_regional,ISC,ISC,1,604742176,,inside_rectangle,single_source,yes,yes,
MZA-02975,2013-02-01T20:09:00.400Z,2013,2,-32.886,-69.128,30,2.7,ML,ML,2.7215,Mendoza2022_Meq_to_Mw,Mendoza/YPF 2022,converted_regional,ISC,ISC,1,604742193,,inside_rectangle,single_source,yes,yes,
MZA-02976,2013-02-02T01:58:32.000Z,2013,2,-32.555,-69.927,105.4,4.3,mb,mb,4.1472,Mendoza2022_mb_to_Mw,Mendoza/YPF 2022,converted_regional,USGS,USGS,1,,us2013ldfh,inside_rectangle,single_source,yes,yes,
MZA-02977,2013-02-02T06:40:10.600Z,2013,2,-32.701,-67.756,23.6,2.2,ML,ML,2.2365,Mendoza2022_Meq_to_Mw,Mendoza/YPF 2022,converted_regional,ISC,ISC,1,604742198,,inside_rectangle,single_source,yes,yes,
MZA-02978,2013-02-02T08:02:55.100Z,2013,2,-32.87,-68.487,33.4,2.1,ML,ML,2.1395,Mendoza2022_Meq_to_Mw,Mendoza/YPF 2022,converted_regional,ISC,ISC,1,604742200,,inside_rectangle,single_source,yes,yes,
MZA-02979,2013-02-02T14:20:34.000Z,2013,2,-33.012,-69.25,25.5,1.9,ML,ML,1.9455,Mendoza2022_Meq_to_Mw,Mendoza/YPF 2022,converted_regional,ISC,ISC,1,604742204,,inside_rectangle,single_source,yes,yes,
MZA-02980,2013-02-02T19:14:55.299Z,2013,2,-32.858,-69.069,12.9,2.5,ML,ML,2.5275,Mendoza2022_Meq_to_Mw,Mendoza/YPF 2022,converted_regional,ISC,ISC,1,604742211,,inside_rectangle,single_source,yes,yes,
MZA-02981,2013-02-02T22:52:42.300Z,2013,2,-32.928,-69.165,27.1,1.8,ML,ML,1.8485,Mendoza2022_Meq_to_Mw,Mendoza/YPF 2022,converted_regional,ISC,ISC,1,604742214,,inside_rectangle,single_source,yes,yes,
MZA-02982,2013-02-02T23:51:19.200Z,2013,2,-32.024,-68.72,114.2,2.1,ML,ML,2.1395,Mendoza2022_Meq_to_Mw,Mendoza/YPF 2022,converted_regional,ISC,ISC,1,604742215,,inside_rectangle,single_source,yes,yes,
MZA-02983,2013-02-03T03:43:46.100Z,2013,2,-32.94,-69.179,25.7,2.4,ML,ML,2.4305,Mendoza2022_Meq_to_Mw,Mendoza/YPF 2022,converted_regional,ISC,ISC,1,604742222,,inside_rectangle,single_source,yes,yes,
MZA-02984,2013-02-03T06:02:05.500Z,2013,2,-33.703,-68.687,9.8,1.3,ML,ML,1.3635,Mendoza2022_Meq_to_Mw,Mendoza/YPF 2022,converted_regional,ISC,ISC,1,604742225,,inside_rectangle,single_source,yes,yes,
MZA-02985,2013-02-03T23:58:05.400Z,2013,2,-32.275,-67.125,145.4,3.1,ML,ML,3.1095,Mendoza2022_Meq_to_Mw,Mendoza/YPF 2022,converted_regional,ISC,ISC,1,604742240,,inside_rectangle,single_source,yes,yes,
MZA-02986,2013-02-04T02:27:19.100Z,2013,2,-34.157,-69.549,12,2,ML,ML,2.0425,Mendoza2022_Meq_to_Mw,Mendoza/YPF 2022,converted_regional,ISC,ISC,1,604742244,,inside_rectangle,single_source,yes,yes,
MZA-02987,2013-02-04T02:44:23.100Z,2013,2,-32.971,-69.073,8.4,1.8,ML,ML,1.8485,Mendoza2022_Meq_to_Mw,Mendoza/YPF 2022,converted_regional,ISC,ISC,1,604742245,,inside_rectangle,single_source,yes,yes,
MZA-02988,2013-02-04T20:09:52.500Z,2013,2,-32.049,-69.462,103,2.1,ML,ML,2.1395,Mendoza2022_Meq_to_Mw,Mendoza/YPF 2022,converted_regional,ISC,ISC,1,604742259,,inside_rectangle,single_source,yes,yes,
MZA-02989,2013-02-05T03:38:44.000Z,2013,2,-32.119,-68.276,27.3,2.2,ML,ML,2.2365,Mendoza2022_Meq_to_Mw,Mendoza/YPF 2022,converted_regional,ISC,ISC,1,604742263,,inside_rectangle,single_source,yes,yes,
MZA-02990,2013-02-05T08:43:01.800Z,2013,2,-32.126,-68.276,28.3,3,ML,ML,3.0125,Mendoza2022_Meq_to_Mw,Mendoza/YPF 2022,converted_regional,ISC,ISC,1,604742267,,inside_rectangle,single_source,yes,yes,
MZA-02991,2013-02-05T22:26:09.000Z,2013,2,-32.934,-69.035,22.7,1.2,ML,ML,1.2665,Mendoza2022_Meq_to_Mw,Mendoza/YPF 2022,converted_regional,ISC,ISC,1,604742282,,inside_rectangle,single_source,yes,yes,
MZA-02992,2013-02-05T22:39:52.800Z,2013,2,-33.385,-68.366,33.8,1.6,ML,ML,1.6545,Mendoza2022_Meq_to_Mw,Mendoza/YPF 2022,converted_regional,ISC,ISC,1,604742284,,inside_rectangle,single_source,yes,yes,
MZA-02993,2013-02-06T05:57:40.600Z,2013,2,-32.051,-69.841,107,2.4,ML,ML,2.4305,Mendoza2022_Meq_to_Mw,Mendoza/YPF 2022,converted_regional,ISC,ISC,1,604742291,,inside_rectangle,single_source,yes,yes,
MZA-02994,2013-02-06T13:07:33.900Z,2013,2,-33.35,-68.908,19,1.8,ML,ML,1.8485,Mendoza2022_Meq_to_Mw,Mendoza/YPF 2022,converted_regional,ISC,ISC,1,604742295,,inside_rectangle,single_source,yes,yes,
MZA-02995,2013-02-07T05:03:44.400Z,2013,2,-32.831,-69.313,21.4,1.3,ML,ML,1.3635,Mendoza2022_Meq_to_Mw,Mendoza/YPF 2022,converted_regional,ISC,ISC,1,604742308,,inside_rectangle,single_source,yes,yes,
MZA-02996,2013-02-07T05:08:44.900Z,2013,2,-33.316,-68.969,17.4,1.8,ML,ML,1.8485,Mendoza2022_Meq_to_Mw,Mendoza/YPF 2022,converted_regional,ISC,ISC,1,604742309,,inside_rectangle,single_source,yes,yes,
MZA-02997,2013-02-07T08:36:59.700Z,2013,2,-32.886,-69.067,9.8,1.4,ML,ML,1.4605,Mendoza2022_Meq_to_Mw,Mendoza/YPF 2022,converted_regional,ISC,ISC,1,604742316,,inside_rectangle,single_source,yes,yes,
MZA-02998,2013-02-07T13:34:42.000Z,2013,2,-32.107,-67.996,31.6,2,ML,ML,2.0425,Mendoza2022_Meq_to_Mw,Mendoza/YPF 2022,converted_regional,ISC,ISC,1,604742319,,inside_rectangle,single_source,yes,yes,
MZA-02999,2013-02-07T15:18:12.700Z,2013,2,-32.739,-68.985,33.9,1.3,ML,ML,1.3635,Mendoza2022_Meq_to_Mw,Mendoza/YPF 2022,converted_regional,ISC,ISC,1,604742320,,inside_rectangle,single_source,yes,yes,
MZA-03000,2013-02-07T18:24:48.600Z,2013,2,-32.542,-69.752,116.9,2.3,ML,ML,2.3335,Mendoza2022_Meq_to_Mw,Mendoza/YPF 2022,converted_regional,ISC,ISC,1,604742325,,inside_rectangle,single_source,yes,yes,
MZA-03001,2013-02-08T01:32:48.600Z,2013,2,-32.058,-69.434,112.7,2,ML,ML,2.0425,Mendoza2022_Meq_to_Mw,Mendoza/YPF 2022,converted_regional,ISC,ISC,1,604742333,,inside_rectangle,single_source,yes,yes,
MZA-03002,2013-02-08T16:05:23.400Z,2013,2,-32.04,-68.02,8.6,2.3,ML,ML,2.3335,Mendoza2022_Meq_to_Mw,Mendoza/YPF 2022,converted_regional,ISC,ISC,1,604742340,,inside_rectangle,single_source,yes,yes,
MZA-03003,2013-02-09T00:39:41.099Z,2013,2,-32.696,-69.061,17.5,1.6,ML,ML,1.6545,Mendoza2022_Meq_to_Mw,Mendoza/YPF 2022,converted_regional,ISC,ISC,1,604742352,,inside_rectangle,single_source,yes,yes,
MZA-03004,2013-02-09T01:41:46.500Z,2013,2,-32.087,-68.262,36.4,1.7,ML,ML,1.7515,Mendoza2022_Meq_to_Mw,Mendoza/YPF 2022,converted_regional,ISC,ISC,1,604742354,,inside_rectangle,single_source,yes,yes,
MZA-03005,2013-02-09T04:28:27.500Z,2013,2,-32.54,-68.91,121.2,2.4,ML,ML,2.4305,Mendoza2022_Meq_to_Mw,Mendoza/YPF 2022,converted_regional,ISC,ISC,1,604742358,,inside_rectangle,single_source,yes,yes,
MZA-03006,2013-02-09T13:04:38.800Z,2013,2,-32.163,-68.624,112.7,0.9,ML,ML,0.9755,Mendoza2022_Meq_to_Mw,Mendoza/YPF 2022,converted_regional,ISC,ISC,1,604742366,,inside_rectangle,single_source,yes,yes,
MZA-03007,2013-02-10T05:16:18.700Z,2013,2,-32.104,-69.829,107.4,1.9,ML,ML,1.9455,Mendoza2022_Meq_to_Mw,Mendoza/YPF 2022,converted_regional,ISC,ISC,1,604742385,,inside_rectangle,single_source,yes,yes,
MZA-03008,2013-02-10T08:02:25.100Z,2013,2,-32.652,-68.824,138.3,1.3,ML,ML,1.3635,Mendoza2022_Meq_to_Mw,Mendoza/YPF 2022,converted_regional,ISC,ISC,1,604742387,,inside_rectangle,single_source,yes,yes,
MZA-03009,2013-02-10T10:24:07.700Z,2013,2,-32.891,-69.674,34.1,1.1,ML,ML,1.1695,Mendoza2022_Meq_to_Mw,Mendoza/YPF 2022,converted_regional,ISC,ISC,1,604742393,,inside_rectangle,single_source,yes,yes,
MZA-03010,2013-02-11T02:45:09.300Z,2013,2,-32.029,-68.21,21.9,1.9,ML,ML,1.9455,Mendoza2022_Meq_to_Mw,Mendoza/YPF 2022,converted_regional,ISC,ISC,1,604742410,,inside_rectangle,single_source,yes,yes,
MZA-03011,2013-02-11T12:42:26.700Z,2013,2,-32.924,-68.469,34,2.1,ML,ML,2.1395,Mendoza2022_Meq_to_Mw,Mendoza/YPF 2022,converted_regional,ISC,ISC,1,604742417,,inside_rectangle,single_source,yes,yes,
MZA-03012,2013-02-11T18:05:11.200Z,2013,2,-32.769,-67.309,164,2.2,ML,ML,2.2365,Mendoza2022_Meq_to_Mw,Mendoza/YPF 2022,converted_regional,ISC,ISC,1,604742418,,inside_rectangle,single_source,yes,yes,
MZA-03013,2013-02-12T08:10:05.100Z,2013,2,-33.088,-68.746,15.7,1.7,ML,ML,1.7515,Mendoza2022_Meq_to_Mw,Mendoza/YPF 2022,converted_regional,ISC,ISC,1,604742431,,inside_rectangle,single_source,yes,yes,
MZA-03014,2013-02-13T10:52:59.700Z,2013,2,-32.708,-68.907,31.5,1.2,ML,ML,1.2665,Mendoza2022_Meq_to_Mw,Mendoza/YPF 2022,converted_regional,ISC,ISC,1,604742452,,inside_rectangle,single_source,yes,yes,
MZA-03015,2013-02-14T04:14:47.700Z,2013,2,-35.033,-68.947,15,2.2,ML,ML,2.2365,Mendoza2022_Meq_to_Mw,Mendoza/YPF 2022,converted_regional,ISC,ISC,1,604742462,,inside_rectangle,single_source,yes,yes,
MZA-03016,2013-02-14T10:12:08.400Z,2013,2,-33.833,-69.676,9.8,2.1,ML,ML,2.1395,Mendoza2022_Meq_to_Mw,Mendoza/YPF 2022,converted_regional,ISC,ISC,1,604742467,,inside_rectangle,single_source,yes,yes,
MZA-03017,2013-02-15T01:48:29.300Z,2013,2,-33.48,-68.36,23.5,2.8,ML,ML,2.8185,Mendoza2022_Meq_to_Mw,Mendoza/YPF 2022,converted_regional,ISC,ISC,1,604742481,,inside_rectangle,single_source,yes,yes,
MZA-03018,2013-02-15T10:04:27.500Z,2013,2,-32.75,-68.849,22.8,1.7,ML,ML,1.7515,Mendoza2022_Meq_to_Mw,Mendoza/YPF 2022,converted_regional,ISC,ISC,1,604742489,,inside_rectangle,single_source,yes,yes,
MZA-03019,2013-02-15T11:27:26.700Z,2013,2,-32.041,-69.34,106.7,2.4,ML,ML,2.4305,Mendoza2022_Meq_to_Mw,Mendoza/YPF 2022,converted_regional,ISC,ISC,1,604742490,,inside_rectangle,single_source,yes,yes,
MZA-03020,2013-02-15T16:00:18.700Z,2013,2,-32.097,-67.298,127.6,1.7,ML,ML,1.7515,Mendoza2022_Meq_to_Mw,Mendoza/YPF 2022,converted_regional,ISC,ISC,1,604742494,,inside_rectangle,single_source,yes,yes,
MZA-03021,2013-02-15T20:24:00.100Z,2013,2,-32.576,-69.085,26.8,2.1,ML,ML,2.1395,Mendoza2022_Meq_to_Mw,Mendoza/YPF 2022,converted_regional,ISC,ISC,1,604742501,,inside_rectangle,single_source,yes,yes,
MZA-03022,2013-02-17T06:24:40.200Z,2013,2,-32.845,-69.155,24,1.8,ML,ML,1.8485,Mendoza2022_Meq_to_Mw,Mendoza/YPF 2022,converted_regional,ISC,ISC,1,604742524,,inside_rectangle,single_source,yes,yes,
MZA-03023,2013-02-17T21:22:06.699Z,2013,2,-32.523,-67.536,20.4,2,ML,ML,2.0425,Mendoza2022_Meq_to_Mw,Mendoza/YPF 2022,converted_regional,ISC,ISC,1,604742533,,inside_rectangle,single_source,yes,yes,
MZA-03024,2013-02-21T13:08:53.400Z,2013,2,-32.244,-69.153,108.9,2.7,ML,ML,2.7215,Mendoza2022_Meq_to_Mw,Mendoza/YPF 2022,converted_regional,ISC,ISC,1,604742581,,inside_rectangle,single_source,yes,yes,
MZA-03025,2013-02-21T23:35:01.700Z,2013,2,-32.196,-69.094,101.1,2.1,ML,ML,2.1395,Mendoza2022_Meq_to_Mw,Mendoza/YPF 2022,converted_regional,ISC,ISC,1,604742592,,inside_rectangle,single_source,yes,yes,
MZA-03026,2013-02-23T00:22:53.000Z,2013,2,-32.927,-68.217,152.9,2.7,ML,ML,2.7215,Mendoza2022_Meq_to_Mw,Mendoza/YPF 2022,converted_regional,ISC,ISC,1,604742610,,inside_rectangle,single_source,yes,yes,
MZA-03027,2013-02-23T10:27:14.000Z,2013,2,-32.773,-69.294,9.8,1.4,ML,ML,1.4605,Mendoza2022_Meq_to_Mw,Mendoza/YPF 2022,converted_regional,ISC,ISC,1,604742619,,inside_rectangle,single_source,yes,yes,
MZA-03028,2013-02-24T12:37:25.900Z,2013,2,-32.749,-69.984,138.5,1.9,ML,ML,1.9455,Mendoza2022_Meq_to_Mw,Mendoza/YPF 2022,converted_regional,ISC,ISC,1,604742645,,inside_rectangle,single_source,yes,yes,
MZA-03029,2013-02-25T12:13:19.000Z,2013,2,-32.866,-69.071,9.2,2,ML,ML,2.0425,Mendoza2022_Meq_to_Mw,Mendoza/YPF 2022,converted_regional,ISC,ISC,1,604742659,,inside_rectangle,single_source,yes,yes,
MZA-03030,2013-02-25T22:15:31.400Z,2013,2,-32.957,-69.066,7.8,1.8,ML,ML,1.8485,Mendoza2022_Meq_to_Mw,Mendoza/YPF 2022,converted_regional,ISC,ISC,1,604742664,,inside_rectangle,single_source,yes,yes,
MZA-03031,2013-02-25T22:52:30.600Z,2013,2,-33.791,-69.193,162.5,2.6,ML,ML,2.6245,Mendoza2022_Meq_to_Mw,Mendoza/YPF 2022,converted_regional,ISC,ISC,1,604742665,,inside_rectangle,single_source,yes,yes,
MZA-03032,2013-02-26T14:59:26.800Z,2013,2,-32.041,-68.615,30.4,2.2,ML,ML,2.2365,Mendoza2022_Meq_to_Mw,Mendoza/YPF 2022,converted_regional,ISC,ISC,1,604742675,,inside_rectangle,single_source,yes,yes,
MZA-03033,2013-02-26T17:20:40.200Z,2013,2,-34.054,-69.015,25.3,2.3,ML,ML,2.3335,Mendoza2022_Meq_to_Mw,Mendoza/YPF 2022,converted_regional,ISC,ISC,1,604742678,,inside_rectangle,single_source,yes,yes,
MZA-03034,2013-02-26T22:06:26.500Z,2013,2,-33.057,-69.074,5.4,2.9,MD,MD,2.9155,Mendoza2022_Meq_to_Mw,Mendoza/YPF 2022,converted_regional,ISC,ISC,1,604742681,,inside_rectangle,single_source,yes,yes,
MZA-03035,2013-02-27T23:08:41.100Z,2013,2,-33.031,-68.943,20,1.7,ML,ML,1.7515,Mendoza2022_Meq_to_Mw,Mendoza/YPF 2022,converted_regional,ISC,ISC,1,604742698,,inside_rectangle,single_source,yes,yes,
MZA-03036,2013-03-01T01:47:37.100Z,2013,3,-32.578,-68.577,138,2,ML,ML,2.0425,Mendoza2022_Meq_to_Mw,Mendoza/YPF 2022,converted_regional,ISC,ISC,1,604742713,,inside_rectangle,single_source,yes,yes,
MZA-03037,2013-03-01T20:47:46.499Z,2013,3,-33.127,-68.873,39.8,2.3,ML,ML,2.3335,Mendoza2022_Meq_to_Mw,Mendoza/YPF 2022,converted_regional,ISC,ISC,1,604742725,,inside_rectangle,single_source,yes,yes,
MZA-03038,2013-03-01T21:35:12.800Z,2013,3,-33.636,-68.748,30.6,2.4,ML,ML,2.4305,Mendoza2022_Meq_to_Mw,Mendoza/YPF 2022,converted_regional,ISC,ISC,1,604742727,,inside_rectangle,single_source,yes,yes,
MZA-03039,2013-03-02T01:52:56.600Z,2013,3,-33.657,-68.475,7.1,3.5,ML,ML,3.4975,Mendoza2022_Meq_to_Mw,Mendoza/YPF 2022,converted_regional,ISC,ISC,1,604742730,,inside_rectangle,single_source,yes,yes,
MZA-03040,2013-03-02T01:59:59.400Z,2013,3,-33.488,-68.655,11.8,2.3,ML,ML,2.3335,Mendoza2022_Meq_to_Mw,Mendoza/YPF 2022,converted_regional,ISC,ISC,1,604742731,,inside_rectangle,single_source,yes,yes,
MZA-03041,2013-03-02T07:09:58.800Z,2013,3,-32.154,-69.546,107.5,1.8,ML,ML,1.8485,Mendoza2022_Meq_to_Mw,Mendoza/YPF 2022,converted_regional,ISC,ISC,1,604742734,,inside_rectangle,single_source,yes,yes,
MZA-03042,2013-03-02T13:42:43.400Z,2013,3,-32.284,-68.868,110,2.8,ML,ML,2.8185,Mendoza2022_Meq_to_Mw,Mendoza/YPF 2022,converted_regional,ISC,ISC,1,604742738,,inside_rectangle,single_source,yes,yes,
MZA-03043,2013-03-03T01:37:20.800Z,2013,3,-32.034,-69.504,104.1,2.1,ML,ML,2.1395,Mendoza2022_Meq_to_Mw,Mendoza/YPF 2022,converted_regional,ISC,ISC,1,604742750,,inside_rectangle,single_source,yes,yes,
MZA-03044,2013-03-04T09:01:57.600Z,2013,3,-32.858,-69.252,119.4,1.5,ML,ML,1.5575,Mendoza2022_Meq_to_Mw,Mendoza/YPF 2022,converted_regional,ISC,ISC,1,604742776,,inside_rectangle,single_source,yes,yes,
MZA-03045,2013-03-04T09:51:17.600Z,2013,3,-32.942,-68.084,9.4,1.6,ML,ML,1.6545,Mendoza2022_Meq_to_Mw,Mendoza/YPF 2022,converted_regional,ISC,ISC,1,604742777,,inside_rectangle,single_source,yes,yes,
MZA-03046,2013-03-04T11:24:47.600Z,2013,3,-32.787,-68.914,33.9,2.1,ML,ML,2.1395,Mendoza2022_Meq_to_Mw,Mendoza/YPF 2022,converted_regional,ISC,ISC,1,604742778,,inside_rectangle,single_source,yes,yes,
MZA-03047,2013-03-04T18:56:53.400Z,2013,3,-32.632,-68.445,145.4,2.3,ML,ML,2.3335,Mendoza2022_Meq_to_Mw,Mendoza/YPF 2022,converted_regional,ISC,ISC,1,604742787,,inside_rectangle,single_source,yes,yes,
MZA-03048,2013-03-05T04:57:00.000Z,2013,3,-33.445,-69.749,14.9,1.7,ML,ML,1.7515,Mendoza2022_Meq_to_Mw,Mendoza/YPF 2022,converted_regional,ISC,ISC,1,604742795,,inside_rectangle,single_source,yes,yes,
MZA-03049,2013-03-06T09:23:33.900Z,2013,3,-32.178,-68.928,40.1,2.4,ML,ML,2.4305,Mendoza2022_Meq_to_Mw,Mendoza/YPF 2022,converted_regional,ISC,ISC,1,604742823,,inside_rectangle,single_source,yes,yes,
MZA-03050,2013-03-06T11:05:28.100Z,2013,3,-32.733,-68.994,43.8,1.9,ML,ML,1.9455,Mendoza2022_Meq_to_Mw,Mendoza/YPF 2022,converted_regional,ISC,ISC,1,604742825,,inside_rectangle,single_source,yes,yes,
MZA-03051,2013-03-06T13:33:06.300Z,2013,3,-32.823,-69.051,34.9,1.7,ML,ML,1.7515,Mendoza2022_Meq_to_Mw,Mendoza/YPF 2022,converted_regional,ISC,ISC,1,604742828,,inside_rectangle,single_source,yes,yes,
MZA-03052,2013-03-06T21:04:14.200Z,2013,3,-32.832,-68.446,25.6,1.6,ML,ML,1.6545,Mendoza2022_Meq_to_Mw,Mendoza/YPF 2022,converted_regional,ISC,ISC,1,604742840,,inside_rectangle,single_source,yes,yes,
MZA-03053,2013-03-08T06:04:07.700Z,2013,3,-32.052,-69.396,116.3,3.1,ML,ML,3.1095,Mendoza2022_Meq_to_Mw,Mendoza/YPF 2022,converted_regional,ISC,ISC,1,604742881,,inside_rectangle,single_source,yes,yes,
MZA-03054,2013-03-08T07:52:15.799Z,2013,3,-32.053,-69.238,182,1.9,ML,ML,1.9455,Mendoza2022_Meq_to_Mw,Mendoza/YPF 2022,converted_regional,ISC,ISC,1,604742887,,inside_rectangle,single_source,yes,yes,
MZA-03055,2013-03-08T08:54:38.200Z,2013,3,-33.296,-69.062,15.6,1.9,ML,ML,1.9455,Mendoza2022_Meq_to_Mw,Mendoza/YPF 2022,converted_regional,ISC,ISC,1,604742889,,inside_rectangle,single_source,yes,yes,
MZA-03056,2013-03-08T11:53:30.200Z,2013,3,-32.579,-69.01,33.8,1.2,ML,ML,1.2665,Mendoza2022_Meq_to_Mw,Mendoza/YPF 2022,converted_regional,ISC,ISC,1,604742894,,inside_rectangle,single_source,yes,yes,
MZA-03057,2013-03-08T19:31:06.000Z,2013,3,-33.285,-69.064,10.3,1.6,ML,ML,1.6545,Mendoza2022_Meq_to_Mw,Mendoza/YPF 2022,converted_regional,ISC,ISC,1,604742907,,inside_rectangle,single_source,yes,yes,
MZA-03058,2013-03-08T21:24:00.120Z,2013,3,-33.1668,-68.9357,17.4,3.2,ML,ML,3.2065,Mendoza2022_Meq_to_Mw,Mendoza/YPF 2022,converted_regional,ISC,ISC,1,604742911,,inside_rectangle,single_source,yes,yes,
MZA-03059,2013-03-09T08:02:42.800Z,2013,3,-32.206,-68.069,144.3,1.7,ML,ML,1.7515,Mendoza2022_Meq_to_Mw,Mendoza/YPF 2022,converted_regional,ISC,ISC,1,604742927,,inside_rectangle,single_source,yes,yes,
MZA-03060,2013-03-09T10:09:13.599Z,2013,3,-32.625,-68.979,33.9,1.2,ML,ML,1.2665,Mendoza2022_Meq_to_Mw,Mendoza/YPF 2022,converted_regional,ISC,ISC,1,604742930,,inside_rectangle,single_source,yes,yes,
MZA-03061,2013-03-09T21:15:34.100Z,2013,3,-33.155,-69.041,22.1,2.4,ML,ML,2.4305,Mendoza2022_Meq_to_Mw,Mendoza/YPF 2022,converted_regional,ISC,ISC,1,604742955,,inside_rectangle,single_source,yes,yes,
MZA-03062,2013-03-10T07:32:21.500Z,2013,3,-33.406,-68.946,21.7,1.4,ML,ML,1.4605,Mendoza2022_Meq_to_Mw,Mendoza/YPF 2022,converted_regional,ISC,ISC,1,604742974,,inside_rectangle,single_source,yes,yes,
MZA-03063,2013-03-10T19:01:47.500Z,2013,3,-33.251,-68.705,27.9,1.6,ML,ML,1.6545,Mendoza2022_Meq_to_Mw,Mendoza/YPF 2022,converted_regional,ISC,ISC,1,604742990,,inside_rectangle,single_source,yes,yes,
MZA-03064,2013-03-11T04:02:12.600Z,2013,3,-32.975,-69.156,10,1.5,ML,ML,1.5575,Mendoza2022_Meq_to_Mw,Mendoza/YPF 2022,converted_regional,ISC,ISC,1,604742999,,inside_rectangle,single_source,yes,yes,
MZA-03065,2013-03-12T19:09:17.100Z,2013,3,-32.085,-69.852,104.5,1.9,ML,ML,1.9455,Mendoza2022_Meq_to_Mw,Mendoza/YPF 2022,converted_regional,ISC,ISC,1,604743035,,inside_rectangle,single_source,yes,yes,
MZA-03066,2013-03-14T03:12:41.200Z,2013,3,-32.883,-68.742,36.4,1.5,ML,ML,1.5575,Mendoza2022_Meq_to_Mw,Mendoza/YPF 2022,converted_regional,ISC,ISC,1,604743061,,inside_rectangle,single_source,yes,yes,
MZA-03067,2013-03-14T21:17:35.600Z,2013,3,-32.793,-68.758,22.5,1.4,ML,ML,1.4605,Mendoza2022_Meq_to_Mw,Mendoza/YPF 2022,converted_regional,ISC,ISC,1,604743074,,inside_rectangle,single_source,yes,yes,
MZA-03068,2013-03-14T21:30:52.800Z,2013,3,-32.905,-69.088,29.7,2.8,ML,ML,2.8185,Mendoza2022_Meq_to_Mw,Mendoza/YPF 2022,converted_regional,ISC,ISC,1,604743075,,inside_rectangle,single_source,yes,yes,
MZA-03069,2013-03-15T10:23:10.600Z,2013,3,-32.745,-68.857,124.7,2,ML,ML,2.0425,Mendoza2022_Meq_to_Mw,Mendoza/YPF 2022,converted_regional,ISC,ISC,1,604743087,,inside_rectangle,single_source,yes,yes,
MZA-03070,2013-03-15T17:43:12.900Z,2013,3,-32.073,-68.568,119.7,2.5,ML,ML,2.5275,Mendoza2022_Meq_to_Mw,Mendoza/YPF 2022,converted_regional,ISC,ISC,1,604743093,,inside_rectangle,single_source,yes,yes,
MZA-03071,2013-03-16T03:32:58.300Z,2013,3,-32.348,-69.982,108.8,2.6,ML,ML,2.6245,Mendoza2022_Meq_to_Mw,Mendoza/YPF 2022,converted_regional,ISC,ISC,1,604743100,,inside_rectangle,single_source,yes,yes,
MZA-03072,2013-03-16T22:12:25.350Z,2013,3,-33.1751,-69.148,13.7,2.7,ML,ML,2.7215,Mendoza2022_Meq_to_Mw,Mendoza/YPF 2022,converted_regional,ISC,ISC,1,604743112,,inside_rectangle,single_source,yes,yes,
MZA-03073,2013-03-17T11:31:37.600Z,2013,3,-32.088,-69.676,108.9,2.1,ML,ML,2.1395,Mendoza2022_Meq_to_Mw,Mendoza/YPF 2022,converted_regional,ISC,ISC,1,604743125,,inside_rectangle,single_source,yes,yes,
MZA-03074,2013-03-18T19:28:47.800Z,2013,3,-32.102,-69.468,116.1,2.5,ML,ML,2.5275,Mendoza2022_Meq_to_Mw,Mendoza/YPF 2022,converted_regional,ISC,ISC,1,604743153,,inside_rectangle,single_source,yes,yes,
MZA-03075,2013-03-19T16:23:12.800Z,2013,3,-32.987,-68.905,21.6,2.8,ML,ML,2.8185,Mendoza2022_Meq_to_Mw,Mendoza/YPF 2022,converted_regional,ISC,ISC,1,604743172,,inside_rectangle,single_source,yes,yes,
MZA-03076,2013-03-19T19:02:41.500Z,2013,3,-33.004,-69.006,17.4,1.6,ML,ML,1.6545,Mendoza2022_Meq_to_Mw,Mendoza/YPF 2022,converted_regional,ISC,ISC,1,604743173,,inside_rectangle,single_source,yes,yes,
MZA-03077,2013-03-19T20:35:05.499Z,2013,3,-32.778,-69.825,10.1,1.6,ML,ML,1.6545,Mendoza2022_Meq_to_Mw,Mendoza/YPF 2022,converted_regional,ISC,ISC,1,604743177,,inside_rectangle,single_source,yes,yes,
MZA-03078,2013-03-20T09:58:26.700Z,2013,3,-32.029,-68.498,118.8,2.8,ML,ML,2.8185,Mendoza2022_Meq_to_Mw,Mendoza/YPF 2022,converted_regional,ISC,ISC,1,604743193,,inside_rectangle,single_source,yes,yes,
MZA-03079,2013-03-21T08:42:05.900Z,2013,3,-32.18,-67.61,18.3,2.6,ML,ML,2.6245,Mendoza2022_Meq_to_Mw,Mendoza/YPF 2022,converted_regional,ISC,ISC,1,604743218,,inside_rectangle,single_source,yes,yes,
MZA-03080,2013-03-23T18:06:48.100Z,2013,3,-32.799,-69.301,83.8,2.4,ML,ML,2.4305,Mendoza2022_Meq_to_Mw,Mendoza/YPF 2022,converted_regional,ISC,ISC,1,604743277,,inside_rectangle,single_source,yes,yes,
MZA-03081,2013-03-25T10:43:57.500Z,2013,3,-32.889,-68.966,132.1,2.4,ML,ML,2.4305,Mendoza2022_Meq_to_Mw,Mendoza/YPF 2022,converted_regional,ISC,ISC,1,604743324,,inside_rectangle,single_source,yes,yes,
MZA-03082,2013-03-25T19:22:57.300Z,2013,3,-32.124,-68.571,114.4,2.5,ML,ML,2.5275,Mendoza2022_Meq_to_Mw,Mendoza/YPF 2022,converted_regional,ISC,ISC,1,604743330,,inside_rectangle,single_source,yes,yes,
MZA-03083,2013-03-26T03:02:23.100Z,2013,3,-32.023,-68.089,26,2,ML,ML,2.0425,Mendoza2022_Meq_to_Mw,Mendoza/YPF 2022,converted_regional,ISC,ISC,1,604743336,,inside_rectangle,single_source,yes,yes,
MZA-03084,2013-03-28T08:52:05.200Z,2013,3,-32.125,-68.539,111.8,2.6,ML,ML,2.6245,Mendoza2022_Meq_to_Mw,Mendoza/YPF 2022,converted_regional,ISC,ISC,1,604743397,,inside_rectangle,single_source,yes,yes,
MZA-03085,2013-03-28T10:13:40.830Z,2013,3,-33.7384,-69.2279,2.3,3.1,ML,ML,3.1095,Mendoza2022_Meq_to_Mw,Mendoza/YPF 2022,converted_regional,ISC,ISC,1,604743399,,inside_rectangle,single_source,yes,yes,
MZA-03086,2013-03-28T19:13:57.750Z,2013,3,-32.0745,-68.474,117.1,3.3,mb,mb,3.5932,Mendoza2022_mb_to_Mw,Mendoza/YPF 2022,converted_regional,ISC,ISC,1,602854654,,inside_rectangle,single_source,yes,yes,
MZA-03087,2013-03-28T22:34:14.500Z,2013,3,-32.145,-68.645,4.4,2.8,ML,ML,2.8185,Mendoza2022_Meq_to_Mw,Mendoza/YPF 2022,converted_regional,ISC,ISC,1,604743408,,inside_rectangle,single_source,yes,yes,
MZA-03088,2013-03-29T08:50:43.190Z,2013,3,-32.662,-69.4039,134.6,3.4,ML,ML,3.4005,Mendoza2022_Meq_to_Mw,Mendoza/YPF 2022,converted_regional,ISC,ISC,1,604743414,,inside_rectangle,single_source,yes,yes,
MZA-03089,2013-04-02T01:51:44.300Z,2013,4,-33.426,-68.719,32,2.7,ML,ML,2.7215,Mendoza2022_Meq_to_Mw,Mendoza/YPF 2022,converted_regional,ISC,ISC,1,604743487,,inside_rectangle,single_source,yes,yes,
MZA-03090,2013-04-02T05:43:56.900Z,2013,4,-32.508,-67.938,6.5,2.7,ML,ML,2.7215,Mendoza2022_Meq_to_Mw,Mendoza/YPF 2022,converted_regional,ISC,ISC,1,604743491,,inside_rectangle,single_source,yes,yes,
MZA-03091,2013-04-02T18:56:27.000Z,2013,4,-33.005,-68.289,16.2,2.8,ML,ML,2.8185,Mendoza2022_Meq_to_Mw,Mendoza/YPF 2022,converted_regional,ISC,ISC,1,604743499,,inside_rectangle,single_source,yes,yes,
MZA-03092,2013-04-03T02:39:16.999Z,2013,4,-32.066,-68.554,115.5,1.7,ML,ML,1.7515,Mendoza2022_Meq_to_Mw,Mendoza/YPF 2022,converted_regional,ISC,ISC,1,604743506,,inside_rectangle,single_source,yes,yes,
MZA-03093,2013-04-03T16:05:50.700Z,2013,4,-32.247,-69.505,111.1,2.2,ML,ML,2.2365,Mendoza2022_Meq_to_Mw,Mendoza/YPF 2022,converted_regional,ISC,ISC,1,604743521,,inside_rectangle,single_source,yes,yes,
MZA-03094,2013-04-03T19:23:53.400Z,2013,4,-33.719,-68.578,72.1,2.7,ML,ML,2.7215,Mendoza2022_Meq_to_Mw,Mendoza/YPF 2022,converted_regional,ISC,ISC,1,604743526,,inside_rectangle,single_source,yes,yes,
MZA-03095,2013-04-05T04:03:56.600Z,2013,4,-32.906,-68.22,23.2,2.3,ML,ML,2.3335,Mendoza2022_Meq_to_Mw,Mendoza/YPF 2022,converted_regional,ISC,ISC,1,604743558,,inside_rectangle,single_source,yes,yes,
MZA-03096,2013-04-06T06:42:59.100Z,2013,4,-32.784,-68.307,10.3,2.7,ML,ML,2.7215,Mendoza2022_Meq_to_Mw,Mendoza/YPF 2022,converted_regional,ISC,ISC,1,604743580,,inside_rectangle,single_source,yes,yes,
MZA-03097,2013-04-06T07:06:29.800Z,2013,4,-32.012,-69.505,117.1,2,ML,ML,2.0425,Mendoza2022_Meq_to_Mw,Mendoza/YPF 2022,converted_regional,ISC,ISC,1,604743581,,inside_rectangle,single_source,yes,yes,
MZA-03098,2013-04-07T19:31:57.500Z,2013,4,-33.249,-68.84,33.7,2.1,ML,ML,2.1395,Mendoza2022_Meq_to_Mw,Mendoza/YPF 2022,converted_regional,ISC,ISC,1,604743608,,inside_rectangle,single_source,yes,yes,
MZA-03099,2013-04-08T00:14:18.099Z,2013,4,-32.085,-68.706,15.8,1.8,ML,ML,1.8485,Mendoza2022_Meq_to_Mw,Mendoza/YPF 2022,converted_regional,ISC,ISC,1,604743610,,inside_rectangle,single_source,yes,yes,
MZA-03100,2013-04-08T02:10:23.400Z,2013,4,-32.746,-68.696,10,1.9,ML,ML,1.9455,Mendoza2022_Meq_to_Mw,Mendoza/YPF 2022,converted_regional,ISC,ISC,1,604743611,,inside_rectangle,single_source,yes,yes,
MZA-03101,2013-04-08T04:19:08.700Z,2013,4,-32.422,-69.33,8.9,1.8,ML,ML,1.8485,Mendoza2022_Meq_to_Mw,Mendoza/YPF 2022,converted_regional,ISC,ISC,1,604743615,,inside_rectangle,single_source,yes,yes,
MZA-03102,2013-04-08T06:22:36.700Z,2013,4,-32.402,-69.283,10,1.8,ML,ML,1.8485,Mendoza2022_Meq_to_Mw,Mendoza/YPF 2022,converted_regional,ISC,ISC,1,604743616,,inside_rectangle,single_source,yes,yes,
MZA-03103,2013-04-09T20:38:14.900Z,2013,4,-33.517,-67.769,206.8,2.7,ML,ML,2.7215,Mendoza2022_Meq_to_Mw,Mendoza/YPF 2022,converted_regional,ISC,ISC,1,604743643,,inside_rectangle,single_source,yes,yes,
MZA-03104,2013-04-10T21:43:54.000Z,2013,4,-34.961,-67.593,25.3,3,ML,ML,3.0125,Mendoza2022_Meq_to_Mw,Mendoza/YPF 2022,converted_regional,ISC,ISC,1,604743663,,inside_rectangle,single_source,yes,yes,
MZA-03105,2013-04-11T12:27:50.500Z,2013,4,-32.019,-67.077,11.4,2.8,ML,ML,2.8185,Mendoza2022_Meq_to_Mw,Mendoza/YPF 2022,converted_regional,ISC,ISC,1,604743689,,inside_rectangle,single_source,yes,yes,
MZA-03106,2013-04-12T01:30:46.600Z,2013,4,-33.098,-68.986,27.2,2.8,ML,ML,2.8185,Mendoza2022_Meq_to_Mw,Mendoza/YPF 2022,converted_regional,ISC,ISC,1,604743702,,inside_rectangle,single_source,yes,yes,
MZA-03107,2013-04-12T18:56:46.900Z,2013,4,-32.197,-69.902,110.9,2.5,ML,ML,2.5275,Mendoza2022_Meq_to_Mw,Mendoza/YPF 2022,converted_regional,ISC,ISC,1,604743712,,inside_rectangle,single_source,yes,yes,
MZA-03108,2013-04-13T21:37:28.000Z,2013,4,-32.04,-69.581,103.4,3.3,ML,ML,3.3035,Mendoza2022_Meq_to_Mw,Mendoza/YPF 2022,converted_regional,ISC,ISC,1,604743723,,inside_rectangle,single_source,yes,yes,
MZA-03109,2013-04-15T20:20:04.500Z,2013,4,-32.781,-68.744,123,2.5,ML,ML,2.5275,Mendoza2022_Meq_to_Mw,Mendoza/YPF 2022,converted_regional,ISC,ISC,1,604743765,,inside_rectangle,single_source,yes,yes,
MZA-03110,2013-04-17T20:19:03.700Z,2013,4,-32.229,-69.642,103.2,2,ML,ML,2.0425,Mendoza2022_Meq_to_Mw,Mendoza/YPF 2022,converted_regional,ISC,ISC,1,604743810,,inside_rectangle,single_source,yes,yes,
MZA-03111,2013-04-17T20:35:03.100Z,2013,4,-32.905,-67.967,19.1,2.1,ML,ML,2.1395,Mendoza2022_Meq_to_Mw,Mendoza/YPF 2022,converted_regional,ISC,ISC,1,604743811,,inside_rectangle,single_source,yes,yes,
MZA-03112,2013-04-20T00:12:54.200Z,2013,4,-32.67,-69.867,128.2,2.3,ML,ML,2.3335,Mendoza2022_Meq_to_Mw,Mendoza/YPF 2022,converted_regional,ISC,ISC,1,604743862,,inside_rectangle,single_source,yes,yes,
MZA-03113,2013-04-20T19:37:14.200Z,2013,4,-32.622,-67.512,21.3,3.8,ML,ML,3.7885,Mendoza2022_Meq_to_Mw,Mendoza/YPF 2022,converted_regional,ISC,ISC,1,604743881,,inside_rectangle,single_source,yes,yes,
MZA-03114,2013-04-21T11:54:12.000Z,2013,4,-32.89,-69.303,17.3,2.6,ML,ML,2.6245,Mendoza2022_Meq_to_Mw,Mendoza/YPF 2022,converted_regional,ISC,ISC,1,604743895,,inside_rectangle,single_source,yes,yes,
MZA-03115,2013-04-23T23:02:42.000Z,2013,4,-32.274,-68.585,120.8,3.2,ML,ML,3.2065,Mendoza2022_Meq_to_Mw,Mendoza/YPF 2022,converted_regional,ISC,ISC,1,604743952,,inside_rectangle,single_source,yes,yes,
MZA-03116,2013-04-23T23:25:56.200Z,2013,4,-32.031,-69.33,108.4,2.6,ML,ML,2.6245,Mendoza2022_Meq_to_Mw,Mendoza/YPF 2022,converted_regional,ISC,ISC,1,604743953,,inside_rectangle,single_source,yes,yes,
MZA-03117,2013-04-24T19:29:50.900Z,2013,4,-32.075,-69.377,108.8,2.9,ML,ML,2.9155,Mendoza2022_Meq_to_Mw,Mendoza/YPF 2022,converted_regional,ISC,ISC,1,604743970,,inside_rectangle,single_source,yes,yes,
MZA-03118,2013-04-25T18:24:21.600Z,2013,4,-32.683,-68.974,35.3,1.2,ML,ML,1.2665,Mendoza2022_Meq_to_Mw,Mendoza/YPF 2022,converted_regional,ISC,ISC,1,604744002,,inside_rectangle,single_source,yes,yes,
MZA-03119,2013-04-27T12:03:28.900Z,2013,4,-32.108,-68.491,121.1,3.3,ML,ML,3.3035,Mendoza2022_Meq_to_Mw,Mendoza/YPF 2022,converted_regional,ISC,ISC,1,604744052,,inside_rectangle,single_source,yes,yes,
MZA-03120,2013-04-28T21:52:34.400Z,2013,4,-33.302,-69.014,23.4,2.6,ML,ML,2.6245,Mendoza2022_Meq_to_Mw,Mendoza/YPF 2022,converted_regional,ISC,ISC,1,604744089,,inside_rectangle,single_source,yes,yes,
MZA-03121,2013-04-30T09:41:42.000Z,2013,4,-33.138,-69.578,10,2.8,ML,ML,2.8185,Mendoza2022_Meq_to_Mw,Mendoza/YPF 2022,converted_regional,ISC,ISC,1,604744121,,inside_rectangle,single_source,yes,yes,
MZA-03122,2013-05-01T07:00:24.760Z,2013,5,-32.4055,-69.4113,116.9,4.8,mb,mb,4.4242,Mendoza2022_mb_to_Mw,Mendoza/YPF 2022,converted_regional,ISC,ISC + USGS,2,602918506,usb000gjhy,inside_rectangle,accepted_auto,yes,yes,
MZA-03123,2013-05-01T11:26:31.270Z,2013,5,-33.6989,-68.4553,6.3,3.5,ML,ML,3.4975,Mendoza2022_Meq_to_Mw,Mendoza/YPF 2022,converted_regional,ISC,ISC,1,604744148,,inside_rectangle,single_source,yes,yes,
MZA-03124,2013-05-01T16:07:03.900Z,2013,5,-32.235,-68.641,123.6,2.5,ML,ML,2.5275,Mendoza2022_Meq_to_Mw,Mendoza/YPF 2022,converted_regional,ISC,ISC,1,604744150,,inside_rectangle,single_source,yes,yes,
MZA-03125,2013-05-05T04:43:06.999Z,2013,5,-32.712,-69.839,105.6,2.4,ML,ML,2.4305,Mendoza2022_Meq_to_Mw,Mendoza/YPF 2022,converted_regional,ISC,ISC,1,604744233,,inside_rectangle,single_source,yes,yes,
MZA-03126,2013-05-07T19:31:58.600Z,2013,5,-32.154,-69.281,153.3,2.4,ML,ML,2.4305,Mendoza2022_Meq_to_Mw,Mendoza/YPF 2022,converted_regional,ISC,ISC,1,604744287,,inside_rectangle,single_source,yes,yes,
MZA-03127,2013-05-10T18:45:20.900Z,2013,5,-32.007,-68.246,120,2.2,ML,ML,2.2365,Mendoza2022_Meq_to_Mw,Mendoza/YPF 2022,converted_regional,ISC,ISC,1,604744369,,inside_rectangle,single_source,yes,yes,
MZA-03128,2013-05-14T04:00:37.500Z,2013,5,-32.152,-69.997,110.7,2.8,ML,ML,2.8185,Mendoza2022_Meq_to_Mw,Mendoza/YPF 2022,converted_regional,ISC,ISC,1,604744440,,inside_rectangle,single_source,yes,yes,
MZA-03129,2013-05-17T23:43:26.000Z,2013,5,-32.241,-67.046,15.4,1.5,ML,ML,1.5575,Mendoza2022_Meq_to_Mw,Mendoza/YPF 2022,converted_regional,ISC,ISC,1,604744504,,inside_rectangle,single_source,yes,yes,
MZA-03130,2013-05-20T15:23:33.800Z,2013,5,-32.984,-69.228,128.1,2.1,ML,ML,2.1395,Mendoza2022_Meq_to_Mw,Mendoza/YPF 2022,converted_regional,ISC,ISC,1,604744565,,inside_rectangle,single_source,yes,yes,
MZA-03131,2013-05-21T05:12:43.200Z,2013,5,-32.219,-67.512,17.7,1.8,ML,ML,1.8485,Mendoza2022_Meq_to_Mw,Mendoza/YPF 2022,converted_regional,ISC,ISC,1,604744590,,inside_rectangle,single_source,yes,yes,
MZA-03132,2013-05-21T09:00:14.200Z,2013,5,-34.392,-69.72,20.6,2.4,ML,ML,2.4305,Mendoza2022_Meq_to_Mw,Mendoza/YPF 2022,converted_regional,ISC,ISC,1,605333102,,inside_rectangle,single_source,yes,yes,
MZA-03133,2013-05-21T15:15:53.900Z,2013,5,-33.004,-68.253,6,1.7,ML,ML,1.7515,Mendoza2022_Meq_to_Mw,Mendoza/YPF 2022,converted_regional,ISC,ISC,1,604744599,,inside_rectangle,single_source,yes,yes,
MZA-03134,2013-05-23T21:54:03.100Z,2013,5,-32.132,-69.109,110.1,1.8,ML,ML,1.8485,Mendoza2022_Meq_to_Mw,Mendoza/YPF 2022,converted_regional,ISC,ISC,1,604744637,,inside_rectangle,single_source,yes,yes,
MZA-03135,2013-05-24T00:20:17.300Z,2013,5,-32.002,-68.451,110.9,2,ML,ML,2.0425,Mendoza2022_Meq_to_Mw,Mendoza/YPF 2022,converted_regional,ISC,ISC,1,604744641,,inside_rectangle,single_source,yes,yes,
MZA-03136,2013-05-24T12:08:08.799Z,2013,5,-32.166,-67.521,130.4,2.1,ML,ML,2.1395,Mendoza2022_Meq_to_Mw,Mendoza/YPF 2022,converted_regional,ISC,ISC,1,604744648,,inside_rectangle,single_source,yes,yes,
MZA-03137,2013-05-25T01:01:08.100Z,2013,5,-33.038,-68.862,12,2.8,ML,ML,2.8185,Mendoza2022_Meq_to_Mw,Mendoza/YPF 2022,converted_regional,ISC,ISC,1,604744664,,inside_rectangle,single_source,yes,yes,
MZA-03138,2013-05-26T05:18:11.010Z,2013,5,-32.3933,-69.9074,105.8,2.7,ML,ML,2.7215,Mendoza2022_Meq_to_Mw,Mendoza/YPF 2022,converted_regional,ISC,ISC,1,604744685,,inside_rectangle,single_source,yes,yes,
MZA-03139,2013-05-26T14:07:38.400Z,2013,5,-33.11,-69.072,27.6,3.2,ML,ML,3.2065,Mendoza2022_Meq_to_Mw,Mendoza/YPF 2022,converted_regional,ISC,ISC,1,604744692,,inside_rectangle,single_source,yes,yes,
MZA-03140,2013-05-27T16:23:34.700Z,2013,5,-32.005,-67.395,125.4,2,ML,ML,2.0425,Mendoza2022_Meq_to_Mw,Mendoza/YPF 2022,converted_regional,ISC,ISC,1,604744719,,inside_rectangle,single_source,yes,yes,
MZA-03141,2013-05-27T21:01:07.100Z,2013,5,-32.958,-68.379,78,2.2,ML,ML,2.2365,Mendoza2022_Meq_to_Mw,Mendoza/YPF 2022,converted_regional,ISC,ISC,1,604744722,,inside_rectangle,single_source,yes,yes,
MZA-03142,2013-05-31T12:04:44.670Z,2013,5,-32.5141,-69.6459,127.6,2.8,ML,ML,2.8185,Mendoza2022_Meq_to_Mw,Mendoza/YPF 2022,converted_regional,ISC,ISC,1,604744765,,inside_rectangle,single_source,yes,yes,
MZA-03143,2013-06-03T03:49:15.900Z,2013,6,-32.038,-68.228,181,2.2,ML,ML,2.2365,Mendoza2022_Meq_to_Mw,Mendoza/YPF 2022,converted_regional,ISC,ISC,1,604744816,,inside_rectangle,single_source,yes,yes,
MZA-03144,2013-06-03T17:03:50.499Z,2013,6,-32.52,-69.604,108.9,2.5,ML,ML,2.5275,Mendoza2022_Meq_to_Mw,Mendoza/YPF 2022,converted_regional,ISC,ISC,1,604744823,,inside_rectangle,single_source,yes,yes,
MZA-03145,2013-06-04T05:23:02.900Z,2013,6,-32.378,-68.715,123.4,1.3,ML,ML,1.3635,Mendoza2022_Meq_to_Mw,Mendoza/YPF 2022,converted_regional,ISC,ISC,1,604744834,,inside_rectangle,single_source,yes,yes,
MZA-03146,2013-06-04T23:40:15.700Z,2013,6,-32.28,-67.839,125.4,1.7,ML,ML,1.7515,Mendoza2022_Meq_to_Mw,Mendoza/YPF 2022,converted_regional,ISC,ISC,1,604744847,,inside_rectangle,single_source,yes,yes,
MZA-03147,2013-06-06T04:35:47.390Z,2013,6,-33.7349,-69.1029,167.2,3.5,ML,ML,3.4975,Mendoza2022_Meq_to_Mw,Mendoza/YPF 2022,converted_regional,ISC,ISC,1,604744862,,inside_rectangle,single_source,yes,yes,
MZA-03148,2013-06-06T17:42:16.660Z,2013,6,-34.8132,-69.4661,172.5,4.5,mb,mb,4.258,Mendoza2022_mb_to_Mw,Mendoza/YPF 2022,converted_regional,ISC,ISC + USGS,2,603054167,usp000k14t,inside_rectangle,accepted_auto,yes,yes,
MZA-03149,2013-06-06T22:58:54.600Z,2013,6,-32.965,-67.895,123.5,1.6,ML,ML,1.6545,Mendoza2022_Meq_to_Mw,Mendoza/YPF 2022,converted_regional,ISC,ISC,1,604744871,,inside_rectangle,single_source,yes,yes,
MZA-03150,2013-06-10T05:00:01.000Z,2013,6,-32.864,-69.269,33.1,1.9,ML,ML,1.9455,Mendoza2022_Meq_to_Mw,Mendoza/YPF 2022,converted_regional,ISC,ISC,1,604744935,,inside_rectangle,single_source,yes,yes,
MZA-03151,2013-06-10T19:17:21.600Z,2013,6,-32.122,-68.437,115.7,2.7,ML,ML,2.7215,Mendoza2022_Meq_to_Mw,Mendoza/YPF 2022,converted_regional,ISC,ISC,1,604744951,,inside_rectangle,single_source,yes,yes,
MZA-03152,2013-06-10T21:10:28.300Z,2013,6,-32.04,-69.99,105.3,2.2,ML,ML,2.2365,Mendoza2022_Meq_to_Mw,Mendoza/YPF 2022,converted_regional,ISC,ISC,1,604744954,,inside_rectangle,single_source,yes,yes,
MZA-03153,2013-06-12T08:46:53.700Z,2013,6,-32.054,-67.665,23.9,1.4,ML,ML,1.4605,Mendoza2022_Meq_to_Mw,Mendoza/YPF 2022,converted_regional,ISC,ISC,1,604744990,,inside_rectangle,single_source,yes,yes,
MZA-03154,2013-06-12T10:40:15.800Z,2013,6,-32.166,-69.105,107.1,1.8,ML,ML,1.8485,Mendoza2022_Meq_to_Mw,Mendoza/YPF 2022,converted_regional,ISC,ISC,1,604744992,,inside_rectangle,single_source,yes,yes,
MZA-03155,2013-06-13T01:56:42.400Z,2013,6,-32.461,-67.016,16.8,2.9,ML,ML,2.9155,Mendoza2022_Meq_to_Mw,Mendoza/YPF 2022,converted_regional,ISC,ISC,1,604745011,,inside_rectangle,single_source,yes,yes,
MZA-03156,2013-06-14T14:44:46.600Z,2013,6,-33.187,-69.609,11.5,2.5,ML,ML,2.5275,Mendoza2022_Meq_to_Mw,Mendoza/YPF 2022,converted_regional,ISC,ISC,1,604745031,,inside_rectangle,single_source,yes,yes,
MZA-03157,2013-06-14T17:23:22.000Z,2013,6,-34.134,-68.761,22.2,2.1,ML,ML,2.1395,Mendoza2022_Meq_to_Mw,Mendoza/YPF 2022,converted_regional,ISC,ISC,1,604745035,,inside_rectangle,single_source,yes,yes,
MZA-03158,2013-06-16T06:42:11.699Z,2013,6,-32.982,-69.355,15,2.3,ML,ML,2.3335,Mendoza2022_Meq_to_Mw,Mendoza/YPF 2022,converted_regional,ISC,ISC,1,604745066,,inside_rectangle,single_source,yes,yes,
MZA-03159,2013-06-19T12:58:43.200Z,2013,6,-32.354,-68.596,127.9,2,ML,ML,2.0425,Mendoza2022_Meq_to_Mw,Mendoza/YPF 2022,converted_regional,ISC,ISC,1,604745119,,inside_rectangle,single_source,yes,yes,
MZA-03160,2013-06-20T19:00:46.600Z,2013,6,-32.694,-68.913,31.9,2.4,ML,ML,2.4305,Mendoza2022_Meq_to_Mw,Mendoza/YPF 2022,converted_regional,ISC,ISC,1,604745133,,inside_rectangle,single_source,yes,yes,
MZA-03161,2013-06-22T13:01:06.600Z,2013,6,-32.204,-68.612,10,2.7,ML,ML,2.7215,Mendoza2022_Meq_to_Mw,Mendoza/YPF 2022,converted_regional,ISC,ISC,1,604745157,,inside_rectangle,single_source,yes,yes,
MZA-03162,2013-06-23T04:51:08.300Z,2013,6,-32.305,-69.698,120.8,2.2,ML,ML,2.2365,Mendoza2022_Meq_to_Mw,Mendoza/YPF 2022,converted_regional,ISC,ISC,1,604745163,,inside_rectangle,single_source,yes,yes,
MZA-03163,2013-06-26T11:56:19.000Z,2013,6,-32.088,-68.633,107.1,2.7,ML,ML,2.7215,Mendoza2022_Meq_to_Mw,Mendoza/YPF 2022,converted_regional,ISC,ISC,1,604745215,,inside_rectangle,single_source,yes,yes,
MZA-03164,2013-06-26T18:06:31.000Z,2013,6,-32.064,-67.741,26.1,1.1,ML,ML,1.1695,Mendoza2022_Meq_to_Mw,Mendoza/YPF 2022,converted_regional,ISC,ISC,1,604745224,,inside_rectangle,single_source,yes,yes,
MZA-03165,2013-06-29T06:27:30.200Z,2013,6,-32.475,-69.129,74.9,2.4,ML,ML,2.4305,Mendoza2022_Meq_to_Mw,Mendoza/YPF 2022,converted_regional,ISC,ISC,1,606499171,,inside_rectangle,single_source,yes,yes,
MZA-03166,2013-06-29T16:10:50.670Z,2013,6,-32.0033,-69.0979,120.6,3.6,mb,mb,3.7594,Mendoza2022_mb_to_Mw,Mendoza/YPF 2022,converted_regional,ISC,ISC,1,603254717,,inside_rectangle,single_source,yes,yes,
MZA-03167,2013-07-02T08:08:33.799Z,2013,7,-32.011,-67.488,151.1,2.8,ML,ML,2.8185,Mendoza2022_Meq_to_Mw,Mendoza/YPF 2022,converted_regional,ISC,ISC,1,604745324,,inside_rectangle,single_source,yes,yes,
MZA-03168,2013-07-03T06:05:09.900Z,2013,7,-33.732,-67.573,207,3.4,ML,ML,3.4005,Mendoza2022_Meq_to_Mw,Mendoza/YPF 2022,converted_regional,ISC,ISC,1,604745338,,inside_rectangle,single_source,yes,yes,
MZA-03169,2013-07-05T00:07:31.160Z,2013,7,-32.7613,-67.8059,8,3.9,mb,mb,3.9256,Mendoza2022_mb_to_Mw,Mendoza/YPF 2022,converted_regional,ISC,ISC + USGS,2,603336748,usp000k1qd,inside_rectangle,accepted_auto,yes,yes,
MZA-03170,2013-07-08T02:24:20.400Z,2013,7,-32.785,-69.952,88.8,3,ML,ML,3.0125,Mendoza2022_Meq_to_Mw,Mendoza/YPF 2022,converted_regional,ISC,ISC,1,606499224,,inside_rectangle,single_source,yes,yes,
MZA-03171,2013-07-08T17:49:03.200Z,2013,7,-32.269,-68.483,113.3,2.8,ML,ML,2.8185,Mendoza2022_Meq_to_Mw,Mendoza/YPF 2022,converted_regional,ISC,ISC,1,604745414,,inside_rectangle,single_source,yes,yes,
MZA-03172,2013-07-10T22:03:54.500Z,2013,7,-32.753,-67.794,11.2,2.2,ML,ML,2.2365,Mendoza2022_Meq_to_Mw,Mendoza/YPF 2022,converted_regional,ISC,ISC,1,604745448,,inside_rectangle,single_source,yes,yes,
MZA-03173,2013-07-15T06:10:25.499Z,2013,7,-33.22,-67.287,198.8,3.5,ML,ML,3.4975,Mendoza2022_Meq_to_Mw,Mendoza/YPF 2022,converted_regional,ISC,ISC,1,604745526,,inside_rectangle,single_source,yes,yes,
MZA-03174,2013-07-16T14:01:26.200Z,2013,7,-32.006,-68.427,115.8,2.1,ML,ML,2.1395,Mendoza2022_Meq_to_Mw,Mendoza/YPF 2022,converted_regional,ISC,ISC,1,604745556,,inside_rectangle,single_source,yes,yes,
MZA-03175,2013-07-20T20:58:36.600Z,2013,7,-32.496,-68.853,15.5,2.4,ML,ML,2.4305,Mendoza2022_Meq_to_Mw,Mendoza/YPF 2022,converted_regional,ISC,ISC,1,604745642,,inside_rectangle,single_source,yes,yes,
MZA-03176,2013-07-23T01:08:59.300Z,2013,7,-32.163,-67.39,136.4,2.6,ML,ML,2.6245,Mendoza2022_Meq_to_Mw,Mendoza/YPF 2022,converted_regional,ISC,ISC,1,604745689,,inside_rectangle,single_source,yes,yes,
MZA-03177,2013-07-23T12:38:29.799Z,2013,7,-32.115,-68.71,15,2.5,ML,ML,2.5275,Mendoza2022_Meq_to_Mw,Mendoza/YPF 2022,converted_regional,ISC,ISC,1,604745694,,inside_rectangle,single_source,yes,yes,
MZA-03178,2013-07-25T14:22:33.800Z,2013,7,-32.333,-67.29,13,1.4,ML,ML,1.4605,Mendoza2022_Meq_to_Mw,Mendoza/YPF 2022,converted_regional,ISC,ISC,1,604745736,,inside_rectangle,single_source,yes,yes,
MZA-03179,2013-07-29T00:07:37.100Z,2013,7,-32.279,-67.31,40.3,2.4,ML,ML,2.4305,Mendoza2022_Meq_to_Mw,Mendoza/YPF 2022,converted_regional,ISC,ISC,1,604745808,,inside_rectangle,single_source,yes,yes,
MZA-03180,2013-08-01T17:30:25.700Z,2013,8,-32.014,-68.231,10,2.9,ML,ML,2.9155,Mendoza2022_Meq_to_Mw,Mendoza/YPF 2022,converted_regional,ISC,ISC,1,608546829,,inside_rectangle,single_source,yes,yes,
MZA-03181,2013-08-01T18:04:22.200Z,2013,8,-32.023,-68.183,16.9,2.6,ML,ML,2.6245,Mendoza2022_Meq_to_Mw,Mendoza/YPF 2022,converted_regional,ISC,ISC,1,608546830,,inside_rectangle,single_source,yes,yes,
MZA-03182,2013-08-04T21:38:11.000Z,2013,8,-32.297,-67.952,129.3,2.6,ML,ML,2.6245,Mendoza2022_Meq_to_Mw,Mendoza/YPF 2022,converted_regional,ISC,ISC,1,608551688,,inside_rectangle,single_source,yes,yes,
MZA-03183,2013-08-12T12:02:34.650Z,2013,8,-33.0795,-68.9428,17.5,3.7,mb,mb,3.8148,Mendoza2022_mb_to_Mw,Mendoza/YPF 2022,converted_regional,ISC,ISC + USGS,2,608161309,usb000j2xu,inside_rectangle,accepted_auto,yes,yes,
MZA-03184,2013-08-13T06:37:26.000Z,2013,8,-32.745,-67.9746,2.7,3.4,ML,ML,3.4005,Mendoza2022_Meq_to_Mw,Mendoza/YPF 2022,converted_regional,ISC,ISC,1,608552140,,inside_rectangle,single_source,yes,yes,
MZA-03185,2013-08-14T15:13:18.890Z,2013,8,-33.5599,-69.8714,16.6,2.5,ML,ML,2.5275,Mendoza2022_Meq_to_Mw,Mendoza/YPF 2022,converted_regional,ISC,ISC,1,606499564,,inside_rectangle,single_source,yes,yes,
MZA-03186,2013-08-15T15:52:50.900Z,2013,8,-33.533,-68.508,17.5,2.8,ML,ML,2.8185,Mendoza2022_Meq_to_Mw,Mendoza/YPF 2022,converted_regional,ISC,ISC,1,608552151,,inside_rectangle,single_source,yes,yes,
MZA-03187,2013-08-16T09:43:19.480Z,2013,8,-32.4229,-69.4854,130.6,3.1,ML,ML,3.1095,Mendoza2022_Meq_to_Mw,Mendoza/YPF 2022,converted_regional,ISC,ISC,1,606499601,,inside_rectangle,single_source,yes,yes,
MZA-03188,2013-08-17T12:39:19.100Z,2013,8,-33.012,-68.259,24.7,3.3,ML,ML,3.3035,Mendoza2022_Meq_to_Mw,Mendoza/YPF 2022,converted_regional,ISC,ISC,1,608552163,,inside_rectangle,single_source,yes,yes,
MZA-03189,2013-08-20T18:41:20.760Z,2013,8,-32.0895,-69.5587,114.9,3.5,ML,ML,3.4975,Mendoza2022_Meq_to_Mw,Mendoza/YPF 2022,converted_regional,ISC,ISC,1,606499661,,inside_rectangle,single_source,yes,yes,
MZA-03190,2013-08-21T16:01:14.080Z,2013,8,-33.9965,-68.7644,10,3.7,ML,ML,3.6915,Mendoza2022_Meq_to_Mw,Mendoza/YPF 2022,converted_regional,ISC,ISC,1,606499679,,inside_rectangle,single_source,yes,yes,
MZA-03191,2013-08-23T10:08:47.100Z,2013,8,-32.866,-69.089,15.5,2.8,ML,ML,2.8185,Mendoza2022_Meq_to_Mw,Mendoza/YPF 2022,converted_regional,ISC,ISC,1,606499700,,inside_rectangle,single_source,yes,yes,
MZA-03192,2013-08-26T07:13:46.449Z,2013,8,-32.9507,-69.3104,2.5,2.8,ML,ML,2.8185,Mendoza2022_Meq_to_Mw,Mendoza/YPF 2022,converted_regional,ISC,ISC,1,606499752,,inside_rectangle,single_source,yes,yes,
MZA-03193,2013-08-26T14:13:00.800Z,2013,8,-32.11,-69.705,112.1,3.2,ML,ML,3.2065,Mendoza2022_Meq_to_Mw,Mendoza/YPF 2022,converted_regional,ISC,ISC,1,608552207,,inside_rectangle,single_source,yes,yes,
MZA-03194,2013-08-28T00:43:33.580Z,2013,8,-32.1444,-68.8896,17.3,2.7,ML,ML,2.7215,Mendoza2022_Meq_to_Mw,Mendoza/YPF 2022,converted_regional,ISC,ISC,1,606499770,,inside_rectangle,single_source,yes,yes,
MZA-03195,2013-08-29T08:07:57.700Z,2013,8,-32.286,-69.816,117.7,2.7,ML,ML,2.7215,Mendoza2022_Meq_to_Mw,Mendoza/YPF 2022,converted_regional,ISC,ISC,1,608552219,,inside_rectangle,single_source,yes,yes,
MZA-03196,2013-08-30T18:51:21.500Z,2013,8,-32.053,-67.441,128.8,2.6,ML,ML,2.6245,Mendoza2022_Meq_to_Mw,Mendoza/YPF 2022,converted_regional,ISC,ISC,1,608552223,,inside_rectangle,single_source,yes,yes,
MZA-03197,2013-08-30T19:04:29.660Z,2013,8,-33.0988,-68.8383,28.6,3,ML,ML,3.0125,Mendoza2022_Meq_to_Mw,Mendoza/YPF 2022,converted_regional,ISC,ISC,1,606499805,,inside_rectangle,single_source,yes,yes,
MZA-03198,2013-09-01T11:46:41.600Z,2013,9,-32.397,-69.476,120.8,1.8,ML,ML,1.8485,Mendoza2022_Meq_to_Mw,Mendoza/YPF 2022,converted_regional,ISC,ISC,1,608813464,,inside_rectangle,single_source,yes,yes,
MZA-03199,2013-09-01T21:57:42.299Z,2013,9,-33.001,-68.666,48.2,1.7,ML,ML,1.7515,Mendoza2022_Meq_to_Mw,Mendoza/YPF 2022,converted_regional,ISC,ISC,1,608813471,,inside_rectangle,single_source,yes,yes,
MZA-03200,2013-09-03T20:03:45.690Z,2013,9,-32.6676,-69.1192,128.4,3.6,ML,ML,3.5945,Mendoza2022_Meq_to_Mw,Mendoza/YPF 2022,converted_regional,ISC,ISC,1,606499861,,inside_rectangle,single_source,yes,yes,
MZA-03201,2013-09-04T07:46:43.000Z,2013,9,-32.817,-68.741,142.3,2.2,ML,ML,2.2365,Mendoza2022_Meq_to_Mw,Mendoza/YPF 2022,converted_regional,ISC,ISC,1,608813496,,inside_rectangle,single_source,yes,yes,
MZA-03202,2013-09-04T23:00:58.900Z,2013,9,-33.345,-68.127,21.9,2.4,ML,ML,2.4305,Mendoza2022_Meq_to_Mw,Mendoza/YPF 2022,converted_regional,ISC,ISC,1,608813503,,inside_rectangle,single_source,yes,yes,
MZA-03203,2013-09-05T02:52:48.800Z,2013,9,-32.529,-68.491,23.3,2.4,ML,ML,2.4305,Mendoza2022_Meq_to_Mw,Mendoza/YPF 2022,converted_regional,ISC,ISC,1,608813506,,inside_rectangle,single_source,yes,yes,
MZA-03204,2013-09-05T06:12:30.100Z,2013,9,-32.777,-68.215,4.6,2.5,ML,ML,2.5275,Mendoza2022_Meq_to_Mw,Mendoza/YPF 2022,converted_regional,ISC,ISC,1,608813507,,inside_rectangle,single_source,yes,yes,
MZA-03205,2013-09-05T21:35:18.800Z,2013,9,-33.117,-69.064,20.9,2.3,ML,ML,2.3335,Mendoza2022_Meq_to_Mw,Mendoza/YPF 2022,converted_regional,ISC,ISC,1,608813512,,inside_rectangle,single_source,yes,yes,
MZA-03206,2013-09-06T21:19:34.110Z,2013,9,-34.0482,-69.202,14.4,3.2,ML,ML,3.2065,Mendoza2022_Meq_to_Mw,Mendoza/YPF 2022,converted_regional,ISC,ISC,1,606499903,,inside_rectangle,single_source,yes,yes,
MZA-03207,2013-09-07T19:31:24.100Z,2013,9,-32.253,-69.489,113.7,2.7,ML,ML,2.7215,Mendoza2022_Meq_to_Mw,Mendoza/YPF 2022,converted_regional,ISC,ISC,1,608813549,,inside_rectangle,single_source,yes,yes,
MZA-03208,2013-09-08T08:34:09.800Z,2013,9,-32.367,-67.665,15.1,2.1,ML,ML,2.1395,Mendoza2022_Meq_to_Mw,Mendoza/YPF 2022,converted_regional,ISC,ISC,1,608813559,,inside_rectangle,single_source,yes,yes,
MZA-03209,2013-09-08T22:23:44.200Z,2013,9,-32.039,-69.54,108.9,2.8,ML,ML,2.8185,Mendoza2022_Meq_to_Mw,Mendoza/YPF 2022,converted_regional,ISC,ISC,1,608813576,,inside_rectangle,single_source,yes,yes,
MZA-03210,2013-09-10T22:21:45.200Z,2013,9,-32.334,-69.459,112.5,2.3,ML,ML,2.3335,Mendoza2022_Meq_to_Mw,Mendoza/YPF 2022,converted_regional,ISC,ISC,1,608813601,,inside_rectangle,single_source,yes,yes,
MZA-03211,2013-09-15T06:04:34.960Z,2013,9,-33.1368,-69.8345,118.3,4.2,mb,mb,4.0918,Mendoza2022_mb_to_Mw,Mendoza/YPF 2022,converted_regional,ISC,ISC + USGS,2,603431322,usc000jusa,inside_rectangle,accepted_auto,yes,yes,
MZA-03212,2013-09-16T17:34:32.300Z,2013,9,-32.922,-69.19,25.9,1.3,ML,ML,1.3635,Mendoza2022_Meq_to_Mw,Mendoza/YPF 2022,converted_regional,ISC,ISC,1,608813636,,inside_rectangle,single_source,yes,yes,
MZA-03213,2013-09-17T18:39:42.699Z,2013,9,-32.779,-69.582,123,2.6,ML,ML,2.6245,Mendoza2022_Meq_to_Mw,Mendoza/YPF 2022,converted_regional,ISC,ISC,1,608813645,,inside_rectangle,single_source,yes,yes,
MZA-03214,2013-09-19T00:00:58.200Z,2013,9,-32.219,-69.569,120.1,2.7,ML,ML,2.7215,Mendoza2022_Meq_to_Mw,Mendoza/YPF 2022,converted_regional,ISC,ISC,1,608813654,,inside_rectangle,single_source,yes,yes,
MZA-03215,2013-09-19T23:04:05.199Z,2013,9,-32.098,-69.759,114.2,2,ML,ML,2.0425,Mendoza2022_Meq_to_Mw,Mendoza/YPF 2022,converted_regional,ISC,ISC,1,608813667,,inside_rectangle,single_source,yes,yes,
MZA-03216,2013-09-21T08:58:24.000Z,2013,9,-33.809,-69.011,2.2,2.4,ML,ML,2.4305,Mendoza2022_Meq_to_Mw,Mendoza/YPF 2022,converted_regional,ISC,ISC,1,608813684,,inside_rectangle,single_source,yes,yes,
MZA-03217,2013-09-22T04:04:36.000Z,2013,9,-32.357,-69.859,118.3,2.1,ML,ML,2.1395,Mendoza2022_Meq_to_Mw,Mendoza/YPF 2022,converted_regional,ISC,ISC,1,608813690,,inside_rectangle,single_source,yes,yes,
MZA-03218,2013-09-22T14:19:30.099Z,2013,9,-32.368,-69.347,117.8,1.9,ML,ML,1.9455,Mendoza2022_Meq_to_Mw,Mendoza/YPF 2022,converted_regional,ISC,ISC,1,608813695,,inside_rectangle,single_source,yes,yes,
MZA-03219,2013-09-22T16:10:53.400Z,2013,9,-32.083,-68.156,129.5,2.2,ML,ML,2.2365,Mendoza2022_Meq_to_Mw,Mendoza/YPF 2022,converted_regional,ISC,ISC,1,608813696,,inside_rectangle,single_source,yes,yes,
MZA-03220,2013-09-23T17:00:28.400Z,2013,9,-32.978,-68.402,13.8,1.8,ML,ML,1.8485,Mendoza2022_Meq_to_Mw,Mendoza/YPF 2022,converted_regional,ISC,ISC,1,608813703,,inside_rectangle,single_source,yes,yes,
MZA-03221,2013-09-23T18:13:05.300Z,2013,9,-32.325,-68.873,115,2,ML,ML,2.0425,Mendoza2022_Meq_to_Mw,Mendoza/YPF 2022,converted_regional,ISC,ISC,1,608813705,,inside_rectangle,single_source,yes,yes,
MZA-03222,2013-09-27T13:30:22.900Z,2013,9,-33.213,-68.575,9.1,1.6,ML,ML,1.6545,Mendoza2022_Meq_to_Mw,Mendoza/YPF 2022,converted_regional,ISC,ISC,1,608813741,,inside_rectangle,single_source,yes,yes,
MZA-03223,2013-09-28T03:36:29.820Z,2013,9,-32.2437,-68.5705,134.5,4,ML,ML,3.9825,Mendoza2022_Meq_to_Mw,Mendoza/YPF 2022,converted_regional,ISC,ISC + USGS,2,603988372,usb000k1f1,inside_rectangle,accepted_auto,yes,yes,
MZA-03224,2013-09-28T14:48:25.800Z,2013,9,-32.168,-69.409,110.3,2.2,ML,ML,2.2365,Mendoza2022_Meq_to_Mw,Mendoza/YPF 2022,converted_regional,ISC,ISC,1,608813754,,inside_rectangle,single_source,yes,yes,
MZA-03225,2013-09-28T17:11:30.580Z,2013,9,-32.8075,-69.9022,118.4,4,mb,mb,3.981,Mendoza2022_mb_to_Mw,Mendoza/YPF 2022,converted_regional,ISC,ISC + USGS,2,603988395,usb000k62l,inside_rectangle,accepted_auto,yes,yes,
MZA-03226,2013-09-28T19:12:09.200Z,2013,9,-32.745,-68.831,30.3,1.6,ML,ML,1.6545,Mendoza2022_Meq_to_Mw,Mendoza/YPF 2022,converted_regional,ISC,ISC,1,608813758,,inside_rectangle,single_source,yes,yes,
MZA-03227,2013-09-29T07:10:00.680Z,2013,9,-32.3232,-69.8437,122.4,3.3,ML,ML,3.3035,Mendoza2022_Meq_to_Mw,Mendoza/YPF 2022,converted_regional,ISC,ISC,1,606500226,,inside_rectangle,single_source,yes,yes,
MZA-03228,2013-09-29T10:16:27.600Z,2013,9,-32.168,-69.482,111.3,1.5,ML,ML,1.5575,Mendoza2022_Meq_to_Mw,Mendoza/YPF 2022,converted_regional,ISC,ISC,1,608813765,,inside_rectangle,single_source,yes,yes,
MZA-03229,2013-09-29T17:48:31.940Z,2013,9,-32.8263,-69.9208,128.7,3.5,ML,ML,3.4975,Mendoza2022_Meq_to_Mw,Mendoza/YPF 2022,converted_regional,ISC,ISC,1,606500230,,inside_rectangle,single_source,yes,yes,
MZA-03230,2013-10-01T07:46:04.100Z,2013,10,-32.715,-69.839,135.7,2.9,ML,ML,2.9155,Mendoza2022_Meq_to_Mw,Mendoza/YPF 2022,converted_regional,ISC,ISC,1,606500259,,inside_rectangle,single_source,yes,yes,
MZA-03231,2013-10-01T17:30:10.100Z,2013,10,-32.184,-69.833,37.6,2,ML,ML,2.0425,Mendoza2022_Meq_to_Mw,Mendoza/YPF 2022,converted_regional,ISC,ISC,1,609074555,,inside_rectangle,single_source,yes,yes,
MZA-03232,2013-10-01T20:07:47.910Z,2013,10,-33.1446,-69.0627,12.8,3.4,ML,ML,3.4005,Mendoza2022_Meq_to_Mw,Mendoza/YPF 2022,converted_regional,ISC,ISC,1,606500268,,inside_rectangle,single_source,yes,yes,
MZA-03233,2013-10-03T00:57:11.600Z,2013,10,-32.011,-69.325,106,1.9,ML,ML,1.9455,Mendoza2022_Meq_to_Mw,Mendoza/YPF 2022,converted_regional,ISC,ISC,1,609074578,,inside_rectangle,single_source,yes,yes,
MZA-03234,2013-10-03T10:44:32.400Z,2013,10,-33.405,-68.39,6.6,2.9,ML,ML,2.9155,Mendoza2022_Meq_to_Mw,Mendoza/YPF 2022,converted_regional,ISC,ISC,1,609074583,,inside_rectangle,single_source,yes,yes,
MZA-03235,2013-10-04T04:17:49.100Z,2013,10,-32.3146,-69.6164,139.3,3.1,ML,ML,3.1095,Mendoza2022_Meq_to_Mw,Mendoza/YPF 2022,converted_regional,ISC,ISC,1,606500300,,inside_rectangle,single_source,yes,yes,
MZA-03236,2013-10-05T10:47:25.900Z,2013,10,-32.557,-67.817,11.3,2.4,ML,ML,2.4305,Mendoza2022_Meq_to_Mw,Mendoza/YPF 2022,converted_regional,ISC,ISC,1,609074619,,inside_rectangle,single_source,yes,yes,
MZA-03237,2013-10-05T12:21:06.300Z,2013,10,-32.137,-69.383,104.6,2.1,ML,ML,2.1395,Mendoza2022_Meq_to_Mw,Mendoza/YPF 2022,converted_regional,ISC,ISC,1,609074621,,inside_rectangle,single_source,yes,yes,
MZA-03238,2013-10-05T23:57:07.000Z,2013,10,-33.248,-68.415,10,2.4,ML,ML,2.4305,Mendoza2022_Meq_to_Mw,Mendoza/YPF 2022,converted_regional,ISC,ISC,1,609074630,,inside_rectangle,single_source,yes,yes,
MZA-03239,2013-10-06T13:48:11.100Z,2013,10,-32.07,-69.549,103.9,2.4,ML,ML,2.4305,Mendoza2022_Meq_to_Mw,Mendoza/YPF 2022,converted_regional,ISC,ISC,1,609074646,,inside_rectangle,single_source,yes,yes,
MZA-03240,2013-10-07T10:48:51.500Z,2013,10,-32.007,-69.12,24.8,2,ML,ML,2.0425,Mendoza2022_Meq_to_Mw,Mendoza/YPF 2022,converted_regional,ISC,ISC,1,609074661,,inside_rectangle,single_source,yes,yes,
MZA-03241,2013-10-07T11:45:16.570Z,2013,10,-34.3327,-69.6452,1.5,3.1,ML,ML,3.1095,Mendoza2022_Meq_to_Mw,Mendoza/YPF 2022,converted_regional,ISC,ISC,1,606500352,,inside_rectangle,single_source,yes,yes,
MZA-03242,2013-10-09T19:59:17.100Z,2013,10,-34.473,-69.477,12.4,3,ML,ML,3.0125,Mendoza2022_Meq_to_Mw,Mendoza/YPF 2022,converted_regional,ISC,ISC,1,609074694,,inside_rectangle,single_source,yes,yes,
MZA-03243,2013-10-10T04:11:43.400Z,2013,10,-33.364,-68.565,26.9,2.1,ML,ML,2.1395,Mendoza2022_Meq_to_Mw,Mendoza/YPF 2022,converted_regional,ISC,ISC,1,609074697,,inside_rectangle,single_source,yes,yes,
MZA-03244,2013-10-10T07:54:58.800Z,2013,10,-34.614,-69.371,20.3,2.8,ML,ML,2.8185,Mendoza2022_Meq_to_Mw,Mendoza/YPF 2022,converted_regional,ISC,ISC,1,609074699,,inside_rectangle,single_source,yes,yes,
MZA-03245,2013-10-10T11:36:11.000Z,2013,10,-32.1,-69.773,111.6,3.2,ML,ML,3.2065,Mendoza2022_Meq_to_Mw,Mendoza/YPF 2022,converted_regional,ISC,ISC,1,609074701,,inside_rectangle,single_source,yes,yes,
MZA-03246,2013-10-11T11:26:32.599Z,2013,10,-32.717,-68.443,10.6,2.6,ML,ML,2.6245,Mendoza2022_Meq_to_Mw,Mendoza/YPF 2022,converted_regional,ISC,ISC,1,609074709,,inside_rectangle,single_source,yes,yes,
MZA-03247,2013-10-11T22:13:37.800Z,2013,10,-33.057,-68.149,6.9,2.8,ML,ML,2.8185,Mendoza2022_Meq_to_Mw,Mendoza/YPF 2022,converted_regional,ISC,ISC,1,609074717,,inside_rectangle,single_source,yes,yes,
MZA-03248,2013-10-12T02:03:05.399Z,2013,10,-32.76,-69.765,126,2,ML,ML,2.0425,Mendoza2022_Meq_to_Mw,Mendoza/YPF 2022,converted_regional,ISC,ISC,1,609074718,,inside_rectangle,single_source,yes,yes,
MZA-03249,2013-10-12T02:56:43.400Z,2013,10,-32.68,-69.987,119.1,2.5,ML,ML,2.5275,Mendoza2022_Meq_to_Mw,Mendoza/YPF 2022,converted_regional,ISC,ISC,1,609074719,,inside_rectangle,single_source,yes,yes,
MZA-03250,2013-10-12T03:54:54.100Z,2013,10,-32.139,-68.698,20,1.9,ML,ML,1.9455,Mendoza2022_Meq_to_Mw,Mendoza/YPF 2022,converted_regional,ISC,ISC,1,609074720,,inside_rectangle,single_source,yes,yes,
MZA-03251,2013-10-13T10:47:22.730Z,2013,10,-32.6891,-69.8003,117.6,2.7,ML,ML,2.7215,Mendoza2022_Meq_to_Mw,Mendoza/YPF 2022,converted_regional,ISC,ISC,1,606500449,,inside_rectangle,single_source,yes,yes,
MZA-03252,2013-10-16T18:20:29.400Z,2013,10,-32.66,-68.48,142.7,2.5,ML,ML,2.5275,Mendoza2022_Meq_to_Mw,Mendoza/YPF 2022,converted_regional,ISC,ISC,1,609074784,,inside_rectangle,single_source,yes,yes,
MZA-03253,2013-10-16T18:53:14.000Z,2013,10,-32.128,-68.696,17.1,2.3,ML,ML,2.3335,Mendoza2022_Meq_to_Mw,Mendoza/YPF 2022,converted_regional,ISC,ISC,1,609074786,,inside_rectangle,single_source,yes,yes,
MZA-03254,2013-10-16T20:45:51.200Z,2013,10,-32.058,-68.26,10.6,2.4,ML,ML,2.4305,Mendoza2022_Meq_to_Mw,Mendoza/YPF 2022,converted_regional,ISC,ISC,1,609074788,,inside_rectangle,single_source,yes,yes,
MZA-03255,2013-10-17T01:19:38.200Z,2013,10,-32.321,-69.648,109.3,2.5,ML,ML,2.5275,Mendoza2022_Meq_to_Mw,Mendoza/YPF 2022,converted_regional,ISC,ISC,1,609074792,,inside_rectangle,single_source,yes,yes,
MZA-03256,2013-10-18T04:19:53.300Z,2013,10,-32.201,-68.189,118.7,2.1,ML,ML,2.1395,Mendoza2022_Meq_to_Mw,Mendoza/YPF 2022,converted_regional,ISC,ISC,1,609074809,,inside_rectangle,single_source,yes,yes,
MZA-03257,2013-10-18T15:13:39.500Z,2013,10,-32.549,-69.828,119.9,2.3,ML,ML,2.3335,Mendoza2022_Meq_to_Mw,Mendoza/YPF 2022,converted_regional,ISC,ISC,1,609074815,,inside_rectangle,single_source,yes,yes,
MZA-03258,2013-10-19T07:07:45.300Z,2013,10,-33.7,-68.372,16.7,3,ML,ML,3.0125,Mendoza2022_Meq_to_Mw,Mendoza/YPF 2022,converted_regional,ISC,ISC,1,609074829,,inside_rectangle,single_source,yes,yes,
MZA-03259,2013-10-21T21:18:18.800Z,2013,10,-32.815,-68.459,103.5,2.1,ML,ML,2.1395,Mendoza2022_Meq_to_Mw,Mendoza/YPF 2022,converted_regional,ISC,ISC,1,609074865,,inside_rectangle,single_source,yes,yes,
MZA-03260,2013-10-23T03:08:18.600Z,2013,10,-32.032,-68.526,114.6,2,ML,ML,2.0425,Mendoza2022_Meq_to_Mw,Mendoza/YPF 2022,converted_regional,ISC,ISC,1,609074890,,inside_rectangle,single_source,yes,yes,
MZA-03261,2013-10-25T11:35:49.799Z,2013,10,-32.097,-69.526,105.4,2.4,ML,ML,2.4305,Mendoza2022_Meq_to_Mw,Mendoza/YPF 2022,converted_regional,ISC,ISC,1,609074928,,inside_rectangle,single_source,yes,yes,
MZA-03262,2013-10-25T18:21:43.600Z,2013,10,-32.091,-68.553,110.1,2.2,ML,ML,2.2365,Mendoza2022_Meq_to_Mw,Mendoza/YPF 2022,converted_regional,ISC,ISC,1,609074939,,inside_rectangle,single_source,yes,yes,
MZA-03263,2013-10-25T19:13:41.700Z,2013,10,-32.03,-68.54,120.7,2.5,ML,ML,2.5275,Mendoza2022_Meq_to_Mw,Mendoza/YPF 2022,converted_regional,ISC,ISC,1,609074941,,inside_rectangle,single_source,yes,yes,
MZA-03264,2013-10-26T07:35:51.500Z,2013,10,-32.722,-68.63,20,2.2,ML,ML,2.2365,Mendoza2022_Meq_to_Mw,Mendoza/YPF 2022,converted_regional,ISC,ISC,1,609074951,,inside_rectangle,single_source,yes,yes,
MZA-03265,2013-10-28T10:00:49.000Z,2013,10,-32.131,-68.442,116.1,2,ML,ML,2.0425,Mendoza2022_Meq_to_Mw,Mendoza/YPF 2022,converted_regional,ISC,ISC,1,609074983,,inside_rectangle,single_source,yes,yes,
MZA-03266,2013-10-30T10:25:23.900Z,2013,10,-33.313,-68.819,19.4,2.5,ML,ML,2.5275,Mendoza2022_Meq_to_Mw,Mendoza/YPF 2022,converted_regional,ISC,ISC,1,609075020,,inside_rectangle,single_source,yes,yes,
MZA-03267,2013-10-30T17:20:48.200Z,2013,10,-32.068,-68.263,119.4,2,ML,ML,2.0425,Mendoza2022_Meq_to_Mw,Mendoza/YPF 2022,converted_regional,ISC,ISC,1,609075028,,inside_rectangle,single_source,yes,yes,
MZA-03268,2013-11-01T01:52:25.000Z,2013,11,-33.734,-69.947,15.3,2.7,ML,ML,2.7215,Mendoza2022_Meq_to_Mw,Mendoza/YPF 2022,converted_regional,ISC,ISC,1,606500737,,inside_rectangle,single_source,yes,yes,
MZA-03269,2013-11-01T02:59:11.299Z,2013,11,-32.46,-68.186,139.4,2.9,ML,ML,2.9155,Mendoza2022_Meq_to_Mw,Mendoza/YPF 2022,converted_regional,ISC,ISC,1,609259718,,inside_rectangle,single_source,yes,yes,
MZA-03270,2013-11-02T21:14:24.500Z,2013,11,-33.219,-68.94,10,1.7,ML,ML,1.7515,Mendoza2022_Meq_to_Mw,Mendoza/YPF 2022,converted_regional,ISC,ISC,1,609259762,,inside_rectangle,single_source,yes,yes,
MZA-03271,2013-11-03T16:20:04.900Z,2013,11,-32.005,-69.96,132.9,2.8,ML,ML,2.8185,Mendoza2022_Meq_to_Mw,Mendoza/YPF 2022,converted_regional,ISC,ISC,1,609259787,,inside_rectangle,single_source,yes,yes,
MZA-03272,2013-11-05T00:50:49.700Z,2013,11,-32.331,-67.221,8.2,1.8,ML,ML,1.8485,Mendoza2022_Meq_to_Mw,Mendoza/YPF 2022,converted_regional,ISC,ISC,1,609259818,,inside_rectangle,single_source,yes,yes,
MZA-03273,2013-11-05T15:35:46.900Z,2013,11,-33.322,-69.783,6.6,2.5,ML,ML,2.5275,Mendoza2022_Meq_to_Mw,Mendoza/YPF 2022,converted_regional,ISC,ISC,1,609259820,,inside_rectangle,single_source,yes,yes,
MZA-03274,2013-11-05T23:05:44.200Z,2013,11,-32.313,-67.595,20.6,2.3,ML,ML,2.3335,Mendoza2022_Meq_to_Mw,Mendoza/YPF 2022,converted_regional,ISC,ISC,1,609259825,,inside_rectangle,single_source,yes,yes,
MZA-03275,2013-11-08T05:29:42.300Z,2013,11,-32.071,-69.313,114.8,1.7,ML,ML,1.7515,Mendoza2022_Meq_to_Mw,Mendoza/YPF 2022,converted_regional,ISC,ISC,1,609259865,,inside_rectangle,single_source,yes,yes,
MZA-03276,2013-11-08T23:31:43.099Z,2013,11,-32.751,-69.813,119.7,2.3,ML,ML,2.3335,Mendoza2022_Meq_to_Mw,Mendoza/YPF 2022,converted_regional,ISC,ISC,1,609259873,,inside_rectangle,single_source,yes,yes,
MZA-03277,2013-11-09T00:02:44.399Z,2013,11,-32.994,-67.659,188.2,2.8,ML,ML,2.8185,Mendoza2022_Meq_to_Mw,Mendoza/YPF 2022,converted_regional,ISC,ISC,1,609259874,,inside_rectangle,single_source,yes,yes,
MZA-03278,2013-11-09T05:27:36.400Z,2013,11,-33.019,-69.987,120.4,1.8,ML,ML,1.8485,Mendoza2022_Meq_to_Mw,Mendoza/YPF 2022,converted_regional,ISC,ISC,1,609259879,,inside_rectangle,single_source,yes,yes,
MZA-03279,2013-11-09T07:41:35.999Z,2013,11,-33.172,-68.898,10,2.2,ML,ML,2.2365,Mendoza2022_Meq_to_Mw,Mendoza/YPF 2022,converted_regional,ISC,ISC,1,609259882,,inside_rectangle,single_source,yes,yes,
MZA-03280,2013-11-10T14:20:23.200Z,2013,11,-32.73,-67.264,175.5,2.9,ML,ML,2.9155,Mendoza2022_Meq_to_Mw,Mendoza/YPF 2022,converted_regional,ISC,ISC,1,609259914,,inside_rectangle,single_source,yes,yes,
MZA-03281,2013-11-11T01:52:28.800Z,2013,11,-32.343,-68.621,126.4,2.2,ML,ML,2.2365,Mendoza2022_Meq_to_Mw,Mendoza/YPF 2022,converted_regional,ISC,ISC,1,609259930,,inside_rectangle,single_source,yes,yes,
MZA-03282,2013-11-11T02:17:40.000Z,2013,11,-32.035,-69.739,103,1.4,ML,ML,1.4605,Mendoza2022_Meq_to_Mw,Mendoza/YPF 2022,converted_regional,ISC,ISC,1,609259932,,inside_rectangle,single_source,yes,yes,
MZA-03283,2013-11-11T11:48:04.780Z,2013,11,-33.1568,-68.7156,15.8,3.7,mb,mb,3.8148,Mendoza2022_mb_to_Mw,Mendoza/YPF 2022,converted_regional,ISC,ISC + USGS,2,603990629,usb000kz53,inside_rectangle,accepted_auto,yes,yes,
MZA-03284,2013-11-12T20:54:09.400Z,2013,11,-32.352,-68.829,10.2,1.6,ML,ML,1.6545,Mendoza2022_Meq_to_Mw,Mendoza/YPF 2022,converted_regional,ISC,ISC,1,609259975,,inside_rectangle,single_source,yes,yes,
MZA-03285,2013-11-13T04:07:36.500Z,2013,11,-32.903,-67.393,10,1.4,ML,ML,1.4605,Mendoza2022_Meq_to_Mw,Mendoza/YPF 2022,converted_regional,ISC,ISC,1,609259990,,inside_rectangle,single_source,yes,yes,
MZA-03286,2013-11-14T17:38:09.400Z,2013,11,-32.112,-69.425,120.2,1.9,ML,ML,1.9455,Mendoza2022_Meq_to_Mw,Mendoza/YPF 2022,converted_regional,ISC,ISC,1,609260027,,inside_rectangle,single_source,yes,yes,
MZA-03287,2013-11-15T06:19:11.320Z,2013,11,-32.6573,-67.6047,13.3,5.5,mb,mb,4.812,Mendoza2022_mb_to_Mw,Mendoza/YPF 2022,converted_regional,ISC,ISC + USGS,2,603791756,usb000kyrl,inside_rectangle,accepted_auto,yes,yes,
MZA-03288,2013-11-15T06:29:25.200Z,2013,11,-32.599,-67.669,10,2.3,ML,ML,2.3335,Mendoza2022_Meq_to_Mw,Mendoza/YPF 2022,converted_regional,ISC,ISC,1,609260039,,inside_rectangle,single_source,yes,yes,
MZA-03289,2013-11-15T07:16:14.300Z,2013,11,-32.628,-67.624,15.1,3.8,ML,ML,3.7885,Mendoza2022_Meq_to_Mw,Mendoza/YPF 2022,converted_regional,ISC,ISC,1,609260041,,inside_rectangle,single_source,yes,yes,
MZA-03290,2013-11-15T08:58:35.400Z,2013,11,-32.661,-67.649,5.9,2.9,ML,ML,2.9155,Mendoza2022_Meq_to_Mw,Mendoza/YPF 2022,converted_regional,ISC,ISC,1,609260043,,inside_rectangle,single_source,yes,yes,
MZA-03291,2013-11-15T15:08:19.800Z,2013,11,-32.754,-67.775,19.7,2.2,ML,ML,2.2365,Mendoza2022_Meq_to_Mw,Mendoza/YPF 2022,converted_regional,ISC,ISC,1,609260050,,inside_rectangle,single_source,yes,yes,
MZA-03292,2013-11-15T15:20:20.800Z,2013,11,-32.584,-68.85,130.7,1.9,ML,ML,1.9455,Mendoza2022_Meq_to_Mw,Mendoza/YPF 2022,converted_regional,ISC,ISC,1,609260051,,inside_rectangle,single_source,yes,yes,
MZA-03293,2013-11-15T15:45:24.800Z,2013,11,-32.648,-67.683,21.5,1.7,ML,ML,1.7515,Mendoza2022_Meq_to_Mw,Mendoza/YPF 2022,converted_regional,ISC,ISC,1,609260052,,inside_rectangle,single_source,yes,yes,
MZA-03294,2013-11-15T18:01:12.500Z,2013,11,-32.606,-67.636,20.5,2,ML,ML,2.0425,Mendoza2022_Meq_to_Mw,Mendoza/YPF 2022,converted_regional,ISC,ISC,1,609260056,,inside_rectangle,single_source,yes,yes,
MZA-03295,2013-11-16T05:19:16.300Z,2013,11,-32.629,-67.67,17.1,1.7,ML,ML,1.7515,Mendoza2022_Meq_to_Mw,Mendoza/YPF 2022,converted_regional,ISC,ISC,1,609260102,,inside_rectangle,single_source,yes,yes,
MZA-03296,2013-11-18T20:51:34.700Z,2013,11,-32.631,-67.669,27.9,2,ML,ML,2.0425,Mendoza2022_Meq_to_Mw,Mendoza/YPF 2022,converted_regional,ISC,ISC,1,609260168,,inside_rectangle,single_source,yes,yes,
MZA-03297,2013-11-19T02:12:23.199Z,2013,11,-34.165,-68.869,8.6,2.5,ML,ML,2.5275,Mendoza2022_Meq_to_Mw,Mendoza/YPF 2022,converted_regional,ISC,ISC,1,609260175,,inside_rectangle,single_source,yes,yes,
MZA-03298,2013-11-19T14:33:50.700Z,2013,11,-32.449,-69.906,113.9,1.8,ML,ML,1.8485,Mendoza2022_Meq_to_Mw,Mendoza/YPF 2022,converted_regional,ISC,ISC,1,609260183,,inside_rectangle,single_source,yes,yes,
MZA-03299,2013-11-19T14:47:19.800Z,2013,11,-32.672,-67.648,19.9,1.7,ML,ML,1.7515,Mendoza2022_Meq_to_Mw,Mendoza/YPF 2022,converted_regional,ISC,ISC,1,609260184,,inside_rectangle,single_source,yes,yes,
MZA-03300,2013-11-19T21:13:41.500Z,2013,11,-32.725,-68.526,10,3.1,ML,ML,3.1095,Mendoza2022_Meq_to_Mw,Mendoza/YPF 2022,converted_regional,ISC,ISC,1,609260189,,inside_rectangle,single_source,yes,yes,
MZA-03301,2013-11-20T06:38:38.800Z,2013,11,-32.083,-69.999,123.4,1.9,ML,ML,1.9455,Mendoza2022_Meq_to_Mw,Mendoza/YPF 2022,converted_regional,ISC,ISC,1,609260199,,inside_rectangle,single_source,yes,yes,
MZA-03302,2013-11-20T13:22:08.900Z,2013,11,-32.621,-67.22,8.2,2.7,ML,ML,2.7215,Mendoza2022_Meq_to_Mw,Mendoza/YPF 2022,converted_regional,ISC,ISC,1,609260207,,inside_rectangle,single_source,yes,yes,
MZA-03303,2013-11-20T13:50:31.600Z,2013,11,-32.695,-67.226,10.1,2.1,ML,ML,2.1395,Mendoza2022_Meq_to_Mw,Mendoza/YPF 2022,converted_regional,ISC,ISC,1,609260208,,inside_rectangle,single_source,yes,yes,
MZA-03304,2013-11-20T15:53:04.000Z,2013,11,-33.468,-69.819,33,2.7,MW,Mw,2.7,reported_Mw,ISC/USGS,direct,ISC,ISC,1,609260212,,inside_rectangle,single_source,yes,yes,
MZA-03305,2013-11-20T17:43:06.400Z,2013,11,-32.793,-69.99,114.8,2.6,ML,ML,2.6245,Mendoza2022_Meq_to_Mw,Mendoza/YPF 2022,converted_regional,ISC,ISC,1,609260213,,inside_rectangle,single_source,yes,yes,
MZA-03306,2013-11-21T06:14:31.199Z,2013,11,-33.4,-69.271,136.1,2.4,ML,ML,2.4305,Mendoza2022_Meq_to_Mw,Mendoza/YPF 2022,converted_regional,ISC,ISC,1,606503859,,inside_rectangle,single_source,yes,yes,
MZA-03307,2013-11-21T12:07:36.600Z,2013,11,-32.554,-69.178,9.7,2.5,ML,ML,2.5275,Mendoza2022_Meq_to_Mw,Mendoza/YPF 2022,converted_regional,ISC,ISC,1,609260238,,inside_rectangle,single_source,yes,yes,
MZA-03308,2013-11-21T17:15:56.600Z,2013,11,-32.271,-67.015,10.1,1.2,ML,ML,1.2665,Mendoza2022_Meq_to_Mw,Mendoza/YPF 2022,converted_regional,ISC,ISC,1,609260241,,inside_rectangle,single_source,yes,yes,
MZA-03309,2013-11-23T14:52:01.100Z,2013,11,-32.183,-69.406,105.8,1.9,ML,ML,1.9455,Mendoza2022_Meq_to_Mw,Mendoza/YPF 2022,converted_regional,ISC,ISC,1,609260304,,inside_rectangle,single_source,yes,yes,
MZA-03310,2013-11-23T23:53:08.900Z,2013,11,-32.427,-68.242,42.9,1.3,ML,ML,1.3635,Mendoza2022_Meq_to_Mw,Mendoza/YPF 2022,converted_regional,ISC,ISC,1,609260319,,inside_rectangle,single_source,yes,yes,
MZA-03311,2013-11-24T16:57:32.200Z,2013,11,-32.098,-69.532,29.9,1.8,ML,ML,1.8485,Mendoza2022_Meq_to_Mw,Mendoza/YPF 2022,converted_regional,ISC,ISC,1,609260342,,inside_rectangle,single_source,yes,yes,
MZA-03312,2013-11-24T22:15:45.600Z,2013,11,-32.333,-68.57,104.4,1.9,ML,ML,1.9455,Mendoza2022_Meq_to_Mw,Mendoza/YPF 2022,converted_regional,ISC,ISC,1,609260349,,inside_rectangle,single_source,yes,yes,
MZA-03313,2013-11-25T09:37:48.600Z,2013,11,-32.011,-68.542,110.3,1.5,ML,ML,1.5575,Mendoza2022_Meq_to_Mw,Mendoza/YPF 2022,converted_regional,ISC,ISC,1,609260362,,inside_rectangle,single_source,yes,yes,
MZA-03314,2013-11-25T10:53:15.100Z,2013,11,-32.462,-69.464,13.2,1.7,ML,ML,1.7515,Mendoza2022_Meq_to_Mw,Mendoza/YPF 2022,converted_regional,ISC,ISC,1,609260365,,inside_rectangle,single_source,yes,yes,
MZA-03315,2013-11-25T11:52:18.499Z,2013,11,-32.876,-67.121,40.6,1.6,ML,ML,1.6545,Mendoza2022_Meq_to_Mw,Mendoza/YPF 2022,converted_regional,ISC,ISC,1,609260368,,inside_rectangle,single_source,yes,yes,
MZA-03316,2013-11-26T02:27:13.100Z,2013,11,-32.35,-69.863,114.3,1.7,ML,ML,1.7515,Mendoza2022_Meq_to_Mw,Mendoza/YPF 2022,converted_regional,ISC,ISC,1,609260391,,inside_rectangle,single_source,yes,yes,
MZA-03317,2013-11-27T03:40:47.100Z,2013,11,-32.585,-69.116,9.1,2,ML,ML,2.0425,Mendoza2022_Meq_to_Mw,Mendoza/YPF 2022,converted_regional,ISC,ISC,1,609260425,,inside_rectangle,single_source,yes,yes,
MZA-03318,2013-11-27T06:24:12.600Z,2013,11,-32.92,-68.387,27,1.4,ML,ML,1.4605,Mendoza2022_Meq_to_Mw,Mendoza/YPF 2022,converted_regional,ISC,ISC,1,609260431,,inside_rectangle,single_source,yes,yes,
MZA-03319,2013-11-27T07:05:02.300Z,2013,11,-32.831,-68.795,151.7,3.5,ML,ML,3.4975,Mendoza2022_Meq_to_Mw,Mendoza/YPF 2022,converted_regional,ISC,ISC,1,609260432,,inside_rectangle,single_source,yes,yes,
MZA-03320,2013-11-27T12:06:47.400Z,2013,11,-32.056,-69.14,23.1,2.6,ML,ML,2.6245,Mendoza2022_Meq_to_Mw,Mendoza/YPF 2022,converted_regional,ISC,ISC,1,609260440,,inside_rectangle,single_source,yes,yes,
MZA-03321,2013-11-27T20:29:39.800Z,2013,11,-32.009,-68.255,118,2.9,ML,ML,2.9155,Mendoza2022_Meq_to_Mw,Mendoza/YPF 2022,converted_regional,ISC,ISC,1,609260450,,inside_rectangle,single_source,yes,yes,
MZA-03322,2013-11-28T01:19:23.900Z,2013,11,-33.449,-67.862,194.7,2.6,ML,ML,2.6245,Mendoza2022_Meq_to_Mw,Mendoza/YPF 2022,converted_regional,ISC,ISC,1,609260461,,inside_rectangle,single_source,yes,yes,
MZA-03323,2013-11-28T20:45:12.900Z,2013,11,-32.426,-69.62,132.4,2.8,ML,ML,2.8185,Mendoza2022_Meq_to_Mw,Mendoza/YPF 2022,converted_regional,ISC,ISC,1,606503961,,inside_rectangle,single_source,yes,yes,
MZA-03324,2013-11-29T00:17:28.199Z,2013,11,-32.079,-68.3,20,1.3,ML,ML,1.3635,Mendoza2022_Meq_to_Mw,Mendoza/YPF 2022,converted_regional,ISC,ISC,1,609260602,,inside_rectangle,single_source,yes,yes,
MZA-03325,2013-11-29T07:04:26.800Z,2013,11,-32.008,-69.586,115,1.9,ML,ML,1.9455,Mendoza2022_Meq_to_Mw,Mendoza/YPF 2022,converted_regional,ISC,ISC,1,609260619,,inside_rectangle,single_source,yes,yes,
MZA-03326,2013-11-30T07:58:08.300Z,2013,11,-32.352,-67.642,135.7,1.9,ML,ML,1.9455,Mendoza2022_Meq_to_Mw,Mendoza/YPF 2022,converted_regional,ISC,ISC,1,609260659,,inside_rectangle,single_source,yes,yes,
MZA-03327,2013-11-30T21:05:02.500Z,2013,11,-32.44,-67.529,18.4,1.8,ML,ML,1.8485,Mendoza2022_Meq_to_Mw,Mendoza/YPF 2022,converted_regional,ISC,ISC,1,609260677,,inside_rectangle,single_source,yes,yes,
MZA-03328,2013-12-01T17:39:28.100Z,2013,12,-35.699,-67.202,7.3,3.4,ML,ML,3.4005,Mendoza2022_Meq_to_Mw,Mendoza/YPF 2022,converted_regional,ISC,ISC,1,609565180,,inside_rectangle,single_source,yes,yes,
MZA-03329,2013-12-02T01:23:46.780Z,2013,12,-32.1376,-68.0229,126,3.1,ML,ML,3.1095,Mendoza2022_Meq_to_Mw,Mendoza/YPF 2022,converted_regional,ISC,ISC,1,606504040,,inside_rectangle,single_source,yes,yes,
MZA-03330,2013-12-02T13:20:17.230Z,2013,12,-33.0325,-68.9055,14.9,2.8,ML,ML,2.8185,Mendoza2022_Meq_to_Mw,Mendoza/YPF 2022,converted_regional,ISC,ISC,1,606504049,,inside_rectangle,single_source,yes,yes,
MZA-03331,2013-12-03T00:39:51.500Z,2013,12,-32.654,-67.655,20.8,2.1,ML,ML,2.1395,Mendoza2022_Meq_to_Mw,Mendoza/YPF 2022,converted_regional,ISC,ISC,1,609565208,,inside_rectangle,single_source,yes,yes,
MZA-03332,2013-12-03T15:53:20.899Z,2013,12,-32.008,-68.345,113.5,2.5,ML,ML,2.5275,Mendoza2022_Meq_to_Mw,Mendoza/YPF 2022,converted_regional,ISC,ISC,1,609565216,,inside_rectangle,single_source,yes,yes,
MZA-03333,2013-12-04T04:50:55.400Z,2013,12,-32.328,-69.781,114.3,2.7,ML,ML,2.7215,Mendoza2022_Meq_to_Mw,Mendoza/YPF 2022,converted_regional,ISC,ISC,1,609565225,,inside_rectangle,single_source,yes,yes,
MZA-03334,2013-12-06T00:14:17.000Z,2013,12,-33.825,-69.396,7.8,2.2,ML,ML,2.2365,Mendoza2022_Meq_to_Mw,Mendoza/YPF 2022,converted_regional,ISC,ISC,1,609565254,,inside_rectangle,single_source,yes,yes,
MZA-03335,2013-12-06T17:55:49.500Z,2013,12,-32.146,-68.417,123.4,3.3,ML,ML,3.3035,Mendoza2022_Meq_to_Mw,Mendoza/YPF 2022,converted_regional,ISC,ISC,1,609565264,,inside_rectangle,single_source,yes,yes,
MZA-03336,2013-12-10T14:20:32.400Z,2013,12,-32.091,-69.246,12.4,2.4,ML,ML,2.4305,Mendoza2022_Meq_to_Mw,Mendoza/YPF 2022,converted_regional,ISC,ISC,1,609565344,,inside_rectangle,single_source,yes,yes,
MZA-03337,2013-12-10T15:18:02.500Z,2013,12,-32.858,-68.478,150.9,3.3,ML,ML,3.3035,Mendoza2022_Meq_to_Mw,Mendoza/YPF 2022,converted_regional,ISC,ISC,1,609565345,,inside_rectangle,single_source,yes,yes,
MZA-03338,2013-12-10T15:27:29.000Z,2013,12,-32.093,-68.987,16.8,2.2,ML,ML,2.2365,Mendoza2022_Meq_to_Mw,Mendoza/YPF 2022,converted_regional,ISC,ISC,1,609565346,,inside_rectangle,single_source,yes,yes,
MZA-03339,2013-12-10T19:41:03.700Z,2013,12,-32.635,-69.623,112,2.1,ML,ML,2.1395,Mendoza2022_Meq_to_Mw,Mendoza/YPF 2022,converted_regional,ISC,ISC,1,609565351,,inside_rectangle,single_source,yes,yes,
MZA-03340,2013-12-11T09:26:58.800Z,2013,12,-32.378,-68.394,135.3,1.8,ML,ML,1.8485,Mendoza2022_Meq_to_Mw,Mendoza/YPF 2022,converted_regional,ISC,ISC,1,609565359,,inside_rectangle,single_source,yes,yes,
MZA-03341,2013-12-11T21:34:36.700Z,2013,12,-33.592,-69.207,10,1.9,ML,ML,1.9455,Mendoza2022_Meq_to_Mw,Mendoza/YPF 2022,converted_regional,ISC,ISC,1,609565377,,inside_rectangle,single_source,yes,yes,
MZA-03342,2013-12-12T16:17:28.200Z,2013,12,-33.171,-69.592,5,2,ML,ML,2.0425,Mendoza2022_Meq_to_Mw,Mendoza/YPF 2022,converted_regional,ISC,ISC,1,609565393,,inside_rectangle,single_source,yes,yes,
MZA-03343,2013-12-12T16:51:05.530Z,2013,12,-32.4546,-69.6899,128.3,2.8,ML,ML,2.8185,Mendoza2022_Meq_to_Mw,Mendoza/YPF 2022,converted_regional,ISC,ISC,1,606504431,,inside_rectangle,single_source,yes,yes,
MZA-03344,2013-12-16T23:02:03.600Z,2013,12,-34.249,-69.071,172.4,2.7,ML,ML,2.7215,Mendoza2022_Meq_to_Mw,Mendoza/YPF 2022,converted_regional,ISC,ISC,1,609565442,,inside_rectangle,single_source,yes,yes,
MZA-03345,2013-12-17T06:13:59.300Z,2013,12,-33.235,-69.145,22.2,2,ML,ML,2.0425,Mendoza2022_Meq_to_Mw,Mendoza/YPF 2022,converted_regional,ISC,ISC,1,609565448,,inside_rectangle,single_source,yes,yes,
MZA-03346,2013-12-18T00:56:02.399Z,2013,12,-32.108,-67.427,26.6,1.9,ML,ML,1.9455,Mendoza2022_Meq_to_Mw,Mendoza/YPF 2022,converted_regional,ISC,ISC,1,609565461,,inside_rectangle,single_source,yes,yes,
MZA-03347,2013-12-18T20:55:44.400Z,2013,12,-32.325,-67.694,15.8,3.2,ML,ML,3.2065,Mendoza2022_Meq_to_Mw,Mendoza/YPF 2022,converted_regional,ISC,ISC,1,609565475,,inside_rectangle,single_source,yes,yes,
MZA-03348,2013-12-19T03:16:36.900Z,2013,12,-32.352,-69.68,126.2,2.7,ML,ML,2.7215,Mendoza2022_Meq_to_Mw,Mendoza/YPF 2022,converted_regional,ISC,ISC,1,609565487,,inside_rectangle,single_source,yes,yes,
MZA-03349,2013-12-19T03:44:32.000Z,2013,12,-32.216,-69.486,111.1,2.7,ML,ML,2.7215,Mendoza2022_Meq_to_Mw,Mendoza/YPF 2022,converted_regional,ISC,ISC,1,609565489,,inside_rectangle,single_source,yes,yes,
MZA-03350,2013-12-19T11:29:10.200Z,2013,12,-32.51,-69.005,18.4,2.1,ML,ML,2.1395,Mendoza2022_Meq_to_Mw,Mendoza/YPF 2022,converted_regional,ISC,ISC,1,609565495,,inside_rectangle,single_source,yes,yes,
MZA-03351,2013-12-19T12:51:04.200Z,2013,12,-32.295,-69.618,111.7,2.3,ML,ML,2.3335,Mendoza2022_Meq_to_Mw,Mendoza/YPF 2022,converted_regional,ISC,ISC,1,609565497,,inside_rectangle,single_source,yes,yes,
MZA-03352,2013-12-20T08:27:32.900Z,2013,12,-32.041,-68.342,22,2.3,ML,ML,2.3335,Mendoza2022_Meq_to_Mw,Mendoza/YPF 2022,converted_regional,ISC,ISC,1,609565503,,inside_rectangle,single_source,yes,yes,
MZA-03353,2013-12-20T09:28:29.000Z,2013,12,-32.102,-68.405,28,1.8,ML,ML,1.8485,Mendoza2022_Meq_to_Mw,Mendoza/YPF 2022,converted_regional,ISC,ISC,1,609565504,,inside_rectangle,single_source,yes,yes,
MZA-03354,2013-12-20T20:24:14.400Z,2013,12,-33.057,-68.901,19,2.9,ML,ML,2.9155,Mendoza2022_Meq_to_Mw,Mendoza/YPF 2022,converted_regional,ISC,ISC,1,609565508,,inside_rectangle,single_source,yes,yes,
MZA-03355,2013-12-21T04:19:08.600Z,2013,12,-32.135,-68.703,12.9,1.8,ML,ML,1.8485,Mendoza2022_Meq_to_Mw,Mendoza/YPF 2022,converted_regional,ISC,ISC,1,609565513,,inside_rectangle,single_source,yes,yes,
MZA-03356,2013-12-22T05:37:04.540Z,2013,12,-32.5609,-69.794,127.5,3.4,ML,ML,3.4005,Mendoza2022_Meq_to_Mw,Mendoza/YPF 2022,converted_regional,ISC,ISC,1,606504685,,inside_rectangle,single_source,yes,yes,
MZA-03357,2013-12-23T02:50:48.700Z,2013,12,-33.204,-68.73,25.4,2.1,ML,ML,2.1395,Mendoza2022_Meq_to_Mw,Mendoza/YPF 2022,converted_regional,ISC,ISC,1,609565564,,inside_rectangle,single_source,yes,yes,
MZA-03358,2013-12-24T18:47:51.300Z,2013,12,-32.694,-67.677,16.4,2.5,ML,ML,2.5275,Mendoza2022_Meq_to_Mw,Mendoza/YPF 2022,converted_regional,ISC,ISC,1,609565594,,inside_rectangle,single_source,yes,yes,
MZA-03359,2013-12-25T18:04:57.000Z,2013,12,-32.231,-67.795,161.5,2,ML,ML,2.0425,Mendoza2022_Meq_to_Mw,Mendoza/YPF 2022,converted_regional,ISC,ISC,1,609565602,,inside_rectangle,single_source,yes,yes,
MZA-03360,2013-12-26T00:09:39.000Z,2013,12,-33.277,-68.314,16.1,2.8,ML,ML,2.8185,Mendoza2022_Meq_to_Mw,Mendoza/YPF 2022,converted_regional,ISC,ISC,1,609565605,,inside_rectangle,single_source,yes,yes,
MZA-03361,2013-12-26T05:12:04.500Z,2013,12,-33.416,-68.196,28.3,3.2,ML,ML,3.2065,Mendoza2022_Meq_to_Mw,Mendoza/YPF 2022,converted_regional,ISC,ISC,1,606504801,,inside_rectangle,single_source,yes,yes,
MZA-03362,2013-12-26T06:13:38.270Z,2013,12,-32.4567,-69.7207,111.9,2.8,ML,ML,2.8185,Mendoza2022_Meq_to_Mw,Mendoza/YPF 2022,converted_regional,ISC,ISC,1,606504803,,inside_rectangle,single_source,yes,yes,
MZA-03363,2013-12-28T08:18:03.700Z,2013,12,-32.613,-67.667,5.6,2.4,ML,ML,2.4305,Mendoza2022_Meq_to_Mw,Mendoza/YPF 2022,converted_regional,ISC,ISC,1,609565627,,inside_rectangle,single_source,yes,yes,
MZA-03364,2013-12-29T01:21:57.500Z,2013,12,-33.516,-68.898,21.5,2.1,ML,ML,2.1395,Mendoza2022_Meq_to_Mw,Mendoza/YPF 2022,converted_regional,ISC,ISC,1,609565636,,inside_rectangle,single_source,yes,yes,
MZA-03365,2013-12-29T07:22:36.000Z,2013,12,-32.584,-69.981,123,2.5,ML,ML,2.5275,Mendoza2022_Meq_to_Mw,Mendoza/YPF 2022,converted_regional,ISC,ISC,1,609565642,,inside_rectangle,single_source,yes,yes,
MZA-03366,2013-12-30T06:19:21.199Z,2013,12,-33.299,-69.319,7.4,2.7,ML,ML,2.7215,Mendoza2022_Meq_to_Mw,Mendoza/YPF 2022,converted_regional,ISC,ISC,1,609565665,,inside_rectangle,single_source,yes,yes,
MZA-03367,2014-01-03T03:18:15.000Z,2014,1,-32.845,-68.94,124.2,3.2,ML,ML,3.2065,Mendoza2022_Meq_to_Mw,Mendoza/YPF 2022,converted_regional,ISC,ISC,1,609619842,,inside_rectangle,single_source,yes,yes,
MZA-03368,2014-01-03T19:26:34.099Z,2014,1,-32.138,-69.456,123.7,1.9,ML,ML,1.9455,Mendoza2022_Meq_to_Mw,Mendoza/YPF 2022,converted_regional,ISC,ISC,1,609619851,,inside_rectangle,single_source,yes,yes,
MZA-03369,2014-01-04T04:12:29.600Z,2014,1,-34.485,-69.832,10,2.3,ML,ML,2.3335,Mendoza2022_Meq_to_Mw,Mendoza/YPF 2022,converted_regional,ISC,ISC,1,609619861,,inside_rectangle,single_source,yes,yes,
MZA-03370,2014-01-04T10:12:46.100Z,2014,1,-33.161,-68.774,30,2,ML,ML,2.0425,Mendoza2022_Meq_to_Mw,Mendoza/YPF 2022,converted_regional,ISC,ISC,1,609619865,,inside_rectangle,single_source,yes,yes,
MZA-03371,2014-01-05T23:24:27.800Z,2014,1,-32.258,-68.547,124,3.2,ML,ML,3.2065,Mendoza2022_Meq_to_Mw,Mendoza/YPF 2022,converted_regional,ISC,ISC,1,609619896,,inside_rectangle,single_source,yes,yes,
MZA-03372,2014-01-06T23:06:37.900Z,2014,1,-32.661,-68.058,147.4,2.5,ML,ML,2.5275,Mendoza2022_Meq_to_Mw,Mendoza/YPF 2022,converted_regional,ISC,ISC,1,609619909,,inside_rectangle,single_source,yes,yes,
MZA-03373,2014-01-07T22:38:34.400Z,2014,1,-32.724,-68.335,131.5,2,ML,ML,2.0425,Mendoza2022_Meq_to_Mw,Mendoza/YPF 2022,converted_regional,ISC,ISC,1,609619926,,inside_rectangle,single_source,yes,yes,
MZA-03374,2014-01-08T06:28:14.000Z,2014,1,-32.996,-68.266,30.2,2,ML,ML,2.0425,Mendoza2022_Meq_to_Mw,Mendoza/YPF 2022,converted_regional,ISC,ISC,1,609619931,,inside_rectangle,single_source,yes,yes,
MZA-03375,2014-01-09T05:15:09.100Z,2014,1,-33.184,-67.428,200.7,2.1,ML,ML,2.1395,Mendoza2022_Meq_to_Mw,Mendoza/YPF 2022,converted_regional,ISC,ISC,1,609619943,,inside_rectangle,single_source,yes,yes,
MZA-03376,2014-01-10T11:39:01.600Z,2014,1,-32.033,-68.457,119.8,2.3,ML,ML,2.3335,Mendoza2022_Meq_to_Mw,Mendoza/YPF 2022,converted_regional,ISC,ISC,1,609619958,,inside_rectangle,single_source,yes,yes,
MZA-03377,2014-01-10T14:55:05.700Z,2014,1,-33.2,-69.068,17.2,2.3,ML,ML,2.3335,Mendoza2022_Meq_to_Mw,Mendoza/YPF 2022,converted_regional,ISC,ISC,1,609619961,,inside_rectangle,single_source,yes,yes,
MZA-03378,2014-01-10T19:52:14.500Z,2014,1,-33.567,-68.743,10,2.2,ML,ML,2.2365,Mendoza2022_Meq_to_Mw,Mendoza/YPF 2022,converted_regional,ISC,ISC,1,609619965,,inside_rectangle,single_source,yes,yes,
MZA-03379,2014-01-10T20:52:11.930Z,2014,1,-33.8755,-68.1381,23.3,4,ML,ML,3.9825,Mendoza2022_Meq_to_Mw,Mendoza/YPF 2022,converted_regional,ISC,ISC,1,606909382,,inside_rectangle,single_source,yes,yes,
MZA-03380,2014-01-12T03:52:29.200Z,2014,1,-32.572,-67.103,10.3,3.5,ML,ML,3.4975,Mendoza2022_Meq_to_Mw,Mendoza/YPF 2022,converted_regional,ISC,ISC,1,609619986,,inside_rectangle,single_source,yes,yes,
MZA-03381,2014-01-14T11:01:38.900Z,2014,1,-33.045,-67.994,171.5,2.6,ML,ML,2.6245,Mendoza2022_Meq_to_Mw,Mendoza/YPF 2022,converted_regional,ISC,ISC,1,609620017,,inside_rectangle,single_source,yes,yes,
MZA-03382,2014-01-14T23:47:59.500Z,2014,1,-34.132,-68.741,10.8,2.3,ML,ML,2.3335,Mendoza2022_Meq_to_Mw,Mendoza/YPF 2022,converted_regional,ISC,ISC,1,609620026,,inside_rectangle,single_source,yes,yes,
MZA-03383,2014-01-14T23:52:59.900Z,2014,1,-32.134,-68.486,121.8,2.1,ML,ML,2.1395,Mendoza2022_Meq_to_Mw,Mendoza/YPF 2022,converted_regional,ISC,ISC,1,609620027,,inside_rectangle,single_source,yes,yes,
MZA-03384,2014-01-15T15:43:57.200Z,2014,1,-32.165,-67.596,20.3,2.3,ML,ML,2.3335,Mendoza2022_Meq_to_Mw,Mendoza/YPF 2022,converted_regional,ISC,ISC,1,609620044,,inside_rectangle,single_source,yes,yes,
MZA-03385,2014-01-16T00:09:21.699Z,2014,1,-33.9,-68.582,13.6,2.5,ML,ML,2.5275,Mendoza2022_Meq_to_Mw,Mendoza/YPF 2022,converted_regional,ISC,ISC,1,609620057,,inside_rectangle,single_source,yes,yes,
MZA-03386,2014-01-16T23:20:07.300Z,2014,1,-34.413,-68.458,11.4,2.3,ML,ML,2.3335,Mendoza2022_Meq_to_Mw,Mendoza/YPF 2022,converted_regional,ISC,ISC,1,609620081,,inside_rectangle,single_source,yes,yes,
MZA-03387,2014-01-17T16:56:53.100Z,2014,1,-32.053,-68.437,119.7,2,ML,ML,2.0425,Mendoza2022_Meq_to_Mw,Mendoza/YPF 2022,converted_regional,ISC,ISC,1,609620098,,inside_rectangle,single_source,yes,yes,
MZA-03388,2014-01-20T07:02:55.900Z,2014,1,-33.158,-69.99,118.2,2.1,ML,ML,2.1395,Mendoza2022_Meq_to_Mw,Mendoza/YPF 2022,converted_regional,ISC,ISC,1,609620145,,inside_rectangle,single_source,yes,yes,
MZA-03389,2014-01-23T01:34:01.700Z,2014,1,-33.303,-68.87,27.5,2.6,ML,ML,2.6245,Mendoza2022_Meq_to_Mw,Mendoza/YPF 2022,converted_regional,ISC,ISC,1,609620191,,inside_rectangle,single_source,yes,yes,
MZA-03390,2014-01-23T10:10:25.900Z,2014,1,-32.445,-69.664,121.3,2.3,ML,ML,2.3335,Mendoza2022_Meq_to_Mw,Mendoza/YPF 2022,converted_regional,ISC,ISC,1,609620197,,inside_rectangle,single_source,yes,yes,
MZA-03391,2014-01-25T06:32:58.200Z,2014,1,-32.628,-68.947,24.9,2.5,ML,ML,2.5275,Mendoza2022_Meq_to_Mw,Mendoza/YPF 2022,converted_regional,ISC,ISC,1,609620233,,inside_rectangle,single_source,yes,yes,
MZA-03392,2014-01-26T04:19:26.300Z,2014,1,-32.592,-67.354,6,2.6,ML,ML,2.6245,Mendoza2022_Meq_to_Mw,Mendoza/YPF 2022,converted_regional,ISC,ISC,1,609620241,,inside_rectangle,single_source,yes,yes,
MZA-03393,2014-01-26T13:44:14.500Z,2014,1,-32.484,-69.713,123.1,2.5,ML,ML,2.5275,Mendoza2022_Meq_to_Mw,Mendoza/YPF 2022,converted_regional,ISC,ISC,1,609620246,,inside_rectangle,single_source,yes,yes,
MZA-03394,2014-01-30T01:08:16.800Z,2014,1,-33.038,-68.876,22.6,2.3,ML,ML,2.3335,Mendoza2022_Meq_to_Mw,Mendoza/YPF 2022,converted_regional,ISC,ISC,1,609620325,,inside_rectangle,single_source,yes,yes,
MZA-03395,2014-01-31T05:04:09.500Z,2014,1,-32.392,-67.455,144,2.4,ML,ML,2.4305,Mendoza2022_Meq_to_Mw,Mendoza/YPF 2022,converted_regional,ISC,ISC,1,609620353,,inside_rectangle,single_source,yes,yes,
MZA-03396,2014-01-31T17:02:12.300Z,2014,1,-32.163,-69.595,112.4,2.1,ML,ML,2.1395,Mendoza2022_Meq_to_Mw,Mendoza/YPF 2022,converted_regional,ISC,ISC,1,609620361,,inside_rectangle,single_source,yes,yes,
MZA-03397,2014-02-02T20:02:46.410Z,2014,2,-32.5747,-69.8921,120.8,4.3,mb,mb,4.1472,Mendoza2022_mb_to_Mw,Mendoza/YPF 2022,converted_regional,ISC,ISC + USGS,2,606910388,usc000msq0,inside_rectangle,accepted_auto,yes,yes,
MZA-03398,2014-02-03T02:49:12.800Z,2014,2,-32.114,-68.429,119.7,2.5,ML,ML,2.5275,Mendoza2022_Meq_to_Mw,Mendoza/YPF 2022,converted_regional,ISC,ISC,1,609757848,,inside_rectangle,single_source,yes,yes,
MZA-03399,2014-02-03T04:07:51.500Z,2014,2,-32.51,-67.348,12.6,2.2,ML,ML,2.2365,Mendoza2022_Meq_to_Mw,Mendoza/YPF 2022,converted_regional,ISC,ISC,1,609757850,,inside_rectangle,single_source,yes,yes,
MZA-03400,2014-02-07T07:54:28.900Z,2014,2,-33.21,-68.778,20.8,3.1,ML,ML,3.1095,Mendoza2022_Meq_to_Mw,Mendoza/YPF 2022,converted_regional,ISC,ISC,1,606777563,,inside_rectangle,single_source,yes,yes,
MZA-03401,2014-02-07T08:20:53.700Z,2014,2,-33.244,-68.795,6.9,2.7,ML,ML,2.7215,Mendoza2022_Meq_to_Mw,Mendoza/YPF 2022,converted_regional,ISC,ISC,1,609758016,,inside_rectangle,single_source,yes,yes,
MZA-03402,2014-02-08T20:48:23.200Z,2014,2,-34.289,-69.805,194.5,2.6,ML,ML,2.6245,Mendoza2022_Meq_to_Mw,Mendoza/YPF 2022,converted_regional,ISC,ISC,1,609758053,,inside_rectangle,single_source,yes,yes,
MZA-03403,2014-02-09T20:00:38.100Z,2014,2,-32.316,-69.67,113.4,2.2,ML,ML,2.2365,Mendoza2022_Meq_to_Mw,Mendoza/YPF 2022,converted_regional,ISC,ISC,1,609758091,,inside_rectangle,single_source,yes,yes,
MZA-03404,2014-02-10T03:54:57.400Z,2014,2,-32.633,-68.806,128.2,2.2,ML,ML,2.2365,Mendoza2022_Meq_to_Mw,Mendoza/YPF 2022,converted_regional,ISC,ISC,1,609758122,,inside_rectangle,single_source,yes,yes,
MZA-03405,2014-02-11T10:30:53.400Z,2014,2,-32.94,-69.165,30.4,2.5,ML,ML,2.5275,Mendoza2022_Meq_to_Mw,Mendoza/YPF 2022,converted_regional,ISC,ISC,1,609758149,,inside_rectangle,single_source,yes,yes,
MZA-03406,2014-02-11T15:57:13.500Z,2014,2,-32.414,-69.24,108.1,2.6,ML,ML,2.6245,Mendoza2022_Meq_to_Mw,Mendoza/YPF 2022,converted_regional,ISC,ISC,1,609758151,,inside_rectangle,single_source,yes,yes,
MZA-03407,2014-02-12T10:06:14.900Z,2014,2,-33.37,-68.526,19.3,2.4,ML,ML,2.4305,Mendoza2022_Meq_to_Mw,Mendoza/YPF 2022,converted_regional,ISC,ISC,1,609758183,,inside_rectangle,single_source,yes,yes,
MZA-03408,2014-02-12T19:26:18.700Z,2014,2,-33.591,-68.325,17.4,2.3,ML,ML,2.3335,Mendoza2022_Meq_to_Mw,Mendoza/YPF 2022,converted_regional,ISC,ISC,1,609758189,,inside_rectangle,single_source,yes,yes,
MZA-03409,2014-02-14T01:11:28.520Z,2014,2,-32.0322,-68.4835,121,4,mb,mb,3.981,Mendoza2022_mb_to_Mw,Mendoza/YPF 2022,converted_regional,ISC,ISC + USGS,2,604368532,usb000my3y,inside_rectangle,accepted_auto,yes,yes,
MZA-03410,2014-02-14T15:29:35.800Z,2014,2,-32.842,-67.887,154.1,2.5,ML,ML,2.5275,Mendoza2022_Meq_to_Mw,Mendoza/YPF 2022,converted_regional,ISC,ISC,1,609758253,,inside_rectangle,single_source,yes,yes,
MZA-03411,2014-02-15T00:53:21.500Z,2014,2,-33.428,-68.363,17.8,2.2,ML,ML,2.2365,Mendoza2022_Meq_to_Mw,Mendoza/YPF 2022,converted_regional,ISC,ISC,1,609758285,,inside_rectangle,single_source,yes,yes,
MZA-03412,2014-02-15T11:56:12.800Z,2014,2,-32.032,-69.249,110.3,2,ML,ML,2.0425,Mendoza2022_Meq_to_Mw,Mendoza/YPF 2022,converted_regional,ISC,ISC,1,609758289,,inside_rectangle,single_source,yes,yes,
MZA-03413,2014-02-18T06:06:24.100Z,2014,2,-33.017,-68.939,22.4,2.4,ML,ML,2.4305,Mendoza2022_Meq_to_Mw,Mendoza/YPF 2022,converted_regional,ISC,ISC,1,609758399,,inside_rectangle,single_source,yes,yes,
MZA-03414,2014-02-18T17:26:05.300Z,2014,2,-32.374,-69.287,38.5,1.9,ML,ML,1.9455,Mendoza2022_Meq_to_Mw,Mendoza/YPF 2022,converted_regional,ISC,ISC,1,609758406,,inside_rectangle,single_source,yes,yes,
MZA-03415,2014-02-18T23:22:20.600Z,2014,2,-33.016,-68.851,21.7,2,ML,ML,2.0425,Mendoza2022_Meq_to_Mw,Mendoza/YPF 2022,converted_regional,ISC,ISC,1,609758412,,inside_rectangle,single_source,yes,yes,
MZA-03416,2014-02-19T13:42:06.320Z,2014,2,-32.2477,-69.4756,117.4,3.3,ML,ML,3.3035,Mendoza2022_Meq_to_Mw,Mendoza/YPF 2022,converted_regional,ISC,ISC,1,606777790,,inside_rectangle,single_source,yes,yes,
MZA-03417,2014-02-19T16:29:00.100Z,2014,2,-33.256,-68.269,26.5,2.9,ML,ML,2.9155,Mendoza2022_Meq_to_Mw,Mendoza/YPF 2022,converted_regional,ISC,ISC,1,609758461,,inside_rectangle,single_source,yes,yes,
MZA-03418,2014-02-21T12:06:42.799Z,2014,2,-32.609,-68.647,134.2,2.6,ML,ML,2.6245,Mendoza2022_Meq_to_Mw,Mendoza/YPF 2022,converted_regional,ISC,ISC,1,609758545,,inside_rectangle,single_source,yes,yes,
MZA-03419,2014-02-21T17:30:54.600Z,2014,2,-33.807,-68.748,3.3,2.1,ML,ML,2.1395,Mendoza2022_Meq_to_Mw,Mendoza/YPF 2022,converted_regional,ISC,ISC,1,609758547,,inside_rectangle,single_source,yes,yes,
MZA-03420,2014-02-25T15:11:51.420Z,2014,2,-32.1506,-69.5006,113.5,3,ML,ML,3.0125,Mendoza2022_Meq_to_Mw,Mendoza/YPF 2022,converted_regional,ISC,ISC,1,606785788,,inside_rectangle,single_source,yes,yes,
MZA-03421,2014-02-27T04:08:00.699Z,2014,2,-32.971,-68.723,5.9,2,ML,ML,2.0425,Mendoza2022_Meq_to_Mw,Mendoza/YPF 2022,converted_regional,ISC,ISC,1,609758736,,inside_rectangle,single_source,yes,yes,
MZA-03422,2014-02-27T07:29:56.200Z,2014,2,-33.363,-68.589,24.1,1.9,ML,ML,1.9455,Mendoza2022_Meq_to_Mw,Mendoza/YPF 2022,converted_regional,ISC,ISC,1,609758738,,inside_rectangle,single_source,yes,yes,
MZA-03423,2014-02-27T17:13:31.400Z,2014,2,-33.506,-68.241,19.9,3.3,ML,ML,3.3035,Mendoza2022_Meq_to_Mw,Mendoza/YPF 2022,converted_regional,ISC,ISC,1,609758746,,inside_rectangle,single_source,yes,yes,
MZA-03424,2014-02-27T23:15:01.000Z,2014,2,-33.589,-67.756,199,2.4,ML,ML,2.4305,Mendoza2022_Meq_to_Mw,Mendoza/YPF 2022,converted_regional,ISC,ISC,1,609758751,,inside_rectangle,single_source,yes,yes,
MZA-03425,2014-03-01T08:04:47.300Z,2014,3,-32.601,-69.704,115.9,3,ML,ML,3.0125,Mendoza2022_Meq_to_Mw,Mendoza/YPF 2022,converted_regional,ISC,ISC,1,610038964,,inside_rectangle,single_source,yes,yes,
MZA-03426,2014-03-03T03:48:51.200Z,2014,3,-32.858,-68.29,4.6,2.6,ML,ML,2.6245,Mendoza2022_Meq_to_Mw,Mendoza/YPF 2022,converted_regional,ISC,ISC,1,610038971,,inside_rectangle,single_source,yes,yes,
MZA-03427,2014-03-03T20:45:45.000Z,2014,3,-33.019,-68.867,152.1,3.1,ML,ML,3.1095,Mendoza2022_Meq_to_Mw,Mendoza/YPF 2022,converted_regional,ISC,ISC,1,607920279,,inside_rectangle,single_source,yes,yes,
MZA-03428,2014-03-04T16:19:55.440Z,2014,3,-32.0336,-69.6266,111,4.1,mb,mb,4.0364,Mendoza2022_mb_to_Mw,Mendoza/YPF 2022,converted_regional,ISC,ISC + USGS,2,606911776,usc000nb72,inside_rectangle,accepted_auto,yes,yes,
MZA-03429,2014-03-06T15:03:21.500Z,2014,3,-34.472,-69.522,17.2,3.3,ML,ML,3.3035,Mendoza2022_Meq_to_Mw,Mendoza/YPF 2022,converted_regional,ISC,ISC,1,610038979,,inside_rectangle,single_source,yes,yes,
MZA-03430,2014-03-07T08:14:44.200Z,2014,3,-32.014,-68.177,109.6,2.9,ML,ML,2.9155,Mendoza2022_Meq_to_Mw,Mendoza/YPF 2022,converted_regional,ISC,ISC,1,610038982,,inside_rectangle,single_source,yes,yes,
MZA-03431,2014-03-16T08:22:56.400Z,2014,3,-32.845,-69.158,9.8,2.8,ML,ML,2.8185,Mendoza2022_Meq_to_Mw,Mendoza/YPF 2022,converted_regional,ISC,ISC,1,610039008,,inside_rectangle,single_source,yes,yes,
MZA-03432,2014-03-22T15:02:47.599Z,2014,3,-33.061,-69.535,125.5,3.4,ML,ML,3.4005,Mendoza2022_Meq_to_Mw,Mendoza/YPF 2022,converted_regional,ISC,ISC,1,610039021,,inside_rectangle,single_source,yes,yes,
MZA-03433,2014-03-22T18:29:00.800Z,2014,3,-34.922,-68.688,16.9,2.9,ML,ML,2.9155,Mendoza2022_Meq_to_Mw,Mendoza/YPF 2022,converted_regional,ISC,ISC,1,610039023,,inside_rectangle,single_source,yes,yes,
MZA-03434,2014-03-23T14:07:03.100Z,2014,3,-32.028,-69.723,99.8,3.2,ML,ML,3.2065,Mendoza2022_Meq_to_Mw,Mendoza/YPF 2022,converted_regional,ISC,ISC,1,610039026,,inside_rectangle,single_source,yes,yes,
MZA-03435,2014-03-25T07:03:36.800Z,2014,3,-32.435,-69.628,119.2,3.1,ML,ML,3.1095,Mendoza2022_Meq_to_Mw,Mendoza/YPF 2022,converted_regional,ISC,ISC,1,610039039,,inside_rectangle,single_source,yes,yes,
MZA-03436,2014-04-04T06:16:41.700Z,2014,4,-32.361,-69.837,105.3,2.8,ML,ML,2.8185,Mendoza2022_Meq_to_Mw,Mendoza/YPF 2022,converted_regional,ISC,ISC,1,608052190,,inside_rectangle,single_source,yes,yes,
MZA-03437,2014-04-05T11:52:52.550Z,2014,4,-33.2407,-69.5856,0.3,4.2,mb,mb,4.0918,Mendoza2022_mb_to_Mw,Mendoza/YPF 2022,converted_regional,ISC,ISC + USGS,2,606913720,usb000pp3l,inside_rectangle,accepted_auto,yes,yes,
MZA-03438,2014-04-08T05:22:58.099Z,2014,4,-32.703,-69.944,102.4,3.3,ML,ML,3.3035,Mendoza2022_Meq_to_Mw,Mendoza/YPF 2022,converted_regional,ISC,ISC,1,608052417,,inside_rectangle,single_source,yes,yes,
MZA-03439,2014-04-17T14:14:34.249Z,2014,4,-32.0642,-69.5648,130.5,3.3,mb,mb,3.5932,Mendoza2022_mb_to_Mw,Mendoza/YPF 2022,converted_regional,ISC,ISC,1,606914726,,inside_rectangle,single_source,yes,yes,
MZA-03440,2014-05-05T10:14:02.890Z,2014,5,-34.3561,-68.2642,28.7,3.8,ML,ML,3.7885,Mendoza2022_Meq_to_Mw,Mendoza/YPF 2022,converted_regional,ISC,ISC,1,606915964,,inside_rectangle,single_source,yes,yes,
MZA-03441,2014-05-05T10:52:26.410Z,2014,5,-33.5425,-67.6196,202.1,4.6,mb,mb,4.3134,Mendoza2022_mb_to_Mw,Mendoza/YPF 2022,converted_regional,ISC,ISC + USGS,2,604514201,usb000qac5,inside_rectangle,accepted_auto,yes,yes,
MZA-03442,2014-05-13T12:39:20.820Z,2014,5,-32.4968,-67.6457,0,4,mb,mb,3.981,Mendoza2022_mb_to_Mw,Mendoza/YPF 2022,converted_regional,ISC,ISC,1,606916357,,inside_rectangle,single_source,yes,yes,
MZA-03443,2014-05-21T00:17:52.200Z,2014,5,-32.402,-69.903,125,2.8,ML,ML,2.8185,Mendoza2022_Meq_to_Mw,Mendoza/YPF 2022,converted_regional,ISC,ISC,1,607916674,,inside_rectangle,single_source,yes,yes,
MZA-03444,2014-07-30T07:00:20.400Z,2014,7,-32.956,-69.909,124.3,2.9,ML,ML,2.9155,Mendoza2022_Meq_to_Mw,Mendoza/YPF 2022,converted_regional,ISC,ISC,1,608054881,,inside_rectangle,single_source,yes,yes,
MZA-03445,2014-08-18T15:10:48.930Z,2014,8,-32.2484,-69.4001,113.8,4.4,mb,mb,4.2026,Mendoza2022_mb_to_Mw,Mendoza/YPF 2022,converted_regional,ISC,ISC + USGS,2,605150681,usb000s3rb,inside_rectangle,accepted_auto,yes,yes,
MZA-03446,2014-09-09T08:55:12.610Z,2014,9,-33.3836,-68.5226,51.2,4.3,mb,mb,4.1472,Mendoza2022_mb_to_Mw,Mendoza/YPF 2022,converted_regional,ISC,ISC + USGS,2,605596894,usb000sdze,inside_rectangle,accepted_auto,yes,yes,
MZA-03447,2014-09-30T11:00:41.000Z,2014,9,-32.862,-69.057,21.4,2.8,ML,ML,2.8185,Mendoza2022_Meq_to_Mw,Mendoza/YPF 2022,converted_regional,ISC,ISC,1,608276856,,inside_rectangle,single_source,yes,yes,
MZA-03448,2014-10-18T18:27:08.700Z,2014,10,-33.097,-69.703,152.2,3.6,ML,ML,3.5945,Mendoza2022_Meq_to_Mw,Mendoza/YPF 2022,converted_regional,ISC,ISC,1,608450280,,inside_rectangle,single_source,yes,yes,
MZA-03449,2014-10-25T20:21:47.210Z,2014,10,-33.3224,-69.7791,5.9,3.9,mb,mb,3.9256,Mendoza2022_mb_to_Mw,Mendoza/YPF 2022,converted_regional,ISC,ISC + USGS,2,605699754,usc000sv1u,inside_rectangle,accepted_auto,yes,yes,
MZA-03450,2014-11-29T08:57:11.690Z,2014,11,-32.027,-68.4148,131.25,4.1,mb,mb,4.0364,Mendoza2022_mb_to_Mw,Mendoza/YPF 2022,converted_regional,USGS,USGS,1,,usb000t14k,inside_rectangle,single_source,yes,yes,
MZA-03451,2014-12-08T03:26:06.300Z,2014,12,-32.427,-69.887,144.8,3,ML,ML,3.0125,Mendoza2022_Meq_to_Mw,Mendoza/YPF 2022,converted_regional,ISC,ISC,1,608910960,,inside_rectangle,single_source,yes,yes,
MZA-03452,2015-01-05T14:58:51.700Z,2015,1,-32.116,-69.885,138.6,3.1,ML,ML,3.1095,Mendoza2022_Meq_to_Mw,Mendoza/YPF 2022,converted_regional,ISC,ISC,1,608991568,,inside_rectangle,single_source,yes,yes,
MZA-03453,2015-02-02T10:49:48.439Z,2015,2,-32.6484,-67.1501,172.7,6.1,mb,mb,5.1444,Mendoza2022_mb_to_Mw,Mendoza/YPF 2022,converted_regional,ISC,ISC + USGS,2,606634885,usc000tkwv,inside_rectangle,accepted_auto,yes,yes,
MZA-03454,2015-03-04T22:50:55.700Z,2015,3,-32.864,-69.797,125.8,3,ML,ML,3.0125,Mendoza2022_Meq_to_Mw,Mendoza/YPF 2022,converted_regional,ISC,ISC,1,609109527,,inside_rectangle,single_source,yes,yes,
MZA-03455,2015-03-05T03:41:02.070Z,2015,3,-33.4975,-68.2176,204.2,4,mb,mb,3.981,Mendoza2022_mb_to_Mw,Mendoza/YPF 2022,converted_regional,ISC,ISC + USGS,2,606777701,usc000tv4e,inside_rectangle,accepted_auto,yes,yes,
MZA-03456,2015-03-09T12:16:30.770Z,2015,3,-32.2922,-67.0222,35,3,mb,mb,3.427,Mendoza2022_mb_to_Mw,Mendoza/YPF 2022,converted_regional,ISC,ISC,1,607188057,,inside_rectangle,single_source,yes,yes,
MZA-03457,2015-03-11T19:12:01.800Z,2015,3,-32.1167,-68.8802,0,3.8,mb,mb,3.8702,Mendoza2022_mb_to_Mw,Mendoza/YPF 2022,converted_regional,ISC,ISC,1,607188222,,inside_rectangle,single_source,yes,yes,
MZA-03458,2015-03-24T23:18:41.470Z,2015,3,-32.6221,-67.4875,22.6,4,mb,mb,3.981,Mendoza2022_mb_to_Mw,Mendoza/YPF 2022,converted_regional,ISC,ISC + USGS,2,607181567,us10001qht,inside_rectangle,accepted_auto,yes,yes,
MZA-03459,2015-04-10T10:42:46.300Z,2015,4,-32.947,-69.791,140,3.4,ML,ML,3.4005,Mendoza2022_Meq_to_Mw,Mendoza/YPF 2022,converted_regional,ISC,ISC,1,609109895,,inside_rectangle,single_source,yes,yes,
MZA-03460,2015-04-12T07:28:11.689Z,2015,4,-32.9639,-67.5218,175.1,4.6,mb,mb,4.3134,Mendoza2022_mb_to_Mw,Mendoza/YPF 2022,converted_regional,ISC,ISC + USGS,2,607019160,us200025wp,inside_rectangle,accepted_auto,yes,yes,
MZA-03461,2015-04-26T00:47:26.740Z,2015,4,-32.5832,-68.9051,35,3.5,mb,mb,3.704,Mendoza2022_mb_to_Mw,Mendoza/YPF 2022,converted_regional,ISC,ISC,1,607260303,,inside_rectangle,single_source,yes,yes,
MZA-03462,2015-05-03T08:32:35.800Z,2015,5,-32.535,-68.876,185.5,3.3,ML,ML,3.3035,Mendoza2022_Meq_to_Mw,Mendoza/YPF 2022,converted_regional,ISC,ISC,1,609110154,,inside_rectangle,single_source,yes,yes,
MZA-03463,2015-05-06T22:42:12.700Z,2015,5,-33.356,-68.738,12.8,2.9,ML,ML,2.9155,Mendoza2022_Meq_to_Mw,Mendoza/YPF 2022,converted_regional,ISC,ISC,1,609110192,,inside_rectangle,single_source,yes,yes,
MZA-03464,2015-05-07T23:00:57.900Z,2015,5,-32.1853,-68.1595,14.4,5.1,mb,mb,4.5904,Mendoza2022_mb_to_Mw,Mendoza/YPF 2022,converted_regional,ISC,ISC + USGS,2,610588173,us20002dma,inside_rectangle,accepted_auto,yes,yes,
MZA-03465,2015-05-18T14:34:24.689Z,2015,5,-33.2205,-68.0437,13.2,4,ML,ML,3.9825,Mendoza2022_Meq_to_Mw,Mendoza/YPF 2022,converted_regional,ISC,ISC,1,607635160,,inside_rectangle,single_source,yes,yes,
MZA-03466,2015-06-16T14:46:32.840Z,2015,6,-32.3638,-68.7926,132.3,3.9,mb,mb,3.9256,Mendoza2022_mb_to_Mw,Mendoza/YPF 2022,converted_regional,ISC,ISC + USGS,2,607297263,us20002qat,inside_rectangle,accepted_auto,yes,yes,
MZA-03467,2015-06-26T22:36:21.200Z,2015,6,-33.16,-69.999,120.5,2.9,ML,ML,2.9155,Mendoza2022_Meq_to_Mw,Mendoza/YPF 2022,converted_regional,ISC,ISC,1,609378636,,inside_rectangle,single_source,yes,yes,
MZA-03468,2015-07-01T09:49:30.200Z,2015,7,-32.779,-69.666,137.8,3,ML,ML,3.0125,Mendoza2022_Meq_to_Mw,Mendoza/YPF 2022,converted_regional,ISC,ISC,1,609378670,,inside_rectangle,single_source,yes,yes,
MZA-03469,2015-07-15T17:19:50.300Z,2015,7,-32.0652,-69.2163,111.3,4.7,mb,mb,4.3688,Mendoza2022_mb_to_Mw,Mendoza/YPF 2022,converted_regional,ISC,ISC + USGS,2,607457948,us20002xpr,inside_rectangle,accepted_auto,yes,yes,
MZA-03470,2015-07-25T19:09:47.700Z,2015,7,-32.0748,-69.9355,98.42,4.4,mwr,Mw,4.4,reported_Mw,ISC/USGS,direct,USGS,USGS,1,,us2000303v,inside_rectangle,single_source,yes,yes,
MZA-03471,2015-08-04T04:42:57.680Z,2015,8,-32.2333,-69.459,112.5,3.6,mb,mb,3.7594,Mendoza2022_mb_to_Mw,Mendoza/YPF 2022,converted_regional,ISC,ISC,1,608095295,,inside_rectangle,single_source,yes,yes,
MZA-03472,2015-08-31T03:14:05.279Z,2015,8,-33.0589,-69.4548,1.1,4.2,mb,mb,4.0918,Mendoza2022_mb_to_Mw,Mendoza/YPF 2022,converted_regional,ISC,ISC + USGS,2,607710411,us1000368l,inside_rectangle,accepted_auto,yes,yes,
MZA-03473,2015-09-07T14:03:29.710Z,2015,9,-35.5073,-69.9583,151.88,4.3,mb,mb,4.1472,Mendoza2022_mb_to_Mw,Mendoza/YPF 2022,converted_regional,USGS,USGS,1,,us20003h3w,inside_rectangle,single_source,yes,yes,
MZA-03474,2015-09-14T13:38:53.150Z,2015,9,-33.3037,-68.6378,21.1,4.5,mb,mb,4.258,Mendoza2022_mb_to_Mw,Mendoza/YPF 2022,converted_regional,ISC,ISC + USGS,2,607739791,us20003ja4,inside_rectangle,accepted_auto,yes,yes,
MZA-03475,2015-10-15T07:36:44.700Z,2015,10,-34.609,-68.987,8.4,3.5,ML,ML,3.4975,Mendoza2022_Meq_to_Mw,Mendoza/YPF 2022,converted_regional,ISC,ISC,1,610538812,,inside_rectangle,single_source,yes,yes,
MZA-03476,2015-11-09T13:38:45.100Z,2015,11,-34.744,-68.897,12,3.2,ML,ML,3.2065,Mendoza2022_Meq_to_Mw,Mendoza/YPF 2022,converted_regional,ISC,ISC,1,610539347,,inside_rectangle,single_source,yes,yes,
MZA-03477,2015-11-25T15:37:18.560Z,2015,11,-33.0237,-69.0055,0.8,3.4,ML,ML,3.4005,Mendoza2022_Meq_to_Mw,Mendoza/YPF 2022,converted_regional,ISC,ISC + USGS,2,610459645,us100041ct,inside_rectangle,accepted_auto,yes,yes,
MZA-03478,2015-11-25T18:41:55.700Z,2015,11,-32.411,-69.383,162,3.5,ML,ML,3.4975,Mendoza2022_Meq_to_Mw,Mendoza/YPF 2022,converted_regional,ISC,ISC,1,610539670,,inside_rectangle,single_source,yes,yes,
MZA-03479,2015-11-28T07:48:54.010Z,2015,11,-32.1294,-69.3793,123.5,4.2,mb,mb,4.0918,Mendoza2022_mb_to_Mw,Mendoza/YPF 2022,converted_regional,ISC,ISC + USGS,2,608059441,us100041v0,inside_rectangle,accepted_auto,yes,yes,
MZA-03480,2015-12-03T21:57:57.850Z,2015,12,-32.0779,-67.6568,0,3.4,mb,mb,3.6486,Mendoza2022_mb_to_Mw,Mendoza/YPF 2022,converted_regional,ISC,ISC,1,608186604,,inside_rectangle,single_source,yes,yes,
MZA-03481,2016-01-03T11:04:30.520Z,2016,1,-33.0858,-69.1525,4,4.4,mb,mb,4.2026,Mendoza2022_mb_to_Mw,Mendoza/YPF 2022,converted_regional,ISC,ISC + USGS,2,608346863,us10004bfa,inside_rectangle,accepted_auto,yes,yes,
MZA-03482,2016-01-13T13:09:12.980Z,2016,1,-32.678,-68.5558,12.9,4.1,mb,mb,4.0364,Mendoza2022_mb_to_Mw,Mendoza/YPF 2022,converted_regional,ISC,ISC + USGS,2,608170377,us10004e3c,inside_rectangle,accepted_auto,yes,yes,
MZA-03483,2016-01-15T15:16:06.980Z,2016,1,-32.421,-69.9391,116.4,4.1,mb,mb,4.0364,Mendoza2022_mb_to_Mw,Mendoza/YPF 2022,converted_regional,ISC,ISC,1,608347648,,inside_rectangle,single_source,yes,yes,
MZA-03484,2016-01-22T07:03:52.280Z,2016,1,-32.5838,-67.5258,32.1,4.3,mb,mb,4.1472,Mendoza2022_mb_to_Mw,Mendoza/YPF 2022,converted_regional,ISC,ISC + USGS,2,612141399,us10004ga5,inside_rectangle,accepted_auto,yes,yes,
MZA-03485,2016-02-01T18:34:58.250Z,2016,2,-32.104,-67.4927,0,,,,,not_harmonized,,excluded_missing_or_invalid,ISC,ISC,1,608498225,,inside_rectangle,single_source,yes,no,Magnitud QC: missing.
MZA-03486,2016-02-16T03:56:03.500Z,2016,2,-34.295,-69.731,10,2.9,ML,ML,2.9155,Mendoza2022_Meq_to_Mw,Mendoza/YPF 2022,converted_regional,ISC,ISC,1,612077474,,inside_rectangle,single_source,yes,yes,
MZA-03487,2016-02-20T18:23:01.580Z,2016,2,-32.4798,-69.8912,122.3,4.7,mb,mb,4.3688,Mendoza2022_mb_to_Mw,Mendoza/YPF 2022,converted_regional,ISC,ISC + USGS,2,608339368,us10004reu,inside_rectangle,accepted_auto,yes,yes,
MZA-03488,2016-03-16T00:06:21.600Z,2016,3,-32.131,-69.801,159.7,2.8,ML,ML,2.8185,Mendoza2022_Meq_to_Mw,Mendoza/YPF 2022,converted_regional,ISC,ISC,1,612078588,,inside_rectangle,single_source,yes,yes,
MZA-03489,2016-03-24T04:27:16.000Z,2016,3,-32.947,-69.34,10.6,2.8,ML,ML,2.8185,Mendoza2022_Meq_to_Mw,Mendoza/YPF 2022,converted_regional,ISC,ISC,1,612078927,,inside_rectangle,single_source,yes,yes,
MZA-03490,2016-04-02T00:32:23.800Z,2016,4,-32.472,-69.783,157.4,3.4,ML,ML,3.4005,Mendoza2022_Meq_to_Mw,Mendoza/YPF 2022,converted_regional,ISC,ISC,1,612079275,,inside_rectangle,single_source,yes,yes,
MZA-03491,2016-05-02T02:03:30.680Z,2016,5,-32.7283,-69.135,31.1,4.4,mb,mb,4.2026,Mendoza2022_mb_to_Mw,Mendoza/YPF 2022,converted_regional,ISC,ISC + USGS,2,608618553,us10005cx5,inside_rectangle,accepted_auto,yes,yes,
MZA-03492,2016-05-16T09:50:46.460Z,2016,5,-35.9635,-69.0282,1.9,3.5,mbtmp,mb_tmp,,not_harmonized,,excluded_type_not_supported,ISC,ISC,1,609345347,,inside_rectangle,single_source,yes,no,
MZA-03493,2016-05-17T11:20:55.350Z,2016,5,-33.6609,-68.4387,16,4.5,mb,mb,4.258,Mendoza2022_mb_to_Mw,Mendoza/YPF 2022,converted_regional,ISC,ISC + USGS,2,608768714,us10005hxq,inside_rectangle,accepted_auto,yes,yes,
MZA-03494,2016-05-19T04:32:44.990Z,2016,5,-32.942,-69.015,35.6,3.4,Md,MD,3.4005,Mendoza2022_Meq_to_Mw,Mendoza/YPF 2022,converted_regional,ISC,ISC + USGS,2,608805635,us10005iln,inside_rectangle,accepted_auto,yes,yes,
MZA-03495,2016-05-28T10:58:00.600Z,2016,5,-33.045,-68.886,12.3,3.2,ML,ML,3.2065,Mendoza2022_Meq_to_Mw,Mendoza/YPF 2022,converted_regional,ISC,ISC,1,610958361,,inside_rectangle,single_source,yes,yes,
MZA-03496,2016-06-26T20:05:15.600Z,2016,6,-32.541,-69.899,139.3,3.4,ML,ML,3.4005,Mendoza2022_Meq_to_Mw,Mendoza/YPF 2022,converted_regional,ISC,ISC,1,610959270,,inside_rectangle,single_source,yes,yes,
MZA-03497,2016-06-28T05:56:53.010Z,2016,6,-32.6823,-68.7511,55.4,4.1,mb,mb,4.0364,Mendoza2022_mb_to_Mw,Mendoza/YPF 2022,converted_regional,ISC,ISC + USGS,2,609064599,us200067f0,inside_rectangle,accepted_auto,yes,yes,
MZA-03498,2016-07-07T02:16:54.200Z,2016,7,-32.358,-69.775,142.2,3.6,ML,ML,3.5945,Mendoza2022_Meq_to_Mw,Mendoza/YPF 2022,converted_regional,ISC,ISC,1,611186768,,inside_rectangle,single_source,yes,yes,
MZA-03499,2016-07-09T16:39:30.230Z,2016,7,-32.3491,-69.8451,117,3.6,mbtmp,mb_tmp,,not_harmonized,,excluded_type_not_supported,ISC,ISC,1,609383376,,inside_rectangle,single_source,yes,no,
MZA-03500,2016-07-22T11:33:13.480Z,2016,7,-33.4521,-68.7791,22.8,4.2,mb,mb,4.0918,Mendoza2022_mb_to_Mw,Mendoza/YPF 2022,converted_regional,ISC,ISC + USGS,2,609375041,us20006gq2,inside_rectangle,accepted_auto,yes,yes,
MZA-03501,2016-07-23T04:09:17.100Z,2016,7,-33.409,-68.862,20,2.9,ML,ML,2.9155,Mendoza2022_Meq_to_Mw,Mendoza/YPF 2022,converted_regional,ISC,ISC,1,611186977,,inside_rectangle,single_source,yes,yes,
MZA-03502,2016-07-23T12:52:49.000Z,2016,7,-32.788,-69.357,6.9,3.2,ML,ML,3.2065,Mendoza2022_Meq_to_Mw,Mendoza/YPF 2022,converted_regional,ISC,ISC,1,611186984,,inside_rectangle,single_source,yes,yes,
MZA-03503,2016-08-04T19:14:07.900Z,2016,8,-33.517,-68.384,16.9,2.9,ML,ML,2.9155,Mendoza2022_Meq_to_Mw,Mendoza/YPF 2022,converted_regional,ISC,ISC,1,611323420,,inside_rectangle,single_source,yes,yes,
MZA-03504,2016-08-07T05:14:40.000Z,2016,8,-32.708,-69.154,162.8,3.3,ML,ML,3.3035,Mendoza2022_Meq_to_Mw,Mendoza/YPF 2022,converted_regional,ISC,ISC,1,611323452,,inside_rectangle,single_source,yes,yes,
MZA-03505,2016-08-31T04:45:26.700Z,2016,8,-32.108,-69.675,156,2.9,ML,ML,2.9155,Mendoza2022_Meq_to_Mw,Mendoza/YPF 2022,converted_regional,ISC,ISC,1,611323843,,inside_rectangle,single_source,yes,yes,
MZA-03506,2016-09-01T08:17:32.899Z,2016,9,-32.248,-69.412,165.5,2.4,ML,ML,2.4305,Mendoza2022_Meq_to_Mw,Mendoza/YPF 2022,converted_regional,ISC,ISC,1,611323870,,inside_rectangle,single_source,yes,yes,
MZA-03507,2016-09-06T18:28:59.400Z,2016,9,-35.5558,-68.3441,10,4.2,mb,mb,4.0918,Mendoza2022_mb_to_Mw,Mendoza/YPF 2022,converted_regional,ISC,ISC + USGS,2,609911192,us10006mha,inside_rectangle,accepted_auto,yes,yes,
MZA-03508,2016-09-13T11:53:05.300Z,2016,9,-32.998,-69.772,139.3,3.2,ML,ML,3.2065,Mendoza2022_Meq_to_Mw,Mendoza/YPF 2022,converted_regional,ISC,ISC,1,611324052,,inside_rectangle,single_source,yes,yes,
MZA-03509,2016-09-17T03:28:26.600Z,2016,9,-33.981,-69.84,156.7,3,ML,ML,3.0125,Mendoza2022_Meq_to_Mw,Mendoza/YPF 2022,converted_regional,ISC,ISC,1,611324107,,inside_rectangle,single_source,yes,yes,
MZA-03510,2016-09-25T12:54:42.700Z,2016,9,-32.211,-69.073,235.7,3.9,ML,ML,3.8855,Mendoza2022_Meq_to_Mw,Mendoza/YPF 2022,converted_regional,ISC,ISC,1,611324277,,inside_rectangle,single_source,yes,yes,
MZA-03511,2016-10-14T06:33:55.400Z,2016,10,-32.124,-69.897,120.4,3.3,ML,ML,3.3035,Mendoza2022_Meq_to_Mw,Mendoza/YPF 2022,converted_regional,ISC,ISC,1,611643009,,inside_rectangle,single_source,yes,yes,
MZA-03512,2016-10-15T13:03:44.610Z,2016,10,-32.841,-69.182,10.6,3.5,Md,MD,3.4975,Mendoza2022_Meq_to_Mw,Mendoza/YPF 2022,converted_regional,ISC,ISC + USGS,2,610504159,us20007ed3,inside_rectangle,accepted_auto,yes,yes,
MZA-03513,2016-10-18T11:25:38.200Z,2016,10,-34.279,-69.787,20,2.4,ML,ML,2.4305,Mendoza2022_Meq_to_Mw,Mendoza/YPF 2022,converted_regional,ISC,ISC,1,611643059,,inside_rectangle,single_source,yes,yes,
MZA-03514,2016-10-21T16:21:34.900Z,2016,10,-32.214,-69.695,147,2.7,ML,ML,2.7215,Mendoza2022_Meq_to_Mw,Mendoza/YPF 2022,converted_regional,ISC,ISC,1,611643101,,inside_rectangle,single_source,yes,yes,
MZA-03515,2016-10-26T23:43:05.460Z,2016,10,-32.7244,-68.6199,15.2,4.2,mb,mb,4.0918,Mendoza2022_mb_to_Mw,Mendoza/YPF 2022,converted_regional,ISC,ISC + USGS,2,610504353,us1000727m,inside_rectangle,accepted_auto,yes,yes,
MZA-03516,2016-11-07T20:34:49.000Z,2016,11,-33.17,-69.13,30,2.6,ML,ML,2.6245,Mendoza2022_Meq_to_Mw,Mendoza/YPF 2022,converted_regional,ISC,ISC,1,615020476,,inside_rectangle,single_source,yes,yes,
MZA-03517,2016-11-13T17:52:53.000Z,2016,11,-32.0065,-68.1058,113.48,4.9,mwr,Mw,4.9,reported_Mw,ISC/USGS,direct,USGS,USGS,1,,us100077cs,inside_rectangle,single_source,yes,yes,
MZA-03518,2016-11-17T00:24:03.600Z,2016,11,-32.8559,-69.1626,18,3.6,mb,mb,3.7594,Mendoza2022_mb_to_Mw,Mendoza/YPF 2022,converted_regional,ISC,ISC + USGS,2,615043677,us1000794w,inside_rectangle,accepted_auto,yes,yes,
MZA-03519,2016-12-04T22:28:29.400Z,2016,12,-32.3,-69.651,148.8,3.6,ML,ML,3.5945,Mendoza2022_Meq_to_Mw,Mendoza/YPF 2022,converted_regional,ISC,ISC,1,612083338,,inside_rectangle,single_source,yes,yes,
MZA-03520,2016-12-12T00:05:04.610Z,2016,12,-32.0079,-67.8738,26,4.4,mb,mb,4.2026,Mendoza2022_mb_to_Mw,Mendoza/YPF 2022,converted_regional,ISC,ISC + USGS,2,609869837,us2000802m,inside_rectangle,accepted_auto,yes,yes,
MZA-03521,2016-12-12T01:26:06.099Z,2016,12,-32.03,-69.996,124.2,2.9,ML,ML,2.9155,Mendoza2022_Meq_to_Mw,Mendoza/YPF 2022,converted_regional,ISC,ISC,1,612083485,,inside_rectangle,single_source,yes,yes,
MZA-03522,2016-12-16T09:40:39.790Z,2016,12,-32.2929,-67.6894,25.6,4.8,mb,mb,4.4242,Mendoza2022_mb_to_Mw,Mendoza/YPF 2022,converted_regional,ISC,ISC + USGS,2,609909786,us2000819b,inside_rectangle,accepted_auto,yes,yes,
MZA-03523,2016-12-23T14:04:01.799Z,2016,12,-32.503,-69.795,133.2,3.2,ML,ML,3.2065,Mendoza2022_Meq_to_Mw,Mendoza/YPF 2022,converted_regional,ISC,ISC,1,612083703,,inside_rectangle,single_source,yes,yes,
MZA-03524,2016-12-26T18:23:34.740Z,2016,12,-33.1138,-69.9345,120.4,4.1,mb,mb,4.0364,Mendoza2022_mb_to_Mw,Mendoza/YPF 2022,converted_regional,ISC,ISC + USGS,2,609942721,us10007mxi,inside_rectangle,accepted_auto,yes,yes,
MZA-03525,2017-01-12T17:34:03.260Z,2017,1,-32.7305,-69.1611,142,3.9,ML,ML,3.8855,Mendoza2022_Meq_to_Mw,Mendoza/YPF 2022,converted_regional,ISC,ISC,1,610237252,,inside_rectangle,single_source,yes,yes,
MZA-03526,2017-01-21T06:13:31.300Z,2017,1,-34.978,-69.838,202.3,3.5,ML,ML,3.4975,Mendoza2022_Meq_to_Mw,Mendoza/YPF 2022,converted_regional,ISC,ISC,1,612084240,,inside_rectangle,single_source,yes,yes,
MZA-03527,2017-01-21T09:30:37.200Z,2017,1,-33.7744,-68.6484,16.6,4.8,mb,mb,4.4242,Mendoza2022_mb_to_Mw,Mendoza/YPF 2022,converted_regional,ISC,ISC + USGS,2,610104777,us10007uln,inside_rectangle,accepted_auto,yes,yes,
MZA-03528,2017-01-21T10:06:20.100Z,2017,1,-33.765,-68.757,6.9,2.7,ML,ML,2.7215,Mendoza2022_Meq_to_Mw,Mendoza/YPF 2022,converted_regional,ISC,ISC,1,612084245,,inside_rectangle,single_source,yes,yes,
MZA-03529,2017-01-22T04:46:39.500Z,2017,1,-32.593,-69.954,131.4,2.8,ML,ML,2.8185,Mendoza2022_Meq_to_Mw,Mendoza/YPF 2022,converted_regional,ISC,ISC,1,612084256,,inside_rectangle,single_source,yes,yes,
MZA-03530,2017-01-24T17:37:12.689Z,2017,1,-32.0277,-67.6513,13,4,mb,mb,3.981,Mendoza2022_mb_to_Mw,Mendoza/YPF 2022,converted_regional,ISC,ISC + USGS,2,610114202,us10007v79,inside_rectangle,accepted_auto,yes,yes,
MZA-03531,2017-01-25T16:40:29.510Z,2017,1,-32.2102,-68.4006,131.3,4.2,mb,mb,4.0918,Mendoza2022_mb_to_Mw,Mendoza/YPF 2022,converted_regional,ISC,ISC + USGS,2,610121975,us10007vd4,inside_rectangle,accepted_auto,yes,yes,
MZA-03532,2017-01-28T22:24:42.900Z,2017,1,-32.502,-69.63,127.6,2.6,ML,ML,2.6245,Mendoza2022_Meq_to_Mw,Mendoza/YPF 2022,converted_regional,ISC,ISC,1,612084373,,inside_rectangle,single_source,yes,yes,
MZA-03533,2017-02-03T00:52:25.110Z,2017,2,-33.1309,-69.6599,3,5.4,mb,mb,4.7566,Mendoza2022_mb_to_Mw,Mendoza/YPF 2022,converted_regional,ISC,ISC + USGS,2,611831721,us20008h9r,inside_rectangle,accepted_auto,yes,yes,
MZA-03534,2017-02-03T01:16:11.520Z,2017,2,-33.1094,-69.6215,3.3,4.2,mb,mb,4.0918,Mendoza2022_mb_to_Mw,Mendoza/YPF 2022,converted_regional,ISC,ISC,1,610414708,,inside_rectangle,single_source,yes,yes,
MZA-03535,2017-02-03T11:11:31.800Z,2017,2,-33.134,-69.651,13.3,2.5,ML,ML,2.5275,Mendoza2022_Meq_to_Mw,Mendoza/YPF 2022,converted_regional,ISC,ISC,1,612084612,,inside_rectangle,single_source,yes,yes,
MZA-03536,2017-02-03T23:09:29.800Z,2017,2,-33.13,-69.618,17,2.9,ML,ML,2.9155,Mendoza2022_Meq_to_Mw,Mendoza/YPF 2022,converted_regional,ISC,ISC,1,612084623,,inside_rectangle,single_source,yes,yes,
MZA-03537,2017-02-04T19:25:13.820Z,2017,2,-33.1073,-69.6212,6.6,4.1,mb,mb,4.0364,Mendoza2022_mb_to_Mw,Mendoza/YPF 2022,converted_regional,ISC,ISC + USGS,2,610197579,us20008hpf,inside_rectangle,accepted_auto,yes,yes,
MZA-03538,2017-02-04T23:12:33.800Z,2017,2,-33.113,-69.639,17,2.7,ML,ML,2.7215,Mendoza2022_Meq_to_Mw,Mendoza/YPF 2022,converted_regional,ISC,ISC,1,612084673,,inside_rectangle,single_source,yes,yes,
MZA-03539,2017-02-05T10:58:10.500Z,2017,2,-33.121,-69.694,8.2,3.1,ML,ML,3.1095,Mendoza2022_Meq_to_Mw,Mendoza/YPF 2022,converted_regional,ISC,ISC,1,612084710,,inside_rectangle,single_source,yes,yes,
MZA-03540,2017-02-05T15:21:07.400Z,2017,2,-33.134,-69.639,17.5,3,ML,ML,3.0125,Mendoza2022_Meq_to_Mw,Mendoza/YPF 2022,converted_regional,ISC,ISC,1,612084718,,inside_rectangle,single_source,yes,yes,
MZA-03541,2017-02-05T18:15:48.600Z,2017,2,-33.151,-69.737,7.3,2.8,ML,ML,2.8185,Mendoza2022_Meq_to_Mw,Mendoza/YPF 2022,converted_regional,ISC,ISC,1,612084721,,inside_rectangle,single_source,yes,yes,
MZA-03542,2017-02-07T06:41:59.600Z,2017,2,-32.372,-69.981,123.7,3.2,ML,ML,3.2065,Mendoza2022_Meq_to_Mw,Mendoza/YPF 2022,converted_regional,ISC,ISC,1,612084835,,inside_rectangle,single_source,yes,yes,
MZA-03543,2017-02-13T08:27:51.630Z,2017,2,-33.1251,-69.6476,6.7,4.2,mb,mb,4.0918,Mendoza2022_mb_to_Mw,Mendoza/YPF 2022,converted_regional,ISC,ISC + USGS,2,610415435,us20008jhb,inside_rectangle,accepted_auto,yes,yes,
MZA-03544,2017-02-15T15:51:49.010Z,2017,2,-33.1529,-69.593,9.8,4.6,mb,mb,4.3134,Mendoza2022_mb_to_Mw,Mendoza/YPF 2022,converted_regional,ISC,ISC + USGS,2,610216923,us20008jzz,inside_rectangle,accepted_auto,yes,yes,
MZA-03545,2017-02-15T23:48:43.200Z,2017,2,-33.116,-69.633,16.4,3.2,ML,ML,3.2065,Mendoza2022_Meq_to_Mw,Mendoza/YPF 2022,converted_regional,ISC,ISC,1,612085399,,inside_rectangle,single_source,yes,yes,
MZA-03546,2017-02-16T20:32:30.200Z,2017,2,-33.34,-68.927,8.5,2.7,ML,ML,2.7215,Mendoza2022_Meq_to_Mw,Mendoza/YPF 2022,converted_regional,ISC,ISC,1,612085489,,inside_rectangle,single_source,yes,yes,
MZA-03547,2017-02-18T12:39:37.030Z,2017,2,-33.2392,-69.6683,3.9,4,mb,mb,3.981,Mendoza2022_mb_to_Mw,Mendoza/YPF 2022,converted_regional,ISC,ISC,1,610415759,,inside_rectangle,single_source,yes,yes,
MZA-03548,2017-02-18T14:00:26.800Z,2017,2,-33.111,-69.657,15.5,2.6,ML,ML,2.6245,Mendoza2022_Meq_to_Mw,Mendoza/YPF 2022,converted_regional,ISC,ISC,1,612085624,,inside_rectangle,single_source,yes,yes,
MZA-03549,2017-02-19T15:28:39.500Z,2017,2,-33.105,-69.642,18.8,2.5,ML,ML,2.5275,Mendoza2022_Meq_to_Mw,Mendoza/YPF 2022,converted_regional,ISC,ISC,1,612085673,,inside_rectangle,single_source,yes,yes,
MZA-03550,2017-02-20T03:44:48.400Z,2017,2,-33.136,-69.661,16.5,2.4,ML,ML,2.4305,Mendoza2022_Meq_to_Mw,Mendoza/YPF 2022,converted_regional,ISC,ISC,1,612085719,,inside_rectangle,single_source,yes,yes,
MZA-03551,2017-02-20T11:27:32.700Z,2017,2,-33.126,-69.598,20.3,2.5,ML,ML,2.5275,Mendoza2022_Meq_to_Mw,Mendoza/YPF 2022,converted_regional,ISC,ISC,1,612085723,,inside_rectangle,single_source,yes,yes,
MZA-03552,2017-02-24T04:15:19.099Z,2017,2,-33.15,-69.697,13.1,2.4,ML,ML,2.4305,Mendoza2022_Meq_to_Mw,Mendoza/YPF 2022,converted_regional,ISC,ISC,1,612085999,,inside_rectangle,single_source,yes,yes,
MZA-03553,2017-02-24T16:00:41.930Z,2017,2,-33.1504,-69.5978,0.9,4.3,mb,mb,4.1472,Mendoza2022_mb_to_Mw,Mendoza/YPF 2022,converted_regional,ISC,ISC + USGS,2,610240605,us20008m2h,inside_rectangle,accepted_auto,yes,yes,
MZA-03554,2017-02-26T13:42:34.000Z,2017,2,-33.141,-69.762,7.5,2.5,ML,ML,2.5275,Mendoza2022_Meq_to_Mw,Mendoza/YPF 2022,converted_regional,ISC,ISC,1,612086138,,inside_rectangle,single_source,yes,yes,
MZA-03555,2017-02-26T16:58:20.000Z,2017,2,-33.103,-69.609,17.8,2.7,ML,ML,2.7215,Mendoza2022_Meq_to_Mw,Mendoza/YPF 2022,converted_regional,ISC,ISC,1,612086141,,inside_rectangle,single_source,yes,yes,
MZA-03556,2017-02-26T18:42:43.699Z,2017,2,-33.145,-69.614,18.3,2.7,ML,ML,2.7215,Mendoza2022_Meq_to_Mw,Mendoza/YPF 2022,converted_regional,ISC,ISC,1,612086146,,inside_rectangle,single_source,yes,yes,
MZA-03557,2017-02-27T17:20:00.200Z,2017,2,-33.138,-69.62,17,2.7,ML,ML,2.7215,Mendoza2022_Meq_to_Mw,Mendoza/YPF 2022,converted_regional,ISC,ISC,1,612086222,,inside_rectangle,single_source,yes,yes,
MZA-03558,2017-03-06T14:03:31.000Z,2017,3,-33.156,-69.729,0,2.2,ML,ML,2.2365,Mendoza2022_Meq_to_Mw,Mendoza/YPF 2022,converted_regional,ISC,ISC,1,612086708,,inside_rectangle,single_source,yes,yes,
MZA-03559,2017-03-06T17:59:07.299Z,2017,3,-32.27,-67.7018,100,3.4,mb,mb,3.6486,Mendoza2022_mb_to_Mw,Mendoza/YPF 2022,converted_regional,ISC,ISC,1,610545679,,inside_rectangle,single_source,yes,yes,
MZA-03560,2017-03-07T04:37:45.410Z,2017,3,-33.1385,-69.6307,10.5,4,mb,mb,3.981,Mendoza2022_mb_to_Mw,Mendoza/YPF 2022,converted_regional,ISC,ISC,1,610545698,,inside_rectangle,single_source,yes,yes,
MZA-03561,2017-03-08T04:59:47.800Z,2017,3,-33.118,-69.602,16.8,2.5,ML,ML,2.5275,Mendoza2022_Meq_to_Mw,Mendoza/YPF 2022,converted_regional,ISC,ISC,1,612086824,,inside_rectangle,single_source,yes,yes,
MZA-03562,2017-03-08T08:30:25.900Z,2017,3,-32.419,-69.87,124.7,2.7,ML,ML,2.7215,Mendoza2022_Meq_to_Mw,Mendoza/YPF 2022,converted_regional,ISC,ISC,1,612086830,,inside_rectangle,single_source,yes,yes,
MZA-03563,2017-03-13T16:32:12.100Z,2017,3,-33.96,-69.444,184.7,3.6,ML,ML,3.5945,Mendoza2022_Meq_to_Mw,Mendoza/YPF 2022,converted_regional,ISC,ISC,1,612087167,,inside_rectangle,single_source,yes,yes,
MZA-03564,2017-04-02T18:08:51.800Z,2017,4,-33.295,-69.732,10.3,2.4,ML,ML,2.4305,Mendoza2022_Meq_to_Mw,Mendoza/YPF 2022,converted_regional,ISC,ISC,1,616344588,,inside_rectangle,single_source,yes,yes,
MZA-03565,2017-04-05T10:50:33.019Z,2017,4,-35.8989,-69.6333,200,4.4,mb,mb,4.2026,Mendoza2022_mb_to_Mw,Mendoza/YPF 2022,converted_regional,ISC,ISC + USGS,2,610652002,us10008ejs,inside_rectangle,accepted_auto,yes,yes,
MZA-03566,2017-04-12T16:00:53.900Z,2017,4,-33.165,-69.744,8,2.6,ML,ML,2.6245,Mendoza2022_Meq_to_Mw,Mendoza/YPF 2022,converted_regional,ISC,ISC,1,616344747,,inside_rectangle,single_source,yes,yes,
MZA-03567,2017-04-23T10:40:59.659Z,2017,4,-33.1861,-68.1001,7.3,4.3,mb,mb,4.1472,Mendoza2022_mb_to_Mw,Mendoza/YPF 2022,converted_regional,ISC,ISC + USGS,2,610649809,us10008jzz,inside_rectangle,accepted_auto,yes,yes,
MZA-03568,2017-04-23T21:10:09.660Z,2017,4,-34.1369,-69.9951,14.8,2.4,ML,ML,2.4305,Mendoza2022_Meq_to_Mw,Mendoza/YPF 2022,converted_regional,ISC,ISC + USGS,2,611149608,us10008pby,inside_rectangle,accepted_auto,yes,yes,
MZA-03569,2017-04-27T08:53:33.700Z,2017,4,-33.664,-68.951,35,4,ML,ML,3.9825,Mendoza2022_Meq_to_Mw,Mendoza/YPF 2022,converted_regional,ISC,ISC,1,616617868,,inside_rectangle,single_source,yes,yes,
MZA-03570,2017-04-30T04:10:17.100Z,2017,4,-32.882,-69.298,3.1,2.9,ML,ML,2.9155,Mendoza2022_Meq_to_Mw,Mendoza/YPF 2022,converted_regional,ISC,ISC,1,616345610,,inside_rectangle,single_source,yes,yes,
MZA-03571,2017-05-18T23:45:42.880Z,2017,5,-32.618,-67.2895,169.5,5,mb,mb,4.535,Mendoza2022_mb_to_Mw,Mendoza/YPF 2022,converted_regional,ISC,ISC + USGS,2,610643008,us10008tg7,inside_rectangle,accepted_auto,yes,yes,
MZA-03572,2017-05-23T23:29:45.400Z,2017,5,-32.435,-69.581,138.8,3.5,ML,ML,3.4975,Mendoza2022_Meq_to_Mw,Mendoza/YPF 2022,converted_regional,ISC,ISC,1,616717739,,inside_rectangle,single_source,yes,yes,
MZA-03573,2017-06-02T13:01:17.899Z,2017,6,-33.125,-69.628,17.4,2.3,ML,ML,2.3335,Mendoza2022_Meq_to_Mw,Mendoza/YPF 2022,converted_regional,ISC,ISC,1,612739157,,inside_rectangle,single_source,yes,yes,
MZA-03574,2017-06-04T01:56:18.300Z,2017,6,-33.146,-69.664,7.3,3,ML,ML,3.0125,Mendoza2022_Meq_to_Mw,Mendoza/YPF 2022,converted_regional,ISC,ISC,1,612739191,,inside_rectangle,single_source,yes,yes,
MZA-03575,2017-06-09T12:03:53.900Z,2017,6,-33.0851,-69.9927,124,3.2,ML,ML,3.2065,Mendoza2022_Meq_to_Mw,Mendoza/YPF 2022,converted_regional,ISC,ISC,1,612739282,,inside_rectangle,single_source,yes,yes,
MZA-03576,2017-06-09T15:06:24.800Z,2017,6,-33.274,-68.145,14,3.3,ML,ML,3.3035,Mendoza2022_Meq_to_Mw,Mendoza/YPF 2022,converted_regional,ISC,ISC,1,616964731,,inside_rectangle,single_source,yes,yes,
MZA-03577,2017-06-13T09:00:58.500Z,2017,6,-33.741,-68.389,19.3,3.5,ML,ML,3.4975,Mendoza2022_Meq_to_Mw,Mendoza/YPF 2022,converted_regional,ISC,ISC,1,616964734,,inside_rectangle,single_source,yes,yes,
MZA-03578,2017-06-15T17:33:19.600Z,2017,6,-32.059,-69.951,131.9,3.5,ML,ML,3.4975,Mendoza2022_Meq_to_Mw,Mendoza/YPF 2022,converted_regional,ISC,ISC,1,612739418,,inside_rectangle,single_source,yes,yes,
MZA-03579,2017-06-18T02:26:12.199Z,2017,6,-32.675,-68.903,143.4,3.7,ML,ML,3.6915,Mendoza2022_Meq_to_Mw,Mendoza/YPF 2022,converted_regional,ISC,ISC,1,616964740,,inside_rectangle,single_source,yes,yes,
MZA-03580,2017-06-20T19:59:43.230Z,2017,6,-33.1171,-69.6139,1.7,3.5,ML,ML,3.4975,Mendoza2022_Meq_to_Mw,Mendoza/YPF 2022,converted_regional,ISC,ISC,1,610789176,,inside_rectangle,single_source,yes,yes,
MZA-03581,2017-07-12T06:22:49.399Z,2017,7,-33.066,-68.86,10.8,2.6,ML,ML,2.6245,Mendoza2022_Meq_to_Mw,Mendoza/YPF 2022,converted_regional,ISC,ISC,1,613594813,,inside_rectangle,single_source,yes,yes,
MZA-03582,2017-07-16T13:57:34.300Z,2017,7,-32.019,-67.28,130.8,3.4,ML,ML,3.4005,Mendoza2022_Meq_to_Mw,Mendoza/YPF 2022,converted_regional,ISC,ISC,1,616964777,,inside_rectangle,single_source,yes,yes,
MZA-03583,2017-07-31T02:32:04.600Z,2017,7,-33.326,-68.687,7.7,2.5,ML,ML,2.5275,Mendoza2022_Meq_to_Mw,Mendoza/YPF 2022,converted_regional,ISC,ISC,1,613595154,,inside_rectangle,single_source,yes,yes,
MZA-03584,2017-08-03T09:53:57.400Z,2017,8,-32.652,-69.96,125.6,2.7,ML,ML,2.7215,Mendoza2022_Meq_to_Mw,Mendoza/YPF 2022,converted_regional,ISC,ISC,1,613595242,,inside_rectangle,single_source,yes,yes,
MZA-03585,2017-08-11T07:06:53.500Z,2017,8,-33.405,-69.954,9.8,3.3,ML,ML,3.3035,Mendoza2022_Meq_to_Mw,Mendoza/YPF 2022,converted_regional,ISC,ISC,1,613595396,,inside_rectangle,single_source,yes,yes,
MZA-03586,2017-08-11T07:11:13.700Z,2017,8,-33.411,-69.906,13.2,1.1,ML,ML,1.1695,Mendoza2022_Meq_to_Mw,Mendoza/YPF 2022,converted_regional,ISC,ISC,1,613595397,,inside_rectangle,single_source,yes,yes,
MZA-03587,2017-08-11T07:13:29.600Z,2017,8,-33.416,-69.908,6.4,1.9,ML,ML,1.9455,Mendoza2022_Meq_to_Mw,Mendoza/YPF 2022,converted_regional,ISC,ISC,1,613595398,,inside_rectangle,single_source,yes,yes,
MZA-03588,2017-08-11T07:34:42.800Z,2017,8,-33.415,-69.916,17,2.1,ML,ML,2.1395,Mendoza2022_Meq_to_Mw,Mendoza/YPF 2022,converted_regional,ISC,ISC,1,613595399,,inside_rectangle,single_source,yes,yes,
MZA-03589,2017-08-11T07:35:18.500Z,2017,8,-33.41,-69.906,13.3,2,ML,ML,2.0425,Mendoza2022_Meq_to_Mw,Mendoza/YPF 2022,converted_regional,ISC,ISC,1,613595402,,inside_rectangle,single_source,yes,yes,
MZA-03590,2017-08-11T10:19:27.100Z,2017,8,-33.415,-69.921,17.7,2.9,ML,ML,2.9155,Mendoza2022_Meq_to_Mw,Mendoza/YPF 2022,converted_regional,ISC,ISC,1,613595405,,inside_rectangle,single_source,yes,yes,
MZA-03591,2017-08-13T09:05:01.300Z,2017,8,-33.409,-69.946,10,1.9,ML,ML,1.9455,Mendoza2022_Meq_to_Mw,Mendoza/YPF 2022,converted_regional,ISC,ISC,1,613595447,,inside_rectangle,single_source,yes,yes,
MZA-03592,2017-08-14T10:08:46.800Z,2017,8,-33.403,-69.95,10.3,2.9,ML,ML,2.9155,Mendoza2022_Meq_to_Mw,Mendoza/YPF 2022,converted_regional,ISC,ISC,1,613595467,,inside_rectangle,single_source,yes,yes,
MZA-03593,2017-08-14T11:51:45.390Z,2017,8,-33.4056,-69.9565,10,4.2,mb,mb,4.0918,Mendoza2022_mb_to_Mw,Mendoza/YPF 2022,converted_regional,ISC,ISC,1,611018961,,inside_rectangle,single_source,yes,yes,
MZA-03594,2017-08-14T12:02:52.000Z,2017,8,-33.392,-69.989,21.5,1.7,ML,ML,1.7515,Mendoza2022_Meq_to_Mw,Mendoza/YPF 2022,converted_regional,ISC,ISC,1,613595468,,inside_rectangle,single_source,yes,yes,
MZA-03595,2017-08-14T12:15:50.300Z,2017,8,-33.409,-69.957,10,2.1,ML,ML,2.1395,Mendoza2022_Meq_to_Mw,Mendoza/YPF 2022,converted_regional,ISC,ISC,1,613595469,,inside_rectangle,single_source,yes,yes,
MZA-03596,2017-08-14T12:23:20.000Z,2017,8,-33.415,-69.946,11.5,2.9,ML,ML,2.9155,Mendoza2022_Meq_to_Mw,Mendoza/YPF 2022,converted_regional,ISC,ISC,1,613595470,,inside_rectangle,single_source,yes,yes,
MZA-03597,2017-08-14T14:37:23.700Z,2017,8,-33.41,-69.953,10.4,3,ML,ML,3.0125,Mendoza2022_Meq_to_Mw,Mendoza/YPF 2022,converted_regional,ISC,ISC,1,613595472,,inside_rectangle,single_source,yes,yes,
MZA-03598,2017-08-16T01:18:42.600Z,2017,8,-33.405,-69.915,17.4,3,ML,ML,3.0125,Mendoza2022_Meq_to_Mw,Mendoza/YPF 2022,converted_regional,ISC,ISC,1,613595514,,inside_rectangle,single_source,yes,yes,
MZA-03599,2017-08-18T02:54:27.100Z,2017,8,-32.84,-69.884,132.8,2.6,ML,ML,2.6245,Mendoza2022_Meq_to_Mw,Mendoza/YPF 2022,converted_regional,ISC,ISC,1,613595545,,inside_rectangle,single_source,yes,yes,
MZA-03600,2017-08-18T12:08:52.899Z,2017,8,-33.411,-69.945,12.2,1.2,ML,ML,1.2665,Mendoza2022_Meq_to_Mw,Mendoza/YPF 2022,converted_regional,ISC,ISC,1,613595562,,inside_rectangle,single_source,yes,yes,
MZA-03601,2017-08-23T10:38:46.200Z,2017,8,-33.406,-69.941,10.3,1.9,ML,ML,1.9455,Mendoza2022_Meq_to_Mw,Mendoza/YPF 2022,converted_regional,ISC,ISC,1,613595677,,inside_rectangle,single_source,yes,yes,
MZA-03602,2017-08-23T10:39:15.800Z,2017,8,-33.408,-69.946,11.6,2.4,ML,ML,2.4305,Mendoza2022_Meq_to_Mw,Mendoza/YPF 2022,converted_regional,ISC,ISC,1,613595680,,inside_rectangle,single_source,yes,yes,
MZA-03603,2017-08-28T18:18:18.000Z,2017,8,-32.624,-69.983,131.8,3.4,ML,ML,3.4005,Mendoza2022_Meq_to_Mw,Mendoza/YPF 2022,converted_regional,ISC,ISC,1,613595794,,inside_rectangle,single_source,yes,yes,
MZA-03604,2017-09-01T02:06:20.900Z,2017,9,-32.301,-69.756,132.6,2.9,ML,ML,2.9155,Mendoza2022_Meq_to_Mw,Mendoza/YPF 2022,converted_regional,ISC,ISC,1,614219797,,inside_rectangle,single_source,yes,yes,
MZA-03605,2017-09-02T17:37:06.200Z,2017,9,-32.406,-69.96,123,3,ML,ML,3.0125,Mendoza2022_Meq_to_Mw,Mendoza/YPF 2022,converted_regional,ISC,ISC,1,614219820,,inside_rectangle,single_source,yes,yes,
MZA-03606,2017-09-10T05:01:45.479Z,2017,9,-33.4656,-67.7174,7.1,3.3,mbtmp,mb_tmp,,not_harmonized,,excluded_type_not_supported,ISC,ISC,1,611166638,,inside_rectangle,single_source,yes,no,
MZA-03607,2017-09-13T22:16:22.600Z,2017,9,-32.172,-69.989,158.7,3.3,ML,ML,3.3035,Mendoza2022_Meq_to_Mw,Mendoza/YPF 2022,converted_regional,ISC,ISC,1,614220041,,inside_rectangle,single_source,yes,yes,
MZA-03608,2017-09-14T20:04:41.100Z,2017,9,-32.025,-69.858,150.6,3.2,ML,ML,3.2065,Mendoza2022_Meq_to_Mw,Mendoza/YPF 2022,converted_regional,ISC,ISC,1,614220052,,inside_rectangle,single_source,yes,yes,
MZA-03609,2017-09-28T05:07:00.600Z,2017,9,-32.883,-69.341,7.1,2.5,ML,ML,2.5275,Mendoza2022_Meq_to_Mw,Mendoza/YPF 2022,converted_regional,ISC,ISC,1,614220383,,inside_rectangle,single_source,yes,yes,
MZA-03610,2017-10-05T13:41:51.499Z,2017,10,-32.306,-69.723,116.9,2.9,ML,ML,2.9155,Mendoza2022_Meq_to_Mw,Mendoza/YPF 2022,converted_regional,ISC,ISC,1,617561716,,inside_rectangle,single_source,yes,yes,
MZA-03611,2017-10-08T05:40:00.100Z,2017,10,-32.751,-69.228,9.6,2.4,ML,ML,2.4305,Mendoza2022_Meq_to_Mw,Mendoza/YPF 2022,converted_regional,ISC,ISC,1,617561770,,inside_rectangle,single_source,yes,yes,
MZA-03612,2017-10-13T08:01:31.400Z,2017,10,-33.34,-69.891,115.5,3.1,ML,ML,3.1095,Mendoza2022_Meq_to_Mw,Mendoza/YPF 2022,converted_regional,ISC,ISC,1,617561884,,inside_rectangle,single_source,yes,yes,
MZA-03613,2017-10-18T20:43:49.960Z,2017,10,-32.8938,-68.0572,8.2,4.3,mb,mb,4.1472,Mendoza2022_mb_to_Mw,Mendoza/YPF 2022,converted_regional,ISC,ISC + USGS,2,611322988,us1000atut,inside_rectangle,accepted_auto,yes,yes,
MZA-03614,2017-10-25T18:36:35.110Z,2017,10,-32.8205,-68.725,155.5,3.5,ML,ML,3.4975,Mendoza2022_Meq_to_Mw,Mendoza/YPF 2022,converted_regional,ISC,ISC,1,617794848,,inside_rectangle,single_source,yes,yes,
MZA-03615,2017-11-01T22:26:50.390Z,2017,11,-33.1103,-69.5858,7.3,4,mb,mb,3.981,Mendoza2022_mb_to_Mw,Mendoza/YPF 2022,converted_regional,ISC,ISC + USGS,2,611324219,us2000bf7z,inside_rectangle,accepted_auto,yes,yes,
MZA-03616,2017-11-02T06:44:13.320Z,2017,11,-33.1483,-69.5261,1.4,3.6,mb,mb,3.7594,Mendoza2022_mb_to_Mw,Mendoza/YPF 2022,converted_regional,ISC,ISC,1,616321687,,inside_rectangle,single_source,yes,yes,
MZA-03617,2017-11-12T01:31:29.540Z,2017,11,-33.1443,-69.5811,0.2,4.5,mb,mb,4.258,Mendoza2022_mb_to_Mw,Mendoza/YPF 2022,converted_regional,ISC,ISC + USGS,2,611453475,us2000bm7f,inside_rectangle,accepted_auto,yes,yes,
MZA-03618,2017-11-13T02:48:28.800Z,2017,11,-33.168,-69.648,4.5,2.7,ML,ML,2.7215,Mendoza2022_Meq_to_Mw,Mendoza/YPF 2022,converted_regional,ISC,ISC,1,617562444,,inside_rectangle,single_source,yes,yes,
MZA-03619,2017-11-18T15:50:55.600Z,2017,11,-32.684,-69.962,127.2,2.7,ML,ML,2.7215,Mendoza2022_Meq_to_Mw,Mendoza/YPF 2022,converted_regional,ISC,ISC,1,617562528,,inside_rectangle,single_source,yes,yes,
MZA-03620,2017-11-29T10:02:53.200Z,2017,11,-33.4836,-69.9301,120.2,4.5,mb,mb,4.258,Mendoza2022_mb_to_Mw,Mendoza/YPF 2022,converted_regional,ISC,ISC + USGS,2,611560418,us2000bvtq,inside_rectangle,accepted_auto,yes,yes,
MZA-03621,2017-11-29T16:35:04.010Z,2017,11,-32.2355,-68.646,121.3,4.9,mb,mb,4.4796,Mendoza2022_mb_to_Mw,Mendoza/YPF 2022,converted_regional,ISC,ISC + USGS,2,611561293,us2000bvwh,inside_rectangle,accepted_auto,yes,yes,
MZA-03622,2017-12-01T13:37:33.200Z,2017,12,-32.5039,-67.4417,145.2,4.1,mb,mb,4.0364,Mendoza2022_mb_to_Mw,Mendoza/YPF 2022,converted_regional,ISC,ISC + USGS,2,611574414,us1000bjva,inside_rectangle,accepted_auto,yes,yes,
MZA-03623,2017-12-07T09:51:17.600Z,2017,12,-32.223,-68.491,123.6,3.5,ML,ML,3.4975,Mendoza2022_Meq_to_Mw,Mendoza/YPF 2022,converted_regional,ISC,ISC,1,616965812,,inside_rectangle,single_source,yes,yes,
MZA-03624,2017-12-12T03:55:33.160Z,2017,12,-32.0421,-69.6105,108,3.4,ML,ML,3.4005,Mendoza2022_Meq_to_Mw,Mendoza/YPF 2022,converted_regional,ISC,ISC,1,616965822,,inside_rectangle,single_source,yes,yes,
MZA-03625,2017-12-15T21:38:55.300Z,2017,12,-33.086,-69.779,134.5,2.9,ML,ML,2.9155,Mendoza2022_Meq_to_Mw,Mendoza/YPF 2022,converted_regional,ISC,ISC,1,617562980,,inside_rectangle,single_source,yes,yes,
MZA-03626,2017-12-22T08:44:34.350Z,2017,12,-33.3117,-68.9678,18.1,4.9,mb,mb,4.4796,Mendoza2022_mb_to_Mw,Mendoza/YPF 2022,converted_regional,ISC,ISC + USGS,2,611607492,us1000buxs,inside_rectangle,accepted_auto,yes,yes,
MZA-03627,2017-12-24T14:09:49.090Z,2017,12,-34.9695,-69.5257,26.3,4.1,mb,mb,4.0364,Mendoza2022_mb_to_Mw,Mendoza/YPF 2022,converted_regional,ISC,ISC + USGS,2,611609683,us1000bvmr,inside_rectangle,accepted_auto,yes,yes,
MZA-03628,2017-12-26T17:12:57.599Z,2017,12,-32.6507,-69.1772,128.9,3.7,ML,ML,3.6915,Mendoza2022_Meq_to_Mw,Mendoza/YPF 2022,converted_regional,ISC,ISC,1,616949076,,inside_rectangle,single_source,yes,yes,
MZA-03629,2018-01-02T15:19:19.200Z,2018,1,-32.162,-67.078,14.8,3.5,ML,ML,3.4975,Mendoza2022_Meq_to_Mw,Mendoza/YPF 2022,converted_regional,ISC,ISC,1,616949083,,inside_rectangle,single_source,yes,yes,
MZA-03630,2018-01-02T19:37:06.100Z,2018,1,-33.267,-69.77,9.6,3,ML,ML,3.0125,Mendoza2022_Meq_to_Mw,Mendoza/YPF 2022,converted_regional,ISC,ISC,1,617563248,,inside_rectangle,single_source,yes,yes,
MZA-03631,2018-01-04T03:08:31.600Z,2018,1,-32.344,-69.94,118.4,2.6,ML,ML,2.6245,Mendoza2022_Meq_to_Mw,Mendoza/YPF 2022,converted_regional,ISC,ISC,1,617563273,,inside_rectangle,single_source,yes,yes,
MZA-03632,2018-01-05T16:43:07.900Z,2018,1,-32.116,-67.427,137.5,3.4,ML,ML,3.4005,Mendoza2022_Meq_to_Mw,Mendoza/YPF 2022,converted_regional,ISC,ISC,1,616949086,,inside_rectangle,single_source,yes,yes,
MZA-03633,2018-01-15T10:20:38.100Z,2018,1,-32.089,-69.675,153,2.8,ML,ML,2.8185,Mendoza2022_Meq_to_Mw,Mendoza/YPF 2022,converted_regional,ISC,ISC,1,617563446,,inside_rectangle,single_source,yes,yes,
MZA-03634,2018-01-18T13:55:13.700Z,2018,1,-33.076,-68.183,25,3.1,ML,ML,3.1095,Mendoza2022_Meq_to_Mw,Mendoza/YPF 2022,converted_regional,ISC,ISC,1,617563520,,inside_rectangle,single_source,yes,yes,
MZA-03635,2018-01-22T10:31:31.400Z,2018,1,-33.705,-68.855,16,2.6,ML,ML,2.6245,Mendoza2022_Meq_to_Mw,Mendoza/YPF 2022,converted_regional,ISC,ISC,1,617563598,,inside_rectangle,single_source,yes,yes,
MZA-03636,2018-02-03T23:49:03.350Z,2018,2,-34.8237,-69.2651,176,4.5,mb,mb,4.258,Mendoza2022_mb_to_Mw,Mendoza/YPF 2022,converted_regional,ISC,ISC + USGS,2,611677741,us1000cfi1,inside_rectangle,accepted_auto,yes,yes,
MZA-03637,2018-02-20T19:24:49.300Z,2018,2,-34.149,-68.637,5.5,2.6,ML,ML,2.6245,Mendoza2022_Meq_to_Mw,Mendoza/YPF 2022,converted_regional,ISC,ISC,1,617564141,,inside_rectangle,single_source,yes,yes,
MZA-03638,2018-02-23T09:32:13.900Z,2018,2,-32.002,-68.392,115.8,4.1,ML,ML,4.0795,Mendoza2022_Meq_to_Mw,Mendoza/YPF 2022,converted_regional,ISC,ISC,1,618709923,,inside_rectangle,single_source,yes,yes,
MZA-03639,2018-03-02T23:33:43.600Z,2018,3,-32.658,-69.851,126.1,2.9,ML,ML,2.9155,Mendoza2022_Meq_to_Mw,Mendoza/YPF 2022,converted_regional,ISC,ISC,1,617564340,,inside_rectangle,single_source,yes,yes,
MZA-03640,2018-03-10T05:24:50.700Z,2018,3,-32.181,-69.854,147.2,3,ML,ML,3.0125,Mendoza2022_Meq_to_Mw,Mendoza/YPF 2022,converted_regional,ISC,ISC,1,617564468,,inside_rectangle,single_source,yes,yes,
MZA-03641,2018-03-13T05:07:41.299Z,2018,3,-32.502,-69.899,140.3,3.2,ML,ML,3.2065,Mendoza2022_Meq_to_Mw,Mendoza/YPF 2022,converted_regional,ISC,ISC,1,617564516,,inside_rectangle,single_source,yes,yes,
MZA-03642,2018-03-19T12:51:17.120Z,2018,3,-32.3929,-69.5281,120.1,4.9,mb,mb,4.4796,Mendoza2022_mb_to_Mw,Mendoza/YPF 2022,converted_regional,ISC,ISC + USGS,2,611801679,us1000d6dq,inside_rectangle,accepted_auto,yes,yes,
MZA-03643,2018-03-22T04:30:51.370Z,2018,3,-32.0026,-68.9298,24.73,4.3,mwr,Mw,4.3,reported_Mw,ISC/USGS,direct,USGS,USGS,1,,us1000d7ds,inside_rectangle,single_source,yes,yes,
MZA-03644,2018-03-22T10:18:47.500Z,2018,3,-32.037,-67.93,21.1,3.5,ML,ML,3.4975,Mendoza2022_Meq_to_Mw,Mendoza/YPF 2022,converted_regional,ISC,ISC,1,616950087,,inside_rectangle,single_source,yes,yes,
MZA-03645,2018-03-22T16:45:41.910Z,2018,3,-33.327,-68.9548,32,3.9,mb,mb,3.9256,Mendoza2022_mb_to_Mw,Mendoza/YPF 2022,converted_regional,ISC,ISC,1,611866424,,inside_rectangle,single_source,yes,yes,
MZA-03646,2018-04-10T15:59:09.500Z,2018,4,-33.187,-69.121,14.7,2.5,ML,ML,2.5275,Mendoza2022_Meq_to_Mw,Mendoza/YPF 2022,converted_regional,ISC,ISC,1,617565043,,inside_rectangle,single_source,yes,yes,
MZA-03647,2018-04-12T03:21:05.299Z,2018,4,-32.093,-69.606,132.5,3.3,ML,ML,3.3035,Mendoza2022_Meq_to_Mw,Mendoza/YPF 2022,converted_regional,ISC,ISC,1,617565074,,inside_rectangle,single_source,yes,yes,
MZA-03648,2018-04-19T02:07:30.290Z,2018,4,-32.8538,-69.1919,10,2.3,ML,ML,2.3335,Mendoza2022_Meq_to_Mw,Mendoza/YPF 2022,converted_regional,ISC,ISC + USGS,2,614223966,us1000dnfp,inside_rectangle,accepted_auto,yes,yes,
MZA-03649,2018-04-28T20:49:57.319Z,2018,4,-33.1328,-68.7791,12.4,4.5,mb,mb,4.258,Mendoza2022_mb_to_Mw,Mendoza/YPF 2022,converted_regional,ISC,ISC + USGS,2,611911055,us1000du2r,inside_rectangle,accepted_auto,yes,yes,
MZA-03650,2018-05-20T07:25:38.299Z,2018,5,-32.311,-69.138,11,2.7,ML,ML,2.7215,Mendoza2022_Meq_to_Mw,Mendoza/YPF 2022,converted_regional,ISC,ISC,1,617570013,,inside_rectangle,single_source,yes,yes,
MZA-03651,2018-05-23T23:21:11.780Z,2018,5,-33.3136,-69.1539,3.1,4.3,mb,mb,4.1472,Mendoza2022_mb_to_Mw,Mendoza/YPF 2022,converted_regional,ISC,ISC + USGS,2,614230986,us1000eb00,inside_rectangle,accepted_auto,yes,yes,
MZA-03652,2018-06-16T23:25:14.600Z,2018,6,-32.96,-69.772,113,3.1,ML,ML,3.1095,Mendoza2022_Meq_to_Mw,Mendoza/YPF 2022,converted_regional,ISC,ISC,1,617570650,,inside_rectangle,single_source,yes,yes,
MZA-03653,2018-06-29T13:40:10.500Z,2018,6,-32.848,-69.735,132.5,3.2,ML,ML,3.2065,Mendoza2022_Meq_to_Mw,Mendoza/YPF 2022,converted_regional,ISC,ISC,1,617570870,,inside_rectangle,single_source,yes,yes,
MZA-03654,2018-06-30T14:03:52.099Z,2018,6,-33.609,-68.285,25.9,2.7,ML,ML,2.7215,Mendoza2022_Meq_to_Mw,Mendoza/YPF 2022,converted_regional,ISC,ISC,1,617570887,,inside_rectangle,single_source,yes,yes,
MZA-03655,2018-07-01T03:02:48.500Z,2018,7,-32.3837,-67.4389,45.3,4.6,mb,mb,4.3134,Mendoza2022_mb_to_Mw,Mendoza/YPF 2022,converted_regional,ISC,ISC + USGS,2,612186742,us2000fsr0,inside_rectangle,accepted_auto,yes,yes,
MZA-03656,2018-07-09T22:26:41.970Z,2018,7,-32.4084,-67.5225,143.2,3.7,mb,mb,3.8148,Mendoza2022_mb_to_Mw,Mendoza/YPF 2022,converted_regional,ISC,ISC,1,612364960,,inside_rectangle,single_source,yes,yes,
MZA-03657,2018-07-28T04:51:35.200Z,2018,7,-32.147,-69.772,126.5,3,ML,ML,3.0125,Mendoza2022_Meq_to_Mw,Mendoza/YPF 2022,converted_regional,ISC,ISC,1,617571327,,inside_rectangle,single_source,yes,yes,
MZA-03658,2018-07-30T02:43:32.740Z,2018,7,-34.4781,-68.6643,6,3.8,mb,mb,3.8702,Mendoza2022_mb_to_Mw,Mendoza/YPF 2022,converted_regional,ISC,ISC + USGS,2,612373491,us2000gh0i,inside_rectangle,accepted_auto,yes,yes,
MZA-03659,2018-08-16T19:57:30.400Z,2018,8,-33.117,-69.607,16.8,2.6,ML,ML,2.6245,Mendoza2022_Meq_to_Mw,Mendoza/YPF 2022,converted_regional,ISC,ISC,1,617571645,,inside_rectangle,single_source,yes,yes,
MZA-03660,2018-08-19T12:46:17.000Z,2018,8,-32.669,-68.98,9.2,2.7,ML,ML,2.7215,Mendoza2022_Meq_to_Mw,Mendoza/YPF 2022,converted_regional,ISC,ISC,1,617571695,,inside_rectangle,single_source,yes,yes,
MZA-03661,2018-08-20T06:40:51.580Z,2018,8,-33.5143,-68.1349,3.2,4.3,mb,mb,4.1472,Mendoza2022_mb_to_Mw,Mendoza/YPF 2022,converted_regional,ISC,ISC + USGS,2,612546939,us1000gdr7,inside_rectangle,accepted_auto,yes,yes,
MZA-03662,2018-09-12T16:51:03.789Z,2018,9,-33.1644,-70.0479,9.1,3.6,mb,mb,3.7594,Mendoza2022_mb_to_Mw,Mendoza/YPF 2022,converted_regional,ISC,ISC,1,616327079,,outside_requested_rectangle,single_source,no,no,Fuera del rectángulo; retenido por trazabilidad.
MZA-03663,2018-09-14T06:58:14.750Z,2018,9,-33.2912,-68.8643,8,4.2,mb,mb,4.0918,Mendoza2022_mb_to_Mw,Mendoza/YPF 2022,converted_regional,ISC,ISC + USGS,2,612719013,us2000hehy,inside_rectangle,accepted_auto,yes,yes,
MZA-03664,2018-09-19T15:57:43.700Z,2018,9,-33.009,-69.146,14.6,2.7,ML,ML,2.7215,Mendoza2022_Meq_to_Mw,Mendoza/YPF 2022,converted_regional,ISC,ISC,1,617572141,,inside_rectangle,single_source,yes,yes,
MZA-03665,2018-09-22T10:41:50.600Z,2018,9,-33.057,-68.965,15.5,3.4,ML,ML,3.4005,Mendoza2022_Meq_to_Mw,Mendoza/YPF 2022,converted_regional,ISC,ISC,1,617572167,,inside_rectangle,single_source,yes,yes,
MZA-03666,2018-10-06T14:00:58.499Z,2018,10,-33.077,-69.004,12.7,3.3,ML,ML,3.3035,Mendoza2022_Meq_to_Mw,Mendoza/YPF 2022,converted_regional,ISC,ISC,1,617572362,,inside_rectangle,single_source,yes,yes,
MZA-03667,2018-10-06T14:03:56.900Z,2018,10,-33.163,-69.105,8.9,2.4,ML,ML,2.4305,Mendoza2022_Meq_to_Mw,Mendoza/YPF 2022,converted_regional,ISC,ISC,1,617572363,,inside_rectangle,single_source,yes,yes,
MZA-03668,2018-10-07T12:09:36.160Z,2018,10,-32.7058,-68.1093,152.3,3.7,mbtmp,mb_tmp,,not_harmonized,,excluded_type_not_supported,ISC,ISC,1,617458451,,inside_rectangle,single_source,yes,no,
MZA-03669,2018-10-22T17:14:38.349Z,2018,10,-32.2715,-69.2852,114.8,3.5,ML,ML,3.4975,Mendoza2022_Meq_to_Mw,Mendoza/YPF 2022,converted_regional,ISC,ISC,1,616954528,,inside_rectangle,single_source,yes,yes,
MZA-03670,2018-10-25T20:31:48.500Z,2018,10,-33.12,-69.028,10.3,2.7,ML,ML,2.7215,Mendoza2022_Meq_to_Mw,Mendoza/YPF 2022,converted_regional,ISC,ISC,1,617572661,,inside_rectangle,single_source,yes,yes,
MZA-03671,2018-10-26T01:59:01.740Z,2018,10,-33.3652,-69.7422,9,4.5,mb,mb,4.258,Mendoza2022_mb_to_Mw,Mendoza/YPF 2022,converted_regional,ISC,ISC + USGS,2,613514240,us1000hhdf,inside_rectangle,accepted_auto,yes,yes,
MZA-03672,2018-10-26T04:52:48.400Z,2018,10,-33.334,-69.726,2.1,2.5,ML,ML,2.5275,Mendoza2022_Meq_to_Mw,Mendoza/YPF 2022,converted_regional,ISC,ISC,1,617572670,,inside_rectangle,single_source,yes,yes,
MZA-03673,2018-10-29T02:34:39.800Z,2018,10,-32.47,-69.846,128.5,2.6,ML,ML,2.6245,Mendoza2022_Meq_to_Mw,Mendoza/YPF 2022,converted_regional,ISC,ISC,1,617572724,,inside_rectangle,single_source,yes,yes,
MZA-03674,2018-10-29T04:39:42.800Z,2018,10,-32.645,-69.744,117.4,2.8,ML,ML,2.8185,Mendoza2022_Meq_to_Mw,Mendoza/YPF 2022,converted_regional,ISC,ISC,1,617572726,,inside_rectangle,single_source,yes,yes,
MZA-03675,2018-10-29T23:28:20.400Z,2018,10,-33.861,-68.904,13.1,2.6,ML,ML,2.6245,Mendoza2022_Meq_to_Mw,Mendoza/YPF 2022,converted_regional,ISC,ISC,1,617572737,,inside_rectangle,single_source,yes,yes,
MZA-03676,2018-11-01T04:11:57.300Z,2018,11,-33.499,-69.101,13.2,1.9,ML,ML,1.9455,Mendoza2022_Meq_to_Mw,Mendoza/YPF 2022,converted_regional,ISC,ISC,1,617799155,,inside_rectangle,single_source,yes,yes,
MZA-03677,2018-11-01T06:57:03.500Z,2018,11,-33.34,-69.249,10.8,1.3,ML,ML,1.3635,Mendoza2022_Meq_to_Mw,Mendoza/YPF 2022,converted_regional,ISC,ISC,1,617799160,,inside_rectangle,single_source,yes,yes,
MZA-03678,2018-11-01T10:59:32.500Z,2018,11,-33.063,-69.059,15.9,1.4,ML,ML,1.4605,Mendoza2022_Meq_to_Mw,Mendoza/YPF 2022,converted_regional,ISC,ISC,1,617799167,,inside_rectangle,single_source,yes,yes,
MZA-03679,2018-11-01T19:00:07.000Z,2018,11,-33.369,-69.068,28.3,2,ML,ML,2.0425,Mendoza2022_Meq_to_Mw,Mendoza/YPF 2022,converted_regional,ISC,ISC,1,617799178,,inside_rectangle,single_source,yes,yes,
MZA-03680,2018-11-01T20:03:06.199Z,2018,11,-33.448,-68.857,37.4,1.1,ML,ML,1.1695,Mendoza2022_Meq_to_Mw,Mendoza/YPF 2022,converted_regional,ISC,ISC,1,617799179,,inside_rectangle,single_source,yes,yes,
MZA-03681,2018-11-01T20:22:48.000Z,2018,11,-32.822,-67.647,156.1,2,ML,ML,2.0425,Mendoza2022_Meq_to_Mw,Mendoza/YPF 2022,converted_regional,ISC,ISC,1,617799181,,inside_rectangle,single_source,yes,yes,
MZA-03682,2018-11-01T20:29:10.900Z,2018,11,-33.044,-68.916,25.3,0.9,ML,ML,0.9755,Mendoza2022_Meq_to_Mw,Mendoza/YPF 2022,converted_regional,ISC,ISC,1,617799182,,inside_rectangle,single_source,yes,yes,
MZA-03683,2018-11-01T22:00:52.399Z,2018,11,-33.371,-69.211,10.1,2,ML,ML,2.0425,Mendoza2022_Meq_to_Mw,Mendoza/YPF 2022,converted_regional,ISC,ISC,1,617799189,,inside_rectangle,single_source,yes,yes,
MZA-03684,2018-11-02T02:33:19.700Z,2018,11,-32.837,-68.379,12,2.2,ML,ML,2.2365,Mendoza2022_Meq_to_Mw,Mendoza/YPF 2022,converted_regional,ISC,ISC,1,617799198,,inside_rectangle,single_source,yes,yes,
MZA-03685,2018-11-02T02:57:10.099Z,2018,11,-32.75,-68.953,135.5,2.3,ML,ML,2.3335,Mendoza2022_Meq_to_Mw,Mendoza/YPF 2022,converted_regional,ISC,ISC,1,617799199,,inside_rectangle,single_source,yes,yes,
MZA-03686,2018-11-02T05:47:31.799Z,2018,11,-32.668,-68.986,28,0.8,ML,ML,0.8785,Mendoza2022_Meq_to_Mw,Mendoza/YPF 2022,converted_regional,ISC,ISC,1,617799202,,inside_rectangle,single_source,yes,yes,
MZA-03687,2018-11-02T06:37:13.200Z,2018,11,-32.769,-68.161,15,1.9,ML,ML,1.9455,Mendoza2022_Meq_to_Mw,Mendoza/YPF 2022,converted_regional,ISC,ISC,1,617799203,,inside_rectangle,single_source,yes,yes,
MZA-03688,2018-11-02T15:32:10.700Z,2018,11,-32.897,-69.063,14.5,1.1,ML,ML,1.1695,Mendoza2022_Meq_to_Mw,Mendoza/YPF 2022,converted_regional,ISC,ISC,1,617799220,,inside_rectangle,single_source,yes,yes,
MZA-03689,2018-11-02T16:08:53.900Z,2018,11,-32.466,-69.056,15.5,2.7,ML,ML,2.7215,Mendoza2022_Meq_to_Mw,Mendoza/YPF 2022,converted_regional,ISC,ISC,1,617799222,,inside_rectangle,single_source,yes,yes,
MZA-03690,2018-11-02T16:21:00.000Z,2018,11,-32.442,-69.25,16.6,1.2,ML,ML,1.2665,Mendoza2022_Meq_to_Mw,Mendoza/YPF 2022,converted_regional,ISC,ISC,1,617799223,,inside_rectangle,single_source,yes,yes,
MZA-03691,2018-11-02T19:09:01.000Z,2018,11,-32.967,-68.288,6.2,2.1,ML,ML,2.1395,Mendoza2022_Meq_to_Mw,Mendoza/YPF 2022,converted_regional,ISC,ISC,1,617799226,,inside_rectangle,single_source,yes,yes,
MZA-03692,2018-11-02T20:29:44.000Z,2018,11,-32.902,-69.33,18.1,1.1,ML,ML,1.1695,Mendoza2022_Meq_to_Mw,Mendoza/YPF 2022,converted_regional,ISC,ISC,1,617799229,,inside_rectangle,single_source,yes,yes,
MZA-03693,2018-11-02T23:21:34.100Z,2018,11,-32.892,-69.275,22.3,1.3,ML,ML,1.3635,Mendoza2022_Meq_to_Mw,Mendoza/YPF 2022,converted_regional,ISC,ISC,1,617799234,,inside_rectangle,single_source,yes,yes,
MZA-03694,2018-11-03T04:01:53.600Z,2018,11,-32.75,-69.371,10.2,1,ML,ML,1.0725,Mendoza2022_Meq_to_Mw,Mendoza/YPF 2022,converted_regional,ISC,ISC,1,617799240,,inside_rectangle,single_source,yes,yes,
MZA-03695,2018-11-03T08:10:22.400Z,2018,11,-32.947,-68.89,20,0.9,ML,ML,0.9755,Mendoza2022_Meq_to_Mw,Mendoza/YPF 2022,converted_regional,ISC,ISC,1,617799245,,inside_rectangle,single_source,yes,yes,
MZA-03696,2018-11-03T08:13:55.700Z,2018,11,-33.83,-69.248,15,2.3,ML,ML,2.3335,Mendoza2022_Meq_to_Mw,Mendoza/YPF 2022,converted_regional,ISC,ISC,1,617799246,,inside_rectangle,single_source,yes,yes,
MZA-03697,2018-11-03T13:00:00.400Z,2018,11,-33.602,-68.984,20.6,1.6,ML,ML,1.6545,Mendoza2022_Meq_to_Mw,Mendoza/YPF 2022,converted_regional,ISC,ISC,1,617799249,,inside_rectangle,single_source,yes,yes,
MZA-03698,2018-11-03T19:33:30.100Z,2018,11,-32.177,-69.464,110.3,2.3,ML,ML,2.3335,Mendoza2022_Meq_to_Mw,Mendoza/YPF 2022,converted_regional,ISC,ISC,1,617799262,,inside_rectangle,single_source,yes,yes,
MZA-03699,2018-11-04T14:42:55.400Z,2018,11,-33.291,-68.523,7.5,2.6,ML,ML,2.6245,Mendoza2022_Meq_to_Mw,Mendoza/YPF 2022,converted_regional,ISC,ISC,1,617799284,,inside_rectangle,single_source,yes,yes,
MZA-03700,2018-11-04T18:13:40.200Z,2018,11,-33.216,-68.877,28,1.5,ML,ML,1.5575,Mendoza2022_Meq_to_Mw,Mendoza/YPF 2022,converted_regional,ISC,ISC,1,617799289,,inside_rectangle,single_source,yes,yes,
MZA-03701,2018-11-05T03:38:53.100Z,2018,11,-32.637,-68.856,28.4,1.6,ML,ML,1.6545,Mendoza2022_Meq_to_Mw,Mendoza/YPF 2022,converted_regional,ISC,ISC,1,617799299,,inside_rectangle,single_source,yes,yes,
MZA-03702,2018-11-06T03:43:49.999Z,2018,11,-33.279,-67.767,213.9,3.2,ML,ML,3.2065,Mendoza2022_Meq_to_Mw,Mendoza/YPF 2022,converted_regional,ISC,ISC,1,617799323,,inside_rectangle,single_source,yes,yes,
MZA-03703,2018-11-06T10:49:08.899Z,2018,11,-32.016,-69.51,107.9,2.2,ML,ML,2.2365,Mendoza2022_Meq_to_Mw,Mendoza/YPF 2022,converted_regional,ISC,ISC,1,617799332,,inside_rectangle,single_source,yes,yes,
MZA-03704,2018-11-07T10:15:10.100Z,2018,11,-32.522,-69.574,156.7,2.3,ML,ML,2.3335,Mendoza2022_Meq_to_Mw,Mendoza/YPF 2022,converted_regional,ISC,ISC,1,617799357,,inside_rectangle,single_source,yes,yes,
MZA-03705,2018-11-08T06:19:00.100Z,2018,11,-32.168,-69.834,111.8,2.1,ML,ML,2.1395,Mendoza2022_Meq_to_Mw,Mendoza/YPF 2022,converted_regional,ISC,ISC,1,617799389,,inside_rectangle,single_source,yes,yes,
MZA-03706,2018-11-08T15:58:49.200Z,2018,11,-32.273,-68.505,112.3,2.2,ML,ML,2.2365,Mendoza2022_Meq_to_Mw,Mendoza/YPF 2022,converted_regional,ISC,ISC,1,617799405,,inside_rectangle,single_source,yes,yes,
MZA-03707,2018-11-09T11:24:15.000Z,2018,11,-32.5,-69.796,121.6,2.4,ML,ML,2.4305,Mendoza2022_Meq_to_Mw,Mendoza/YPF 2022,converted_regional,ISC,ISC,1,617799428,,inside_rectangle,single_source,yes,yes,
MZA-03708,2018-11-13T11:02:45.000Z,2018,11,-32.307,-69.691,107.3,2.7,ML,ML,2.7215,Mendoza2022_Meq_to_Mw,Mendoza/YPF 2022,converted_regional,ISC,ISC,1,617572997,,inside_rectangle,single_source,yes,yes,
MZA-03709,2018-11-14T13:14:55.200Z,2018,11,-32.046,-68.999,113.1,2.6,ML,ML,2.6245,Mendoza2022_Meq_to_Mw,Mendoza/YPF 2022,converted_regional,ISC,ISC,1,617799574,,inside_rectangle,single_source,yes,yes,
MZA-03710,2018-11-18T09:10:25.900Z,2018,11,-32.249,-69.486,106.7,2,ML,ML,2.0425,Mendoza2022_Meq_to_Mw,Mendoza/YPF 2022,converted_regional,ISC,ISC,1,617799675,,inside_rectangle,single_source,yes,yes,
MZA-03711,2018-11-18T09:36:36.300Z,2018,11,-32.009,-69.361,116.5,3.1,ML,ML,3.1095,Mendoza2022_Meq_to_Mw,Mendoza/YPF 2022,converted_regional,ISC,ISC,1,617799677,,inside_rectangle,single_source,yes,yes,
MZA-03712,2018-11-18T17:54:35.299Z,2018,11,-32.208,-67.222,120,2.7,ML,ML,2.7215,Mendoza2022_Meq_to_Mw,Mendoza/YPF 2022,converted_regional,ISC,ISC,1,617799688,,inside_rectangle,single_source,yes,yes,
MZA-03713,2018-11-18T21:27:03.600Z,2018,11,-33.903,-68.7,13.7,2.8,ML,ML,2.8185,Mendoza2022_Meq_to_Mw,Mendoza/YPF 2022,converted_regional,ISC,ISC,1,617799692,,inside_rectangle,single_source,yes,yes,
MZA-03714,2018-11-19T01:02:17.700Z,2018,11,-32.755,-68.805,130.4,2.4,ML,ML,2.4305,Mendoza2022_Meq_to_Mw,Mendoza/YPF 2022,converted_regional,ISC,ISC,1,617799693,,inside_rectangle,single_source,yes,yes,
MZA-03715,2018-11-19T13:37:51.900Z,2018,11,-32.027,-69.145,117.5,2.7,ML,ML,2.7215,Mendoza2022_Meq_to_Mw,Mendoza/YPF 2022,converted_regional,ISC,ISC,1,617799705,,inside_rectangle,single_source,yes,yes,
MZA-03716,2018-11-20T01:37:37.800Z,2018,11,-32.634,-69.681,143.8,2.3,ML,ML,2.3335,Mendoza2022_Meq_to_Mw,Mendoza/YPF 2022,converted_regional,ISC,ISC,1,617799718,,inside_rectangle,single_source,yes,yes,
MZA-03717,2018-11-20T03:52:40.100Z,2018,11,-32.078,-67.567,5.6,2.7,ML,ML,2.7215,Mendoza2022_Meq_to_Mw,Mendoza/YPF 2022,converted_regional,ISC,ISC,1,617799721,,inside_rectangle,single_source,yes,yes,
MZA-03718,2018-11-20T10:37:40.400Z,2018,11,-32.909,-67.744,181.8,2.7,ML,ML,2.7215,Mendoza2022_Meq_to_Mw,Mendoza/YPF 2022,converted_regional,ISC,ISC,1,617799734,,inside_rectangle,single_source,yes,yes,
MZA-03719,2018-11-23T16:06:51.800Z,2018,11,-32.538,-69.113,30.5,1.2,ML,ML,1.2665,Mendoza2022_Meq_to_Mw,Mendoza/YPF 2022,converted_regional,ISC,ISC,1,617799758,,inside_rectangle,single_source,yes,yes,
MZA-03720,2018-11-23T21:47:45.900Z,2018,11,-32.088,-67.16,15.1,1.8,ML,ML,1.8485,Mendoza2022_Meq_to_Mw,Mendoza/YPF 2022,converted_regional,ISC,ISC,1,617799766,,inside_rectangle,single_source,yes,yes,
MZA-03721,2018-11-23T21:59:41.000Z,2018,11,-32.574,-69.738,121.4,1.7,ML,ML,1.7515,Mendoza2022_Meq_to_Mw,Mendoza/YPF 2022,converted_regional,ISC,ISC,1,617799767,,inside_rectangle,single_source,yes,yes,
MZA-03722,2018-11-24T02:23:29.500Z,2018,11,-33.494,-68.948,7,1.4,ML,ML,1.4605,Mendoza2022_Meq_to_Mw,Mendoza/YPF 2022,converted_regional,ISC,ISC,1,617799769,,inside_rectangle,single_source,yes,yes,
MZA-03723,2018-11-24T04:01:15.900Z,2018,11,-33.186,-68.87,23.8,2,ML,ML,2.0425,Mendoza2022_Meq_to_Mw,Mendoza/YPF 2022,converted_regional,ISC,ISC,1,617799770,,inside_rectangle,single_source,yes,yes,
MZA-03724,2018-11-24T06:53:09.400Z,2018,11,-32.684,-69.015,132.2,2.4,ML,ML,2.4305,Mendoza2022_Meq_to_Mw,Mendoza/YPF 2022,converted_regional,ISC,ISC,1,617799772,,inside_rectangle,single_source,yes,yes,
MZA-03725,2018-11-24T11:29:11.900Z,2018,11,-32.001,-69.135,70.3,1.5,ML,ML,1.5575,Mendoza2022_Meq_to_Mw,Mendoza/YPF 2022,converted_regional,ISC,ISC,1,617799778,,inside_rectangle,single_source,yes,yes,
MZA-03726,2018-11-24T13:54:05.300Z,2018,11,-32.584,-69,12.7,1.8,ML,ML,1.8485,Mendoza2022_Meq_to_Mw,Mendoza/YPF 2022,converted_regional,ISC,ISC,1,617799781,,inside_rectangle,single_source,yes,yes,
MZA-03727,2018-11-25T00:03:45.100Z,2018,11,-32.106,-67.508,133.2,1.7,ML,ML,1.7515,Mendoza2022_Meq_to_Mw,Mendoza/YPF 2022,converted_regional,ISC,ISC,1,617799794,,inside_rectangle,single_source,yes,yes,
MZA-03728,2018-11-25T07:21:31.400Z,2018,11,-33.087,-68.81,25,0.6,ML,ML,0.6845,Mendoza2022_Meq_to_Mw,Mendoza/YPF 2022,converted_regional,ISC,ISC,1,617799799,,inside_rectangle,single_source,yes,yes,
MZA-03729,2018-11-25T08:19:51.500Z,2018,11,-32.921,-69.076,22,0.7,ML,ML,0.7815,Mendoza2022_Meq_to_Mw,Mendoza/YPF 2022,converted_regional,ISC,ISC,1,617799802,,inside_rectangle,single_source,yes,yes,
MZA-03730,2018-11-25T13:11:42.600Z,2018,11,-32.508,-69.735,115,2,ML,ML,2.0425,Mendoza2022_Meq_to_Mw,Mendoza/YPF 2022,converted_regional,ISC,ISC,1,617799809,,inside_rectangle,single_source,yes,yes,
MZA-03731,2018-11-25T15:22:07.000Z,2018,11,-32.041,-68.481,102.4,1.7,ML,ML,1.7515,Mendoza2022_Meq_to_Mw,Mendoza/YPF 2022,converted_regional,ISC,ISC,1,617799812,,inside_rectangle,single_source,yes,yes,
MZA-03732,2018-11-25T22:52:22.200Z,2018,11,-32.002,-68.325,25.4,1.8,ML,ML,1.8485,Mendoza2022_Meq_to_Mw,Mendoza/YPF 2022,converted_regional,ISC,ISC,1,617799825,,inside_rectangle,single_source,yes,yes,
MZA-03733,2018-11-26T04:56:10.700Z,2018,11,-32.758,-69.705,26,1.7,ML,ML,1.7515,Mendoza2022_Meq_to_Mw,Mendoza/YPF 2022,converted_regional,ISC,ISC,1,617799829,,inside_rectangle,single_source,yes,yes,
MZA-03734,2018-11-26T11:26:48.400Z,2018,11,-32.578,-68.616,25.6,1.9,ML,ML,1.9455,Mendoza2022_Meq_to_Mw,Mendoza/YPF 2022,converted_regional,ISC,ISC,1,617799834,,inside_rectangle,single_source,yes,yes,
MZA-03735,2018-11-26T11:49:56.200Z,2018,11,-32.437,-68.071,97.1,2.2,ML,ML,2.2365,Mendoza2022_Meq_to_Mw,Mendoza/YPF 2022,converted_regional,ISC,ISC,1,617799836,,inside_rectangle,single_source,yes,yes,
MZA-03736,2018-11-26T16:05:58.600Z,2018,11,-32.756,-68.89,29.4,1,ML,ML,1.0725,Mendoza2022_Meq_to_Mw,Mendoza/YPF 2022,converted_regional,ISC,ISC,1,617799845,,inside_rectangle,single_source,yes,yes,
MZA-03737,2018-11-26T18:03:51.700Z,2018,11,-32.241,-67.923,131.5,2.1,ML,ML,2.1395,Mendoza2022_Meq_to_Mw,Mendoza/YPF 2022,converted_regional,ISC,ISC,1,617799847,,inside_rectangle,single_source,yes,yes,
MZA-03738,2018-11-26T20:05:51.300Z,2018,11,-32.981,-69.108,17.2,2.2,ML,ML,2.2365,Mendoza2022_Meq_to_Mw,Mendoza/YPF 2022,converted_regional,ISC,ISC,1,617799848,,inside_rectangle,single_source,yes,yes,
MZA-03739,2018-11-26T22:32:23.400Z,2018,11,-32.459,-69.308,10.2,1.4,ML,ML,1.4605,Mendoza2022_Meq_to_Mw,Mendoza/YPF 2022,converted_regional,ISC,ISC,1,617799853,,inside_rectangle,single_source,yes,yes,
MZA-03740,2018-11-26T23:47:41.800Z,2018,11,-32.069,-68.623,120.3,1.9,ML,ML,1.9455,Mendoza2022_Meq_to_Mw,Mendoza/YPF 2022,converted_regional,ISC,ISC,1,617799854,,inside_rectangle,single_source,yes,yes,
MZA-03741,2018-11-27T03:41:08.600Z,2018,11,-34.792,-69.858,190.4,2.7,ML,ML,2.7215,Mendoza2022_Meq_to_Mw,Mendoza/YPF 2022,converted_regional,ISC,ISC,1,617573230,,inside_rectangle,single_source,yes,yes,
MZA-03742,2018-11-27T04:16:29.499Z,2018,11,-32.924,-68.905,23.3,0.3,ML,ML,0.3935,Mendoza2022_Meq_to_Mw,Mendoza/YPF 2022,converted_regional,ISC,ISC,1,617799861,,inside_rectangle,single_source,yes,yes,
MZA-03743,2018-11-27T05:00:00.500Z,2018,11,-33.04,-69.018,23.2,1.7,ML,ML,1.7515,Mendoza2022_Meq_to_Mw,Mendoza/YPF 2022,converted_regional,ISC,ISC,1,617799863,,inside_rectangle,single_source,yes,yes,
MZA-03744,2018-11-28T08:33:00.700Z,2018,11,-32.802,-67.429,177.9,2.2,ML,ML,2.2365,Mendoza2022_Meq_to_Mw,Mendoza/YPF 2022,converted_regional,ISC,ISC,1,617799893,,inside_rectangle,single_source,yes,yes,
MZA-03745,2018-11-28T23:00:31.400Z,2018,11,-33.414,-68.667,23.9,2.1,ML,ML,2.1395,Mendoza2022_Meq_to_Mw,Mendoza/YPF 2022,converted_regional,ISC,ISC,1,617799912,,inside_rectangle,single_source,yes,yes,
MZA-03746,2018-11-29T01:27:06.500Z,2018,11,-32.068,-68.477,114.4,2.7,ML,ML,2.7215,Mendoza2022_Meq_to_Mw,Mendoza/YPF 2022,converted_regional,ISC,ISC,1,617799914,,inside_rectangle,single_source,yes,yes,
MZA-03747,2018-11-29T04:11:52.300Z,2018,11,-32.763,-69.029,34.5,1.8,ML,ML,1.8485,Mendoza2022_Meq_to_Mw,Mendoza/YPF 2022,converted_regional,ISC,ISC,1,617799917,,inside_rectangle,single_source,yes,yes,
MZA-03748,2018-11-29T06:15:49.099Z,2018,11,-32.086,-69.408,131.7,2.1,ML,ML,2.1395,Mendoza2022_Meq_to_Mw,Mendoza/YPF 2022,converted_regional,ISC,ISC,1,617799920,,inside_rectangle,single_source,yes,yes,
MZA-03749,2018-11-29T06:24:32.400Z,2018,11,-33.708,-68.003,20.4,1.9,ML,ML,1.9455,Mendoza2022_Meq_to_Mw,Mendoza/YPF 2022,converted_regional,ISC,ISC,1,617799921,,inside_rectangle,single_source,yes,yes,
MZA-03750,2018-11-29T06:41:39.800Z,2018,11,-32.911,-67.641,180.1,1.7,ML,ML,1.7515,Mendoza2022_Meq_to_Mw,Mendoza/YPF 2022,converted_regional,ISC,ISC,1,617799922,,inside_rectangle,single_source,yes,yes,
MZA-03751,2018-11-29T09:32:12.600Z,2018,11,-32.71,-68.612,126.2,1.4,ML,ML,1.4605,Mendoza2022_Meq_to_Mw,Mendoza/YPF 2022,converted_regional,ISC,ISC,1,617799926,,inside_rectangle,single_source,yes,yes,
MZA-03752,2018-11-29T09:36:58.100Z,2018,11,-33.077,-68.478,208.4,1.9,ML,ML,1.9455,Mendoza2022_Meq_to_Mw,Mendoza/YPF 2022,converted_regional,ISC,ISC,1,617799927,,inside_rectangle,single_source,yes,yes,
MZA-03753,2018-11-29T11:18:45.500Z,2018,11,-32.463,-69.778,121.8,2.5,ML,ML,2.5275,Mendoza2022_Meq_to_Mw,Mendoza/YPF 2022,converted_regional,ISC,ISC,1,617573267,,inside_rectangle,single_source,yes,yes,
MZA-03754,2018-11-29T14:42:11.200Z,2018,11,-32.494,-69.313,25.3,1.2,ML,ML,1.2665,Mendoza2022_Meq_to_Mw,Mendoza/YPF 2022,converted_regional,ISC,ISC,1,617799933,,inside_rectangle,single_source,yes,yes,
MZA-03755,2018-11-29T16:52:45.000Z,2018,11,-33.511,-69.519,156,2.8,ML,ML,2.8185,Mendoza2022_Meq_to_Mw,Mendoza/YPF 2022,converted_regional,ISC,ISC,1,617799936,,inside_rectangle,single_source,yes,yes,
MZA-03756,2018-11-29T17:16:57.000Z,2018,11,-32.98,-67.95,177,3.1,ML,ML,3.1095,Mendoza2022_Meq_to_Mw,Mendoza/YPF 2022,converted_regional,ISC,ISC,1,617799939,,inside_rectangle,single_source,yes,yes,
MZA-03757,2018-11-29T22:59:57.400Z,2018,11,-32.329,-69.248,34.9,1.9,MW,Mw,1.9,reported_Mw,ISC/USGS,direct,ISC,ISC,1,617799949,,inside_rectangle,single_source,yes,yes,
MZA-03758,2018-11-30T02:57:46.500Z,2018,11,-32.767,-69.223,20,1.8,ML,ML,1.8485,Mendoza2022_Meq_to_Mw,Mendoza/YPF 2022,converted_regional,ISC,ISC,1,617799952,,inside_rectangle,single_source,yes,yes,
MZA-03759,2018-11-30T04:13:05.500Z,2018,11,-33.127,-68.816,22.2,0.6,ML,ML,0.6845,Mendoza2022_Meq_to_Mw,Mendoza/YPF 2022,converted_regional,ISC,ISC,1,617799953,,inside_rectangle,single_source,yes,yes,
MZA-03760,2018-11-30T10:57:40.999Z,2018,11,-32.888,-69.309,5.6,1.6,ML,ML,1.6545,Mendoza2022_Meq_to_Mw,Mendoza/YPF 2022,converted_regional,ISC,ISC,1,617799961,,inside_rectangle,single_source,yes,yes,
MZA-03761,2018-11-30T12:01:07.000Z,2018,11,-33.056,-69.407,10.7,1.8,ML,ML,1.8485,Mendoza2022_Meq_to_Mw,Mendoza/YPF 2022,converted_regional,ISC,ISC,1,617799963,,inside_rectangle,single_source,yes,yes,
MZA-03762,2018-11-30T15:40:30.999Z,2018,11,-32.215,-69.484,109.4,2.5,ML,ML,2.5275,Mendoza2022_Meq_to_Mw,Mendoza/YPF 2022,converted_regional,ISC,ISC,1,617799968,,inside_rectangle,single_source,yes,yes,
MZA-03763,2018-11-30T19:00:16.200Z,2018,11,-33.283,-68.476,16.4,1.2,ML,ML,1.2665,Mendoza2022_Meq_to_Mw,Mendoza/YPF 2022,converted_regional,ISC,ISC,1,617799975,,inside_rectangle,single_source,yes,yes,
MZA-03764,2018-11-30T20:02:49.300Z,2018,11,-33.082,-69.151,10.3,1.5,ML,ML,1.5575,Mendoza2022_Meq_to_Mw,Mendoza/YPF 2022,converted_regional,ISC,ISC,1,617799976,,inside_rectangle,single_source,yes,yes,
MZA-03765,2018-11-30T21:00:10.100Z,2018,11,-32.036,-68.469,114.6,1.7,ML,ML,1.7515,Mendoza2022_Meq_to_Mw,Mendoza/YPF 2022,converted_regional,ISC,ISC,1,617799977,,inside_rectangle,single_source,yes,yes,
MZA-03766,2018-12-01T04:48:27.600Z,2018,12,-32.63,-68.806,49.2,0.9,ML,ML,0.9755,Mendoza2022_Meq_to_Mw,Mendoza/YPF 2022,converted_regional,ISC,ISC,1,617799984,,inside_rectangle,single_source,yes,yes,
MZA-03767,2018-12-01T09:40:08.800Z,2018,12,-34.155,-68.488,5.7,2.8,ML,ML,2.8185,Mendoza2022_Meq_to_Mw,Mendoza/YPF 2022,converted_regional,ISC,ISC,1,617799991,,inside_rectangle,single_source,yes,yes,
MZA-03768,2018-12-01T10:05:07.099Z,2018,12,-32.899,-69.175,18.1,1.9,ML,ML,1.9455,Mendoza2022_Meq_to_Mw,Mendoza/YPF 2022,converted_regional,ISC,ISC,1,617799992,,inside_rectangle,single_source,yes,yes,
MZA-03769,2018-12-01T11:14:02.299Z,2018,12,-32.532,-68.818,97.8,2,ML,ML,2.0425,Mendoza2022_Meq_to_Mw,Mendoza/YPF 2022,converted_regional,ISC,ISC,1,617799994,,inside_rectangle,single_source,yes,yes,
MZA-03770,2018-12-01T23:29:11.400Z,2018,12,-33.136,-69.058,12,1.2,ML,ML,1.2665,Mendoza2022_Meq_to_Mw,Mendoza/YPF 2022,converted_regional,ISC,ISC,1,617800010,,inside_rectangle,single_source,yes,yes,
MZA-03771,2018-12-02T05:22:29.400Z,2018,12,-32.95,-69.2,18.1,1.9,ML,ML,1.9455,Mendoza2022_Meq_to_Mw,Mendoza/YPF 2022,converted_regional,ISC,ISC,1,617800014,,inside_rectangle,single_source,yes,yes,
MZA-03772,2018-12-02T08:33:10.800Z,2018,12,-33.099,-68.792,23.6,1.9,ML,ML,1.9455,Mendoza2022_Meq_to_Mw,Mendoza/YPF 2022,converted_regional,ISC,ISC,1,617800020,,inside_rectangle,single_source,yes,yes,
MZA-03773,2018-12-02T12:57:52.900Z,2018,12,-33.408,-69.141,149.4,2.3,ML,ML,2.3335,Mendoza2022_Meq_to_Mw,Mendoza/YPF 2022,converted_regional,ISC,ISC,1,617800027,,inside_rectangle,single_source,yes,yes,
MZA-03774,2018-12-03T02:12:06.899Z,2018,12,-32.19,-69.643,118,2.2,ML,ML,2.2365,Mendoza2022_Meq_to_Mw,Mendoza/YPF 2022,converted_regional,ISC,ISC,1,617800045,,inside_rectangle,single_source,yes,yes,
MZA-03775,2018-12-03T04:51:56.000Z,2018,12,-33.069,-69.244,25.3,1.8,ML,ML,1.8485,Mendoza2022_Meq_to_Mw,Mendoza/YPF 2022,converted_regional,ISC,ISC,1,617800050,,inside_rectangle,single_source,yes,yes,
MZA-03776,2018-12-03T05:57:46.800Z,2018,12,-32.745,-68.806,28.1,1.7,ML,ML,1.7515,Mendoza2022_Meq_to_Mw,Mendoza/YPF 2022,converted_regional,ISC,ISC,1,617800051,,inside_rectangle,single_source,yes,yes,
MZA-03777,2018-12-03T08:40:52.900Z,2018,12,-32.69,-68.359,10,1.8,ML,ML,1.8485,Mendoza2022_Meq_to_Mw,Mendoza/YPF 2022,converted_regional,ISC,ISC,1,617800056,,inside_rectangle,single_source,yes,yes,
MZA-03778,2018-12-04T03:58:32.400Z,2018,12,-33.312,-69.096,39.2,1.9,ML,ML,1.9455,Mendoza2022_Meq_to_Mw,Mendoza/YPF 2022,converted_regional,ISC,ISC,1,617800080,,inside_rectangle,single_source,yes,yes,
MZA-03779,2018-12-04T08:01:52.400Z,2018,12,-33.715,-69.039,11.3,1.5,ML,ML,1.5575,Mendoza2022_Meq_to_Mw,Mendoza/YPF 2022,converted_regional,ISC,ISC,1,617800090,,inside_rectangle,single_source,yes,yes,
MZA-03780,2018-12-04T08:16:49.200Z,2018,12,-33.009,-69.247,10.4,1.5,ML,ML,1.5575,Mendoza2022_Meq_to_Mw,Mendoza/YPF 2022,converted_regional,ISC,ISC,1,617800092,,inside_rectangle,single_source,yes,yes,
MZA-03781,2018-12-04T11:13:26.000Z,2018,12,-32.041,-69.311,114.9,2.1,ML,ML,2.1395,Mendoza2022_Meq_to_Mw,Mendoza/YPF 2022,converted_regional,ISC,ISC,1,617800101,,inside_rectangle,single_source,yes,yes,
MZA-03782,2018-12-04T13:50:59.300Z,2018,12,-32.208,-69.453,122.9,3.4,ML,ML,3.4005,Mendoza2022_Meq_to_Mw,Mendoza/YPF 2022,converted_regional,ISC,ISC,1,617800106,,inside_rectangle,single_source,yes,yes,
MZA-03783,2018-12-04T15:31:14.900Z,2018,12,-33.318,-69.159,38.5,1.6,ML,ML,1.6545,Mendoza2022_Meq_to_Mw,Mendoza/YPF 2022,converted_regional,ISC,ISC,1,617800109,,inside_rectangle,single_source,yes,yes,
MZA-03784,2018-12-04T18:48:29.700Z,2018,12,-32.736,-68.728,32.4,1.6,ML,ML,1.6545,Mendoza2022_Meq_to_Mw,Mendoza/YPF 2022,converted_regional,ISC,ISC,1,617800113,,inside_rectangle,single_source,yes,yes,
MZA-03785,2018-12-05T12:28:50.900Z,2018,12,-32.802,-68.886,23.8,1.1,ML,ML,1.1695,Mendoza2022_Meq_to_Mw,Mendoza/YPF 2022,converted_regional,ISC,ISC,1,617800138,,inside_rectangle,single_source,yes,yes,
MZA-03786,2018-12-06T02:19:55.200Z,2018,12,-32.107,-69.443,112.1,1.8,ML,ML,1.8485,Mendoza2022_Meq_to_Mw,Mendoza/YPF 2022,converted_regional,ISC,ISC,1,617800156,,inside_rectangle,single_source,yes,yes,
MZA-03787,2018-12-06T18:03:07.299Z,2018,12,-32.751,-68.737,18.3,1.1,ML,ML,1.1695,Mendoza2022_Meq_to_Mw,Mendoza/YPF 2022,converted_regional,ISC,ISC,1,617800175,,inside_rectangle,single_source,yes,yes,
MZA-03788,2018-12-07T00:48:32.200Z,2018,12,-32.831,-69.251,15.8,2.3,ML,ML,2.3335,Mendoza2022_Meq_to_Mw,Mendoza/YPF 2022,converted_regional,ISC,ISC,1,617800186,,inside_rectangle,single_source,yes,yes,
MZA-03789,2018-12-07T01:04:08.300Z,2018,12,-33.228,-68.163,32.9,1.5,ML,ML,1.5575,Mendoza2022_Meq_to_Mw,Mendoza/YPF 2022,converted_regional,ISC,ISC,1,617800187,,inside_rectangle,single_source,yes,yes,
MZA-03790,2018-12-07T05:05:02.000Z,2018,12,-32.225,-68.656,113.3,1.8,ML,ML,1.8485,Mendoza2022_Meq_to_Mw,Mendoza/YPF 2022,converted_regional,ISC,ISC,1,617800191,,inside_rectangle,single_source,yes,yes,
MZA-03791,2018-12-07T05:21:52.700Z,2018,12,-32.139,-69.461,120.8,2.5,ML,ML,2.5275,Mendoza2022_Meq_to_Mw,Mendoza/YPF 2022,converted_regional,ISC,ISC,1,617800192,,inside_rectangle,single_source,yes,yes,
MZA-03792,2018-12-07T13:45:08.800Z,2018,12,-33.243,-69.023,18.4,2.6,ML,ML,2.6245,Mendoza2022_Meq_to_Mw,Mendoza/YPF 2022,converted_regional,ISC,ISC,1,617800202,,inside_rectangle,single_source,yes,yes,
MZA-03793,2018-12-07T17:17:43.000Z,2018,12,-32.25,-68.513,28.3,1.5,ML,ML,1.5575,Mendoza2022_Meq_to_Mw,Mendoza/YPF 2022,converted_regional,ISC,ISC,1,617800208,,inside_rectangle,single_source,yes,yes,
MZA-03794,2018-12-08T06:32:25.500Z,2018,12,-33.097,-69.024,21.5,1,ML,ML,1.0725,Mendoza2022_Meq_to_Mw,Mendoza/YPF 2022,converted_regional,ISC,ISC,1,617800227,,inside_rectangle,single_source,yes,yes,
MZA-03795,2018-12-08T07:00:19.500Z,2018,12,-32.068,-69.487,121.9,2.1,ML,ML,2.1395,Mendoza2022_Meq_to_Mw,Mendoza/YPF 2022,converted_regional,ISC,ISC,1,617800231,,inside_rectangle,single_source,yes,yes,
MZA-03796,2018-12-08T10:07:44.800Z,2018,12,-32.745,-69.034,30,0.8,ML,ML,0.8785,Mendoza2022_Meq_to_Mw,Mendoza/YPF 2022,converted_regional,ISC,ISC,1,617800241,,inside_rectangle,single_source,yes,yes,
MZA-03797,2018-12-08T20:05:08.300Z,2018,12,-33.419,-67.803,24.9,1.8,ML,ML,1.8485,Mendoza2022_Meq_to_Mw,Mendoza/YPF 2022,converted_regional,ISC,ISC,1,617800255,,inside_rectangle,single_source,yes,yes,
MZA-03798,2018-12-09T02:38:42.100Z,2018,12,-32.929,-68.121,11,3.2,ML,ML,3.2065,Mendoza2022_Meq_to_Mw,Mendoza/YPF 2022,converted_regional,ISC,ISC,1,617800266,,inside_rectangle,single_source,yes,yes,
MZA-03799,2018-12-09T03:17:27.000Z,2018,12,-32.195,-68.347,126.2,1.7,ML,ML,1.7515,Mendoza2022_Meq_to_Mw,Mendoza/YPF 2022,converted_regional,ISC,ISC,1,617800267,,inside_rectangle,single_source,yes,yes,
MZA-03800,2018-12-09T04:31:46.199Z,2018,12,-33.448,-67.921,80.3,1.9,ML,ML,1.9455,Mendoza2022_Meq_to_Mw,Mendoza/YPF 2022,converted_regional,ISC,ISC,1,617800269,,inside_rectangle,single_source,yes,yes,
MZA-03801,2018-12-09T08:10:13.600Z,2018,12,-32.963,-69,10.4,0.5,ML,ML,0.5875,Mendoza2022_Meq_to_Mw,Mendoza/YPF 2022,converted_regional,ISC,ISC,1,617800278,,inside_rectangle,single_source,yes,yes,
MZA-03802,2018-12-09T09:03:42.900Z,2018,12,-32.432,-68.932,115.1,1.8,ML,ML,1.8485,Mendoza2022_Meq_to_Mw,Mendoza/YPF 2022,converted_regional,ISC,ISC,1,617800284,,inside_rectangle,single_source,yes,yes,
MZA-03803,2018-12-09T09:36:57.800Z,2018,12,-32.551,-67.829,42.4,1.7,ML,ML,1.7515,Mendoza2022_Meq_to_Mw,Mendoza/YPF 2022,converted_regional,ISC,ISC,1,617800285,,inside_rectangle,single_source,yes,yes,
MZA-03804,2018-12-09T13:22:56.400Z,2018,12,-32.535,-68.566,134.1,1.6,ML,ML,1.6545,Mendoza2022_Meq_to_Mw,Mendoza/YPF 2022,converted_regional,ISC,ISC,1,617800292,,inside_rectangle,single_source,yes,yes,
MZA-03805,2018-12-09T23:03:21.500Z,2018,12,-32.8,-68.712,38,1.5,ML,ML,1.5575,Mendoza2022_Meq_to_Mw,Mendoza/YPF 2022,converted_regional,ISC,ISC,1,617800302,,inside_rectangle,single_source,yes,yes,
MZA-03806,2018-12-10T00:59:32.500Z,2018,12,-32.307,-67.825,113.9,2.5,ML,ML,2.5275,Mendoza2022_Meq_to_Mw,Mendoza/YPF 2022,converted_regional,ISC,ISC,1,617800310,,inside_rectangle,single_source,yes,yes,
MZA-03807,2018-12-10T01:20:49.400Z,2018,12,-32.145,-69.827,119.5,1.5,ML,ML,1.5575,Mendoza2022_Meq_to_Mw,Mendoza/YPF 2022,converted_regional,ISC,ISC,1,617800312,,inside_rectangle,single_source,yes,yes,
MZA-03808,2018-12-10T10:39:06.799Z,2018,12,-32.033,-68.54,120,1.8,ML,ML,1.8485,Mendoza2022_Meq_to_Mw,Mendoza/YPF 2022,converted_regional,ISC,ISC,1,617800325,,inside_rectangle,single_source,yes,yes,
MZA-03809,2018-12-10T12:47:33.100Z,2018,12,-33.662,-68.578,26.7,1.9,ML,ML,1.9455,Mendoza2022_Meq_to_Mw,Mendoza/YPF 2022,converted_regional,ISC,ISC,1,617800329,,inside_rectangle,single_source,yes,yes,
MZA-03810,2018-12-10T16:44:35.900Z,2018,12,-32.171,-68.461,118.5,2.6,ML,ML,2.6245,Mendoza2022_Meq_to_Mw,Mendoza/YPF 2022,converted_regional,ISC,ISC,1,617573496,,inside_rectangle,single_source,yes,yes,
MZA-03811,2018-12-10T20:19:16.500Z,2018,12,-33.088,-67.945,10,2.5,ML,ML,2.5275,Mendoza2022_Meq_to_Mw,Mendoza/YPF 2022,converted_regional,ISC,ISC,1,617800340,,inside_rectangle,single_source,yes,yes,
MZA-03812,2018-12-11T00:51:27.400Z,2018,12,-32.631,-69.333,30,1.2,ML,ML,1.2665,Mendoza2022_Meq_to_Mw,Mendoza/YPF 2022,converted_regional,ISC,ISC,1,617800353,,inside_rectangle,single_source,yes,yes,
MZA-03813,2018-12-11T04:18:14.400Z,2018,12,-32.205,-69.898,115.2,2,ML,ML,2.0425,Mendoza2022_Meq_to_Mw,Mendoza/YPF 2022,converted_regional,ISC,ISC,1,617800359,,inside_rectangle,single_source,yes,yes,
MZA-03814,2018-12-11T12:44:04.699Z,2018,12,-32.986,-68.195,7.5,2.2,ML,ML,2.2365,Mendoza2022_Meq_to_Mw,Mendoza/YPF 2022,converted_regional,ISC,ISC,1,617800363,,inside_rectangle,single_source,yes,yes,
MZA-03815,2018-12-11T13:57:29.700Z,2018,12,-33.276,-69.013,19,1.9,ML,ML,1.9455,Mendoza2022_Meq_to_Mw,Mendoza/YPF 2022,converted_regional,ISC,ISC,1,617800364,,inside_rectangle,single_source,yes,yes,
MZA-03816,2018-12-11T14:27:36.700Z,2018,12,-32.985,-68.266,28.4,1.9,ML,ML,1.9455,Mendoza2022_Meq_to_Mw,Mendoza/YPF 2022,converted_regional,ISC,ISC,1,617800366,,inside_rectangle,single_source,yes,yes,
MZA-03817,2018-12-11T15:50:33.500Z,2018,12,-32.804,-68.72,28.7,0.9,ML,ML,0.9755,Mendoza2022_Meq_to_Mw,Mendoza/YPF 2022,converted_regional,ISC,ISC,1,617800368,,inside_rectangle,single_source,yes,yes,
MZA-03818,2018-12-11T21:33:54.600Z,2018,12,-32.896,-69.138,33,1.5,ML,ML,1.5575,Mendoza2022_Meq_to_Mw,Mendoza/YPF 2022,converted_regional,ISC,ISC,1,617800375,,inside_rectangle,single_source,yes,yes,
MZA-03819,2018-12-13T06:09:39.300Z,2018,12,-32.314,-69.315,11,2.8,ML,ML,2.8185,Mendoza2022_Meq_to_Mw,Mendoza/YPF 2022,converted_regional,ISC,ISC,1,617800419,,inside_rectangle,single_source,yes,yes,
MZA-03820,2018-12-13T12:19:44.200Z,2018,12,-32.987,-69.543,133.9,3,ML,ML,3.0125,Mendoza2022_Meq_to_Mw,Mendoza/YPF 2022,converted_regional,ISC,ISC,1,617573550,,inside_rectangle,single_source,yes,yes,
MZA-03821,2018-12-15T13:22:11.099Z,2018,12,-34.023,-69.878,15.5,2.6,ML,ML,2.6245,Mendoza2022_Meq_to_Mw,Mendoza/YPF 2022,converted_regional,ISC,ISC,1,617573591,,inside_rectangle,single_source,yes,yes,
MZA-03822,2018-12-15T14:15:35.100Z,2018,12,-32.196,-67.485,132.2,2.2,ML,ML,2.2365,Mendoza2022_Meq_to_Mw,Mendoza/YPF 2022,converted_regional,ISC,ISC,1,617800497,,inside_rectangle,single_source,yes,yes,
MZA-03823,2018-12-18T19:12:04.400Z,2018,12,-32.495,-69.26,11.1,2.5,ML,ML,2.5275,Mendoza2022_Meq_to_Mw,Mendoza/YPF 2022,converted_regional,ISC,ISC,1,617800583,,inside_rectangle,single_source,yes,yes,
MZA-03824,2018-12-18T21:29:44.280Z,2018,12,-33.8565,-68.4112,11.7,4.5,mb,mb,4.258,Mendoza2022_mb_to_Mw,Mendoza/YPF 2022,converted_regional,ISC,ISC + USGS,2,614568657,us2000iuwm,inside_rectangle,accepted_auto,yes,yes,
MZA-03825,2018-12-19T06:13:54.200Z,2018,12,-32.904,-69.317,6.8,1.7,ML,ML,1.7515,Mendoza2022_Meq_to_Mw,Mendoza/YPF 2022,converted_regional,ISC,ISC,1,617800592,,inside_rectangle,single_source,yes,yes,
MZA-03826,2018-12-19T12:30:36.999Z,2018,12,-32.22,-69.748,94,1.6,ML,ML,1.6545,Mendoza2022_Meq_to_Mw,Mendoza/YPF 2022,converted_regional,ISC,ISC,1,617800603,,inside_rectangle,single_source,yes,yes,
MZA-03827,2018-12-19T16:16:29.499Z,2018,12,-32.034,-68.762,31,1.3,ML,ML,1.3635,Mendoza2022_Meq_to_Mw,Mendoza/YPF 2022,converted_regional,ISC,ISC,1,617800609,,inside_rectangle,single_source,yes,yes,
MZA-03828,2018-12-19T20:32:00.600Z,2018,12,-32.302,-69.306,14.2,1.1,ML,ML,1.1695,Mendoza2022_Meq_to_Mw,Mendoza/YPF 2022,converted_regional,ISC,ISC,1,617800615,,inside_rectangle,single_source,yes,yes,
MZA-03829,2018-12-19T21:10:50.200Z,2018,12,-32.32,-69.283,13.7,1.5,ML,ML,1.5575,Mendoza2022_Meq_to_Mw,Mendoza/YPF 2022,converted_regional,ISC,ISC,1,617800618,,inside_rectangle,single_source,yes,yes,
MZA-03830,2018-12-19T22:09:04.800Z,2018,12,-33.993,-68.136,23,2.4,ML,ML,2.4305,Mendoza2022_Meq_to_Mw,Mendoza/YPF 2022,converted_regional,ISC,ISC,1,617800619,,inside_rectangle,single_source,yes,yes,
MZA-03831,2018-12-20T00:22:23.500Z,2018,12,-33.331,-69.054,9,2.1,ML,ML,2.1395,Mendoza2022_Meq_to_Mw,Mendoza/YPF 2022,converted_regional,ISC,ISC,1,617800621,,inside_rectangle,single_source,yes,yes,
MZA-03832,2018-12-20T08:40:33.300Z,2018,12,-32.718,-69.035,15.5,1.7,ML,ML,1.7515,Mendoza2022_Meq_to_Mw,Mendoza/YPF 2022,converted_regional,ISC,ISC,1,617800635,,inside_rectangle,single_source,yes,yes,
MZA-03833,2018-12-20T10:53:59.300Z,2018,12,-33.659,-68.64,12.5,2.5,ML,ML,2.5275,Mendoza2022_Meq_to_Mw,Mendoza/YPF 2022,converted_regional,ISC,ISC,1,617800641,,inside_rectangle,single_source,yes,yes,
MZA-03834,2018-12-20T12:05:10.800Z,2018,12,-32.371,-69.41,17.9,1.1,ML,ML,1.1695,Mendoza2022_Meq_to_Mw,Mendoza/YPF 2022,converted_regional,ISC,ISC,1,617800643,,inside_rectangle,single_source,yes,yes,
MZA-03835,2018-12-20T12:46:55.800Z,2018,12,-32.285,-69.202,6,1.8,ML,ML,1.8485,Mendoza2022_Meq_to_Mw,Mendoza/YPF 2022,converted_regional,ISC,ISC,1,617800646,,inside_rectangle,single_source,yes,yes,
MZA-03836,2018-12-20T12:51:50.099Z,2018,12,-32.299,-69.826,123.8,2.8,ML,ML,2.8185,Mendoza2022_Meq_to_Mw,Mendoza/YPF 2022,converted_regional,ISC,ISC,1,617573680,,inside_rectangle,single_source,yes,yes,
MZA-03837,2018-12-20T13:44:41.400Z,2018,12,-32.885,-69.021,6.7,1.5,ML,ML,1.5575,Mendoza2022_Meq_to_Mw,Mendoza/YPF 2022,converted_regional,ISC,ISC,1,617800647,,inside_rectangle,single_source,yes,yes,
MZA-03838,2018-12-20T14:12:06.500Z,2018,12,-32.813,-68.877,14,1.7,ML,ML,1.7515,Mendoza2022_Meq_to_Mw,Mendoza/YPF 2022,converted_regional,ISC,ISC,1,617800648,,inside_rectangle,single_source,yes,yes,
MZA-03839,2018-12-20T22:27:13.100Z,2018,12,-33.515,-68.797,11,1.1,ML,ML,1.1695,Mendoza2022_Meq_to_Mw,Mendoza/YPF 2022,converted_regional,ISC,ISC,1,617800653,,inside_rectangle,single_source,yes,yes,
MZA-03840,2018-12-21T10:47:21.900Z,2018,12,-32.342,-69.451,108,1.6,ML,ML,1.6545,Mendoza2022_Meq_to_Mw,Mendoza/YPF 2022,converted_regional,ISC,ISC,1,617800668,,inside_rectangle,single_source,yes,yes,
MZA-03841,2018-12-21T13:53:38.000Z,2018,12,-32.326,-69.838,91.7,1.8,ML,ML,1.8485,Mendoza2022_Meq_to_Mw,Mendoza/YPF 2022,converted_regional,ISC,ISC,1,617800676,,inside_rectangle,single_source,yes,yes,
MZA-03842,2018-12-21T14:01:12.800Z,2018,12,-32.826,-69.213,8.6,1.7,ML,ML,1.7515,Mendoza2022_Meq_to_Mw,Mendoza/YPF 2022,converted_regional,ISC,ISC,1,617800677,,inside_rectangle,single_source,yes,yes,
MZA-03843,2018-12-21T15:28:24.600Z,2018,12,-32.016,-69.203,120.5,2.1,ML,ML,2.1395,Mendoza2022_Meq_to_Mw,Mendoza/YPF 2022,converted_regional,ISC,ISC,1,617800680,,inside_rectangle,single_source,yes,yes,
MZA-03844,2018-12-21T21:15:08.700Z,2018,12,-32.367,-69.47,124.5,2.4,ML,ML,2.4305,Mendoza2022_Meq_to_Mw,Mendoza/YPF 2022,converted_regional,ISC,ISC,1,617800691,,inside_rectangle,single_source,yes,yes,
MZA-03845,2018-12-21T21:21:12.000Z,2018,12,-33.476,-69.338,7.4,3.1,ML,ML,3.1095,Mendoza2022_Meq_to_Mw,Mendoza/YPF 2022,converted_regional,ISC,ISC,1,617573712,,inside_rectangle,single_source,yes,yes,
MZA-03846,2018-12-22T05:15:10.500Z,2018,12,-33.275,-69.079,10,1.8,ML,ML,1.8485,Mendoza2022_Meq_to_Mw,Mendoza/YPF 2022,converted_regional,ISC,ISC,1,617800700,,inside_rectangle,single_source,yes,yes,
MZA-03847,2018-12-22T09:37:54.900Z,2018,12,-33.311,-69.24,14.7,2,ML,ML,2.0425,Mendoza2022_Meq_to_Mw,Mendoza/YPF 2022,converted_regional,ISC,ISC,1,617800705,,inside_rectangle,single_source,yes,yes,
MZA-03848,2018-12-22T13:51:45.399Z,2018,12,-32.63,-68.027,24.6,1.7,ML,ML,1.7515,Mendoza2022_Meq_to_Mw,Mendoza/YPF 2022,converted_regional,ISC,ISC,1,617800714,,inside_rectangle,single_source,yes,yes,
MZA-03849,2018-12-22T15:49:18.100Z,2018,12,-33.324,-69.185,11.7,2.2,ML,ML,2.2365,Mendoza2022_Meq_to_Mw,Mendoza/YPF 2022,converted_regional,ISC,ISC,1,617800719,,inside_rectangle,single_source,yes,yes,
MZA-03850,2018-12-22T19:53:02.400Z,2018,12,-32.698,-68.252,77.6,2.3,ML,ML,2.3335,Mendoza2022_Meq_to_Mw,Mendoza/YPF 2022,converted_regional,ISC,ISC,1,617800725,,inside_rectangle,single_source,yes,yes,
MZA-03851,2018-12-23T03:45:53.400Z,2018,12,-33.021,-69.027,25.9,1.8,ML,ML,1.8485,Mendoza2022_Meq_to_Mw,Mendoza/YPF 2022,converted_regional,ISC,ISC,1,617800740,,inside_rectangle,single_source,yes,yes,
MZA-03852,2018-12-23T04:42:48.600Z,2018,12,-32.204,-67.158,12.9,2.8,ML,ML,2.8185,Mendoza2022_Meq_to_Mw,Mendoza/YPF 2022,converted_regional,ISC,ISC,1,617800743,,inside_rectangle,single_source,yes,yes,
MZA-03853,2018-12-23T08:14:39.800Z,2018,12,-32.173,-67.736,116.4,2.4,ML,ML,2.4305,Mendoza2022_Meq_to_Mw,Mendoza/YPF 2022,converted_regional,ISC,ISC,1,617800752,,inside_rectangle,single_source,yes,yes,
MZA-03854,2018-12-23T11:55:05.400Z,2018,12,-33.182,-68.847,24.6,1.9,ML,ML,1.9455,Mendoza2022_Meq_to_Mw,Mendoza/YPF 2022,converted_regional,ISC,ISC,1,617800757,,inside_rectangle,single_source,yes,yes,
MZA-03855,2018-12-23T12:31:39.300Z,2018,12,-32.266,-69.684,136.3,2.5,ML,ML,2.5275,Mendoza2022_Meq_to_Mw,Mendoza/YPF 2022,converted_regional,ISC,ISC,1,617573744,,inside_rectangle,single_source,yes,yes,
MZA-03856,2018-12-23T13:47:54.300Z,2018,12,-32.367,-69.612,111.9,1.7,ML,ML,1.7515,Mendoza2022_Meq_to_Mw,Mendoza/YPF 2022,converted_regional,ISC,ISC,1,617800760,,inside_rectangle,single_source,yes,yes,
MZA-03857,2018-12-23T20:09:49.600Z,2018,12,-32.306,-69.252,8.8,1.1,ML,ML,1.1695,Mendoza2022_Meq_to_Mw,Mendoza/YPF 2022,converted_regional,ISC,ISC,1,617800767,,inside_rectangle,single_source,yes,yes,
MZA-03858,2018-12-23T20:56:34.800Z,2018,12,-32.91,-68.686,11.1,0.7,ML,ML,0.7815,Mendoza2022_Meq_to_Mw,Mendoza/YPF 2022,converted_regional,ISC,ISC,1,617800770,,inside_rectangle,single_source,yes,yes,
MZA-03859,2018-12-24T02:45:35.700Z,2018,12,-32.315,-69.542,117.8,1.7,ML,ML,1.7515,Mendoza2022_Meq_to_Mw,Mendoza/YPF 2022,converted_regional,ISC,ISC,1,617800782,,inside_rectangle,single_source,yes,yes,
MZA-03860,2018-12-24T03:05:32.900Z,2018,12,-32.65,-68.716,24.4,1.5,ML,ML,1.5575,Mendoza2022_Meq_to_Mw,Mendoza/YPF 2022,converted_regional,ISC,ISC,1,617800783,,inside_rectangle,single_source,yes,yes,
MZA-03861,2018-12-24T05:11:31.300Z,2018,12,-32.719,-69.024,34,1.8,ML,ML,1.8485,Mendoza2022_Meq_to_Mw,Mendoza/YPF 2022,converted_regional,ISC,ISC,1,617800785,,inside_rectangle,single_source,yes,yes,
MZA-03862,2018-12-24T05:18:11.500Z,2018,12,-32.951,-68.6,8.3,2.1,ML,ML,2.1395,Mendoza2022_Meq_to_Mw,Mendoza/YPF 2022,converted_regional,ISC,ISC,1,617800786,,inside_rectangle,single_source,yes,yes,
MZA-03863,2018-12-24T10:46:28.100Z,2018,12,-33.404,-68.366,37.6,2.2,ML,ML,2.2365,Mendoza2022_Meq_to_Mw,Mendoza/YPF 2022,converted_regional,ISC,ISC,1,617800796,,inside_rectangle,single_source,yes,yes,
MZA-03864,2018-12-24T11:46:36.500Z,2018,12,-33.065,-68.879,27.6,0.8,ML,ML,0.8785,Mendoza2022_Meq_to_Mw,Mendoza/YPF 2022,converted_regional,ISC,ISC,1,617800797,,inside_rectangle,single_source,yes,yes,
MZA-03865,2018-12-24T12:00:34.700Z,2018,12,-33.85,-68.387,14.2,2.4,ML,ML,2.4305,Mendoza2022_Meq_to_Mw,Mendoza/YPF 2022,converted_regional,ISC,ISC,1,617800798,,inside_rectangle,single_source,yes,yes,
MZA-03866,2018-12-24T13:26:30.400Z,2018,12,-32.055,-68.467,2.4,1.1,ML,ML,1.1695,Mendoza2022_Meq_to_Mw,Mendoza/YPF 2022,converted_regional,ISC,ISC,1,617800799,,inside_rectangle,single_source,yes,yes,
MZA-03867,2018-12-25T04:36:42.400Z,2018,12,-32.476,-69.39,121.2,2.1,ML,ML,2.1395,Mendoza2022_Meq_to_Mw,Mendoza/YPF 2022,converted_regional,ISC,ISC,1,617800817,,inside_rectangle,single_source,yes,yes,
MZA-03868,2018-12-25T07:27:06.500Z,2018,12,-32.81,-69.386,2.1,0.9,ML,ML,0.9755,Mendoza2022_Meq_to_Mw,Mendoza/YPF 2022,converted_regional,ISC,ISC,1,617800822,,inside_rectangle,single_source,yes,yes,
MZA-03869,2018-12-25T15:44:31.100Z,2018,12,-32.268,-68.527,118.1,2.5,ML,ML,2.5275,Mendoza2022_Meq_to_Mw,Mendoza/YPF 2022,converted_regional,ISC,ISC,1,617800830,,inside_rectangle,single_source,yes,yes,
MZA-03870,2018-12-25T21:33:11.000Z,2018,12,-33.858,-68.444,16.6,2,ML,ML,2.0425,Mendoza2022_Meq_to_Mw,Mendoza/YPF 2022,converted_regional,ISC,ISC,1,617800841,,inside_rectangle,single_source,yes,yes,
MZA-03871,2018-12-25T21:48:21.900Z,2018,12,-33.118,-68.924,19.4,1.9,ML,ML,1.9455,Mendoza2022_Meq_to_Mw,Mendoza/YPF 2022,converted_regional,ISC,ISC,1,617800842,,inside_rectangle,single_source,yes,yes,
MZA-03872,2018-12-25T23:34:17.600Z,2018,12,-33.05,-68.844,32.2,1.4,ML,ML,1.4605,Mendoza2022_Meq_to_Mw,Mendoza/YPF 2022,converted_regional,ISC,ISC,1,617800843,,inside_rectangle,single_source,yes,yes,
MZA-03873,2018-12-25T23:55:36.500Z,2018,12,-33.885,-68.918,8.7,2.2,ML,ML,2.2365,Mendoza2022_Meq_to_Mw,Mendoza/YPF 2022,converted_regional,ISC,ISC,1,617800844,,inside_rectangle,single_source,yes,yes,
MZA-03874,2018-12-26T02:30:09.400Z,2018,12,-33.541,-69.538,8,2,ML,ML,2.0425,Mendoza2022_Meq_to_Mw,Mendoza/YPF 2022,converted_regional,ISC,ISC,1,617800850,,inside_rectangle,single_source,yes,yes,
MZA-03875,2018-12-26T14:38:39.600Z,2018,12,-32.985,-69.049,17.3,2.9,ML,ML,2.9155,Mendoza2022_Meq_to_Mw,Mendoza/YPF 2022,converted_regional,ISC,ISC,1,617800866,,inside_rectangle,single_source,yes,yes,
MZA-03876,2018-12-27T01:51:06.800Z,2018,12,-32.307,-69.309,37.9,2.4,ML,ML,2.4305,Mendoza2022_Meq_to_Mw,Mendoza/YPF 2022,converted_regional,ISC,ISC,1,617800878,,inside_rectangle,single_source,yes,yes,
MZA-03877,2018-12-27T02:41:01.150Z,2018,12,-32.0042,-69.3981,117.42,4.5,mb,mb,4.258,Mendoza2022_mb_to_Mw,Mendoza/YPF 2022,converted_regional,USGS,USGS,1,,us2000ixxq,inside_rectangle,single_source,yes,yes,
MZA-03878,2018-12-27T03:46:11.400Z,2018,12,-33.227,-68.758,30.5,1.6,ML,ML,1.6545,Mendoza2022_Meq_to_Mw,Mendoza/YPF 2022,converted_regional,ISC,ISC,1,617800884,,inside_rectangle,single_source,yes,yes,
MZA-03879,2018-12-27T04:05:43.900Z,2018,12,-33.041,-69.084,8.9,0.8,ML,ML,0.8785,Mendoza2022_Meq_to_Mw,Mendoza/YPF 2022,converted_regional,ISC,ISC,1,617800885,,inside_rectangle,single_source,yes,yes,
MZA-03880,2018-12-27T08:59:07.600Z,2018,12,-32.76,-68.817,25.4,1.8,ML,ML,1.8485,Mendoza2022_Meq_to_Mw,Mendoza/YPF 2022,converted_regional,ISC,ISC,1,617800891,,inside_rectangle,single_source,yes,yes,
MZA-03881,2018-12-27T14:30:42.400Z,2018,12,-33.096,-69.095,7.9,1.2,ML,ML,1.2665,Mendoza2022_Meq_to_Mw,Mendoza/YPF 2022,converted_regional,ISC,ISC,1,617800897,,inside_rectangle,single_source,yes,yes,
MZA-03882,2018-12-27T15:09:56.800Z,2018,12,-32.773,-68.688,37.2,1.6,ML,ML,1.6545,Mendoza2022_Meq_to_Mw,Mendoza/YPF 2022,converted_regional,ISC,ISC,1,617800899,,inside_rectangle,single_source,yes,yes,
MZA-03883,2018-12-28T09:53:24.000Z,2018,12,-32.893,-68.31,10,3.1,ML,ML,3.1095,Mendoza2022_Meq_to_Mw,Mendoza/YPF 2022,converted_regional,ISC,ISC,1,617800921,,inside_rectangle,single_source,yes,yes,
MZA-03884,2018-12-28T21:44:37.300Z,2018,12,-33.496,-69.983,9.5,2.4,ML,ML,2.4305,Mendoza2022_Meq_to_Mw,Mendoza/YPF 2022,converted_regional,ISC,ISC,1,617573850,,inside_rectangle,single_source,yes,yes,
MZA-03885,2018-12-28T21:52:25.000Z,2018,12,-33.496,-69.999,7.2,2.6,ML,ML,2.6245,Mendoza2022_Meq_to_Mw,Mendoza/YPF 2022,converted_regional,ISC,ISC,1,617573851,,inside_rectangle,single_source,yes,yes,
MZA-03886,2018-12-29T23:11:19.000Z,2018,12,-32.048,-69.162,112,2.3,ML,ML,2.3335,Mendoza2022_Meq_to_Mw,Mendoza/YPF 2022,converted_regional,ISC,ISC,1,617800949,,inside_rectangle,single_source,yes,yes,
MZA-03887,2018-12-31T20:38:25.300Z,2018,12,-32.97,-69.13,14.2,2.2,ML,ML,2.2365,Mendoza2022_Meq_to_Mw,Mendoza/YPF 2022,converted_regional,ISC,ISC,1,617800995,,inside_rectangle,single_source,yes,yes,
MZA-03888,2018-12-31T21:36:11.190Z,2018,12,-33.5247,-69.933,11.8,2.5,ML,ML,2.5275,Mendoza2022_Meq_to_Mw,Mendoza/YPF 2022,converted_regional,ISC,ISC,1,617573897,,inside_rectangle,single_source,yes,yes,
MZA-03889,2019-01-02T08:16:14.900Z,2019,1,-33.953,-68.664,15,2.4,ML,ML,2.4305,Mendoza2022_Meq_to_Mw,Mendoza/YPF 2022,converted_regional,ISC,ISC,1,617801052,,inside_rectangle,single_source,yes,yes,
MZA-03890,2019-01-02T12:23:20.399Z,2019,1,-32.98,-68.067,157.9,2.7,ML,ML,2.7215,Mendoza2022_Meq_to_Mw,Mendoza/YPF 2022,converted_regional,ISC,ISC,1,617801055,,inside_rectangle,single_source,yes,yes,
MZA-03891,2019-01-02T18:51:37.600Z,2019,1,-32.087,-67.301,129.6,2.4,ML,ML,2.4305,Mendoza2022_Meq_to_Mw,Mendoza/YPF 2022,converted_regional,ISC,ISC,1,617801065,,inside_rectangle,single_source,yes,yes,
MZA-03892,2019-01-03T07:37:56.250Z,2019,1,-32.4832,-69.8214,129.2,3.2,ML,ML,3.2065,Mendoza2022_Meq_to_Mw,Mendoza/YPF 2022,converted_regional,ISC,ISC,1,617573949,,inside_rectangle,single_source,yes,yes,
MZA-03893,2019-01-03T18:33:32.300Z,2019,1,-33.145,-69.09,28.7,2.6,ML,ML,2.6245,Mendoza2022_Meq_to_Mw,Mendoza/YPF 2022,converted_regional,ISC,ISC,1,617801092,,inside_rectangle,single_source,yes,yes,
MZA-03894,2019-01-03T20:04:02.000Z,2019,1,-33.5,-67.883,175.1,2.7,ML,ML,2.7215,Mendoza2022_Meq_to_Mw,Mendoza/YPF 2022,converted_regional,ISC,ISC,1,617801094,,inside_rectangle,single_source,yes,yes,
MZA-03895,2019-01-03T21:58:16.500Z,2019,1,-33.129,-69.103,23.9,1.9,ML,ML,1.9455,Mendoza2022_Meq_to_Mw,Mendoza/YPF 2022,converted_regional,ISC,ISC,1,617801098,,inside_rectangle,single_source,yes,yes,
MZA-03896,2019-01-04T00:11:16.100Z,2019,1,-33.248,-68.819,30.9,1.7,ML,ML,1.7515,Mendoza2022_Meq_to_Mw,Mendoza/YPF 2022,converted_regional,ISC,ISC,1,617801102,,inside_rectangle,single_source,yes,yes,
MZA-03897,2019-01-04T07:26:00.900Z,2019,1,-32.318,-69.306,15.6,1.7,ML,ML,1.7515,Mendoza2022_Meq_to_Mw,Mendoza/YPF 2022,converted_regional,ISC,ISC,1,617801115,,inside_rectangle,single_source,yes,yes,
MZA-03898,2019-01-04T14:39:22.200Z,2019,1,-33.068,-68.139,20.5,1.6,ML,ML,1.6545,Mendoza2022_Meq_to_Mw,Mendoza/YPF 2022,converted_regional,ISC,ISC,1,617801124,,inside_rectangle,single_source,yes,yes,
MZA-03899,2019-01-05T01:05:48.500Z,2019,1,-32.089,-69.628,109.3,1.6,ML,ML,1.6545,Mendoza2022_Meq_to_Mw,Mendoza/YPF 2022,converted_regional,ISC,ISC,1,617801142,,inside_rectangle,single_source,yes,yes,
MZA-03900,2019-01-05T03:52:30.400Z,2019,1,-32.339,-67.819,126.2,2.6,ML,ML,2.6245,Mendoza2022_Meq_to_Mw,Mendoza/YPF 2022,converted_regional,ISC,ISC,1,617801149,,inside_rectangle,single_source,yes,yes,
MZA-03901,2019-01-05T04:09:10.600Z,2019,1,-32.089,-68.411,14,1.8,ML,ML,1.8485,Mendoza2022_Meq_to_Mw,Mendoza/YPF 2022,converted_regional,ISC,ISC,1,617801150,,inside_rectangle,single_source,yes,yes,
MZA-03902,2019-01-05T04:19:42.800Z,2019,1,-32.984,-69.205,10.6,1.3,ML,ML,1.3635,Mendoza2022_Meq_to_Mw,Mendoza/YPF 2022,converted_regional,ISC,ISC,1,617801151,,inside_rectangle,single_source,yes,yes,
MZA-03903,2019-01-05T12:41:55.399Z,2019,1,-32.318,-68.455,125.7,2.5,ML,ML,2.5275,Mendoza2022_Meq_to_Mw,Mendoza/YPF 2022,converted_regional,ISC,ISC,1,617801162,,inside_rectangle,single_source,yes,yes,
MZA-03904,2019-01-05T13:52:33.500Z,2019,1,-32.331,-68.733,122.9,2,ML,ML,2.0425,Mendoza2022_Meq_to_Mw,Mendoza/YPF 2022,converted_regional,ISC,ISC,1,617801163,,inside_rectangle,single_source,yes,yes,
MZA-03905,2019-01-05T21:28:19.000Z,2019,1,-32.015,-69.987,88.4,1.4,ML,ML,1.4605,Mendoza2022_Meq_to_Mw,Mendoza/YPF 2022,converted_regional,ISC,ISC,1,617801173,,inside_rectangle,single_source,yes,yes,
MZA-03906,2019-01-06T00:54:27.900Z,2019,1,-33.046,-69.111,25.5,1.9,ML,ML,1.9455,Mendoza2022_Meq_to_Mw,Mendoza/YPF 2022,converted_regional,ISC,ISC,1,617801176,,inside_rectangle,single_source,yes,yes,
MZA-03907,2019-01-06T20:16:13.600Z,2019,1,-32.107,-69.412,110.2,1.8,ML,ML,1.8485,Mendoza2022_Meq_to_Mw,Mendoza/YPF 2022,converted_regional,ISC,ISC,1,617801204,,inside_rectangle,single_source,yes,yes,
MZA-03908,2019-01-07T03:40:04.300Z,2019,1,-32.477,-68.416,133,1.3,ML,ML,1.3635,Mendoza2022_Meq_to_Mw,Mendoza/YPF 2022,converted_regional,ISC,ISC,1,617801212,,inside_rectangle,single_source,yes,yes,
MZA-03909,2019-01-07T05:35:24.800Z,2019,1,-32.999,-69.093,22.1,0.7,ML,ML,0.7815,Mendoza2022_Meq_to_Mw,Mendoza/YPF 2022,converted_regional,ISC,ISC,1,617801213,,inside_rectangle,single_source,yes,yes,
MZA-03910,2019-01-07T06:48:15.700Z,2019,1,-33.553,-68.858,10,1.6,ML,ML,1.6545,Mendoza2022_Meq_to_Mw,Mendoza/YPF 2022,converted_regional,ISC,ISC,1,617801217,,inside_rectangle,single_source,yes,yes,
MZA-03911,2019-01-07T13:02:35.600Z,2019,1,-33.357,-68.6,26.5,1.6,ML,ML,1.6545,Mendoza2022_Meq_to_Mw,Mendoza/YPF 2022,converted_regional,ISC,ISC,1,617801229,,inside_rectangle,single_source,yes,yes,
MZA-03912,2019-01-08T02:58:58.500Z,2019,1,-32.099,-68.961,118,2.1,ML,ML,2.1395,Mendoza2022_Meq_to_Mw,Mendoza/YPF 2022,converted_regional,ISC,ISC,1,617801254,,inside_rectangle,single_source,yes,yes,
MZA-03913,2019-01-08T04:46:11.300Z,2019,1,-33.162,-68.999,30.6,1.8,ML,ML,1.8485,Mendoza2022_Meq_to_Mw,Mendoza/YPF 2022,converted_regional,ISC,ISC,1,617801256,,inside_rectangle,single_source,yes,yes,
MZA-03914,2019-01-08T13:04:33.499Z,2019,1,-32.111,-69.643,112.4,2.1,ML,ML,2.1395,Mendoza2022_Meq_to_Mw,Mendoza/YPF 2022,converted_regional,ISC,ISC,1,617801267,,inside_rectangle,single_source,yes,yes,
MZA-03915,2019-01-08T13:38:23.600Z,2019,1,-32.913,-69.362,10.3,1.6,ML,ML,1.6545,Mendoza2022_Meq_to_Mw,Mendoza/YPF 2022,converted_regional,ISC,ISC,1,617801270,,inside_rectangle,single_source,yes,yes,
MZA-03916,2019-01-08T23:49:11.800Z,2019,1,-32.75,-68.78,28.6,2.2,ML,ML,2.2365,Mendoza2022_Meq_to_Mw,Mendoza/YPF 2022,converted_regional,ISC,ISC,1,617801289,,inside_rectangle,single_source,yes,yes,
MZA-03917,2019-01-09T03:23:54.200Z,2019,1,-32.417,-69.74,109,1.9,ML,ML,1.9455,Mendoza2022_Meq_to_Mw,Mendoza/YPF 2022,converted_regional,ISC,ISC,1,617801295,,inside_rectangle,single_source,yes,yes,
MZA-03918,2019-01-09T06:55:55.899Z,2019,1,-32.508,-68.748,33.2,2.3,ML,ML,2.3335,Mendoza2022_Meq_to_Mw,Mendoza/YPF 2022,converted_regional,ISC,ISC,1,617801297,,inside_rectangle,single_source,yes,yes,
MZA-03919,2019-01-09T20:45:45.700Z,2019,1,-32.025,-68.568,112.2,1.9,ML,ML,1.9455,Mendoza2022_Meq_to_Mw,Mendoza/YPF 2022,converted_regional,ISC,ISC,1,617801316,,inside_rectangle,single_source,yes,yes,
MZA-03920,2019-01-09T22:43:51.900Z,2019,1,-32.371,-69.305,11,2.3,ML,ML,2.3335,Mendoza2022_Meq_to_Mw,Mendoza/YPF 2022,converted_regional,ISC,ISC,1,617801319,,inside_rectangle,single_source,yes,yes,
MZA-03921,2019-01-10T04:33:56.100Z,2019,1,-32.71,-67.784,175,1.8,ML,ML,1.8485,Mendoza2022_Meq_to_Mw,Mendoza/YPF 2022,converted_regional,ISC,ISC,1,617801331,,inside_rectangle,single_source,yes,yes,
MZA-03922,2019-01-10T05:35:36.600Z,2019,1,-32.213,-69.365,136.3,2,ML,ML,2.0425,Mendoza2022_Meq_to_Mw,Mendoza/YPF 2022,converted_regional,ISC,ISC,1,617801336,,inside_rectangle,single_source,yes,yes,
MZA-03923,2019-01-10T09:29:09.000Z,2019,1,-32.314,-69.601,121.5,1.8,ML,ML,1.8485,Mendoza2022_Meq_to_Mw,Mendoza/YPF 2022,converted_regional,ISC,ISC,1,617801341,,inside_rectangle,single_source,yes,yes,
MZA-03924,2019-01-10T12:46:31.300Z,2019,1,-33.188,-69.413,10.5,1.3,ML,ML,1.3635,Mendoza2022_Meq_to_Mw,Mendoza/YPF 2022,converted_regional,ISC,ISC,1,617801346,,inside_rectangle,single_source,yes,yes,
MZA-03925,2019-01-11T11:02:21.300Z,2019,1,-32.089,-68.294,27.8,1.9,ML,ML,1.9455,Mendoza2022_Meq_to_Mw,Mendoza/YPF 2022,converted_regional,ISC,ISC,1,617801377,,inside_rectangle,single_source,yes,yes,
MZA-03926,2019-01-12T09:44:24.700Z,2019,1,-32.687,-69.258,14.3,1.4,ML,ML,1.4605,Mendoza2022_Meq_to_Mw,Mendoza/YPF 2022,converted_regional,ISC,ISC,1,617801419,,inside_rectangle,single_source,yes,yes,
MZA-03927,2019-01-12T15:28:06.200Z,2019,1,-33.303,-68.771,29,1.5,ML,ML,1.5575,Mendoza2022_Meq_to_Mw,Mendoza/YPF 2022,converted_regional,ISC,ISC,1,617801426,,inside_rectangle,single_source,yes,yes,
MZA-03928,2019-01-12T16:58:02.000Z,2019,1,-33.186,-68.834,16.9,1.7,ML,ML,1.7515,Mendoza2022_Meq_to_Mw,Mendoza/YPF 2022,converted_regional,ISC,ISC,1,617801427,,inside_rectangle,single_source,yes,yes,
MZA-03929,2019-01-12T19:48:21.200Z,2019,1,-32.017,-69.403,105.8,1.7,ML,ML,1.7515,Mendoza2022_Meq_to_Mw,Mendoza/YPF 2022,converted_regional,ISC,ISC,1,617801430,,inside_rectangle,single_source,yes,yes,
MZA-03930,2019-01-12T22:57:40.300Z,2019,1,-33.058,-68.21,25.2,1.3,ML,ML,1.3635,Mendoza2022_Meq_to_Mw,Mendoza/YPF 2022,converted_regional,ISC,ISC,1,617801436,,inside_rectangle,single_source,yes,yes,
MZA-03931,2019-01-12T23:53:39.200Z,2019,1,-32.631,-69.406,113.1,1.6,ML,ML,1.6545,Mendoza2022_Meq_to_Mw,Mendoza/YPF 2022,converted_regional,ISC,ISC,1,617801438,,inside_rectangle,single_source,yes,yes,
MZA-03932,2019-01-13T10:50:25.700Z,2019,1,-32.883,-69.999,10,2.9,ML,ML,2.9155,Mendoza2022_Meq_to_Mw,Mendoza/YPF 2022,converted_regional,ISC,ISC,1,617574146,,inside_rectangle,single_source,yes,yes,
MZA-03933,2019-01-13T10:57:45.999Z,2019,1,-32.831,-69.971,15.3,1.4,ML,ML,1.4605,Mendoza2022_Meq_to_Mw,Mendoza/YPF 2022,converted_regional,ISC,ISC,1,617801453,,inside_rectangle,single_source,yes,yes,
MZA-03934,2019-01-14T02:20:27.800Z,2019,1,-32.951,-69.116,17.9,1.7,ML,ML,1.7515,Mendoza2022_Meq_to_Mw,Mendoza/YPF 2022,converted_regional,ISC,ISC,1,617801475,,inside_rectangle,single_source,yes,yes,
MZA-03935,2019-01-14T05:06:27.000Z,2019,1,-32.957,-68.879,128.7,2.1,ML,ML,2.1395,Mendoza2022_Meq_to_Mw,Mendoza/YPF 2022,converted_regional,ISC,ISC,1,617801480,,inside_rectangle,single_source,yes,yes,
MZA-03936,2019-01-14T21:38:26.000Z,2019,1,-32.886,-69.041,23.6,1.8,ML,ML,1.8485,Mendoza2022_Meq_to_Mw,Mendoza/YPF 2022,converted_regional,ISC,ISC,1,617801508,,inside_rectangle,single_source,yes,yes,
MZA-03937,2019-01-15T02:41:58.200Z,2019,1,-33.126,-69.977,114.2,1.6,ML,ML,1.6545,Mendoza2022_Meq_to_Mw,Mendoza/YPF 2022,converted_regional,ISC,ISC,1,617801517,,inside_rectangle,single_source,yes,yes,
MZA-03938,2019-01-15T04:58:51.400Z,2019,1,-32.793,-69.218,24.4,1.5,ML,ML,1.5575,Mendoza2022_Meq_to_Mw,Mendoza/YPF 2022,converted_regional,ISC,ISC,1,617801520,,inside_rectangle,single_source,yes,yes,
MZA-03939,2019-01-15T05:57:21.000Z,2019,1,-32.435,-69.985,13,2,ML,ML,2.0425,Mendoza2022_Meq_to_Mw,Mendoza/YPF 2022,converted_regional,ISC,ISC,1,617801524,,inside_rectangle,single_source,yes,yes,
MZA-03940,2019-01-15T09:33:38.199Z,2019,1,-32.23,-67.475,120,2.1,ML,ML,2.1395,Mendoza2022_Meq_to_Mw,Mendoza/YPF 2022,converted_regional,ISC,ISC,1,617801530,,inside_rectangle,single_source,yes,yes,
MZA-03941,2019-01-15T10:35:14.900Z,2019,1,-32.834,-69.302,16.6,1.4,ML,ML,1.4605,Mendoza2022_Meq_to_Mw,Mendoza/YPF 2022,converted_regional,ISC,ISC,1,617801532,,inside_rectangle,single_source,yes,yes,
MZA-03942,2019-01-15T20:47:06.800Z,2019,1,-32.087,-69.323,124.7,2.2,ML,ML,2.2365,Mendoza2022_Meq_to_Mw,Mendoza/YPF 2022,converted_regional,ISC,ISC,1,617801546,,inside_rectangle,single_source,yes,yes,
MZA-03943,2019-01-16T07:15:03.600Z,2019,1,-33.204,-68.029,33.6,2,ML,ML,2.0425,Mendoza2022_Meq_to_Mw,Mendoza/YPF 2022,converted_regional,ISC,ISC,1,617801563,,inside_rectangle,single_source,yes,yes,
MZA-03944,2019-01-16T11:00:25.100Z,2019,1,-33.47,-68.932,12.7,1.8,ML,ML,1.8485,Mendoza2022_Meq_to_Mw,Mendoza/YPF 2022,converted_regional,ISC,ISC,1,617801566,,inside_rectangle,single_source,yes,yes,
MZA-03945,2019-01-16T11:30:18.000Z,2019,1,-32.088,-68.601,115.8,1.8,ML,ML,1.8485,Mendoza2022_Meq_to_Mw,Mendoza/YPF 2022,converted_regional,ISC,ISC,1,617801567,,inside_rectangle,single_source,yes,yes,
MZA-03946,2019-01-17T00:09:38.900Z,2019,1,-32.633,-68.955,32.1,1.7,ML,ML,1.7515,Mendoza2022_Meq_to_Mw,Mendoza/YPF 2022,converted_regional,ISC,ISC,1,617801587,,inside_rectangle,single_source,yes,yes,
MZA-03947,2019-01-17T22:49:31.400Z,2019,1,-32.562,-69.921,119.7,2.6,ML,ML,2.6245,Mendoza2022_Meq_to_Mw,Mendoza/YPF 2022,converted_regional,ISC,ISC,1,617801599,,inside_rectangle,single_source,yes,yes,
MZA-03948,2019-01-18T15:46:23.400Z,2019,1,-32.716,-69.105,7.5,1.2,ML,ML,1.2665,Mendoza2022_Meq_to_Mw,Mendoza/YPF 2022,converted_regional,ISC,ISC,1,617801617,,inside_rectangle,single_source,yes,yes,
MZA-03949,2019-01-18T19:15:36.100Z,2019,1,-32.389,-68.698,127.1,1.7,ML,ML,1.7515,Mendoza2022_Meq_to_Mw,Mendoza/YPF 2022,converted_regional,ISC,ISC,1,617801623,,inside_rectangle,single_source,yes,yes,
MZA-03950,2019-01-18T23:19:03.800Z,2019,1,-32.119,-69.434,135,3.5,ML,ML,3.4975,Mendoza2022_Meq_to_Mw,Mendoza/YPF 2022,converted_regional,ISC,ISC,1,617801630,,inside_rectangle,single_source,yes,yes,
MZA-03951,2019-01-19T03:25:29.099Z,2019,1,-33.148,-68.047,21.7,1.5,ML,ML,1.5575,Mendoza2022_Meq_to_Mw,Mendoza/YPF 2022,converted_regional,ISC,ISC,1,617801639,,inside_rectangle,single_source,yes,yes,
MZA-03952,2019-01-19T04:47:43.100Z,2019,1,-32.742,-68.824,29.6,0.6,ML,ML,0.6845,Mendoza2022_Meq_to_Mw,Mendoza/YPF 2022,converted_regional,ISC,ISC,1,617801641,,inside_rectangle,single_source,yes,yes,
MZA-03953,2019-01-19T07:59:26.800Z,2019,1,-33.723,-69.365,140.8,2,ML,ML,2.0425,Mendoza2022_Meq_to_Mw,Mendoza/YPF 2022,converted_regional,ISC,ISC,1,617801645,,inside_rectangle,single_source,yes,yes,
MZA-03954,2019-01-19T18:14:54.100Z,2019,1,-32.09,-68.156,118.4,2.9,ML,ML,2.9155,Mendoza2022_Meq_to_Mw,Mendoza/YPF 2022,converted_regional,ISC,ISC,1,617801661,,inside_rectangle,single_source,yes,yes,
MZA-03955,2019-01-19T21:40:43.900Z,2019,1,-32.669,-68.431,144.2,2.3,ML,ML,2.3335,Mendoza2022_Meq_to_Mw,Mendoza/YPF 2022,converted_regional,ISC,ISC,1,617801665,,inside_rectangle,single_source,yes,yes,
MZA-03956,2019-01-19T23:03:29.500Z,2019,1,-32.01,-69.607,116.1,2.6,ML,ML,2.6245,Mendoza2022_Meq_to_Mw,Mendoza/YPF 2022,converted_regional,ISC,ISC,1,617801666,,inside_rectangle,single_source,yes,yes,
MZA-03957,2019-01-20T10:36:43.200Z,2019,1,-32.848,-69.273,31.5,1.5,ML,ML,1.5575,Mendoza2022_Meq_to_Mw,Mendoza/YPF 2022,converted_regional,ISC,ISC,1,617801691,,inside_rectangle,single_source,yes,yes,
MZA-03958,2019-01-20T10:55:48.400Z,2019,1,-32.675,-68.869,32.8,0.6,ML,ML,0.6845,Mendoza2022_Meq_to_Mw,Mendoza/YPF 2022,converted_regional,ISC,ISC,1,617801693,,inside_rectangle,single_source,yes,yes,
MZA-03959,2019-01-20T23:02:10.200Z,2019,1,-32.626,-68.913,23.9,1.4,ML,ML,1.4605,Mendoza2022_Meq_to_Mw,Mendoza/YPF 2022,converted_regional,ISC,ISC,1,617801720,,inside_rectangle,single_source,yes,yes,
MZA-03960,2019-01-21T04:27:03.700Z,2019,1,-32.395,-69.77,105.4,1.4,ML,ML,1.4605,Mendoza2022_Meq_to_Mw,Mendoza/YPF 2022,converted_regional,ISC,ISC,1,617801726,,inside_rectangle,single_source,yes,yes,
MZA-03961,2019-01-21T04:56:10.200Z,2019,1,-32.935,-69.298,11,3,ML,ML,3.0125,Mendoza2022_Meq_to_Mw,Mendoza/YPF 2022,converted_regional,ISC,ISC,1,617574395,,inside_rectangle,single_source,yes,yes,
MZA-03962,2019-01-21T14:51:26.900Z,2019,1,-32.763,-68.502,34,2,ML,ML,2.0425,Mendoza2022_Meq_to_Mw,Mendoza/YPF 2022,converted_regional,ISC,ISC,1,617801744,,inside_rectangle,single_source,yes,yes,
MZA-03963,2019-01-21T15:17:17.200Z,2019,1,-32.768,-68.872,37.5,1.4,ML,ML,1.4605,Mendoza2022_Meq_to_Mw,Mendoza/YPF 2022,converted_regional,ISC,ISC,1,617801746,,inside_rectangle,single_source,yes,yes,
MZA-03964,2019-01-22T01:37:55.400Z,2019,1,-32.513,-69.47,129.2,2.3,ML,ML,2.3335,Mendoza2022_Meq_to_Mw,Mendoza/YPF 2022,converted_regional,ISC,ISC,1,617801765,,inside_rectangle,single_source,yes,yes,
MZA-03965,2019-01-22T06:15:14.900Z,2019,1,-33.16,-69.7,10.4,1.3,ML,ML,1.3635,Mendoza2022_Meq_to_Mw,Mendoza/YPF 2022,converted_regional,ISC,ISC,1,617801776,,inside_rectangle,single_source,yes,yes,
MZA-03966,2019-01-22T08:34:28.900Z,2019,1,-33.081,-69.187,24.8,0.8,ML,ML,0.8785,Mendoza2022_Meq_to_Mw,Mendoza/YPF 2022,converted_regional,ISC,ISC,1,617801783,,inside_rectangle,single_source,yes,yes,
MZA-03967,2019-01-22T13:17:04.700Z,2019,1,-32.643,-69.017,20.5,1.6,ML,ML,1.6545,Mendoza2022_Meq_to_Mw,Mendoza/YPF 2022,converted_regional,ISC,ISC,1,617801790,,inside_rectangle,single_source,yes,yes,
MZA-03968,2019-01-22T13:36:42.300Z,2019,1,-32.88,-68.795,31.4,0.9,ML,ML,0.9755,Mendoza2022_Meq_to_Mw,Mendoza/YPF 2022,converted_regional,ISC,ISC,1,617801791,,inside_rectangle,single_source,yes,yes,
MZA-03969,2019-01-22T15:16:24.800Z,2019,1,-32.89,-69.29,11.3,1.4,ML,ML,1.4605,Mendoza2022_Meq_to_Mw,Mendoza/YPF 2022,converted_regional,ISC,ISC,1,617801798,,inside_rectangle,single_source,yes,yes,
MZA-03970,2019-01-22T17:45:27.800Z,2019,1,-33.079,-68.385,33.7,1.8,ML,ML,1.8485,Mendoza2022_Meq_to_Mw,Mendoza/YPF 2022,converted_regional,ISC,ISC,1,617801802,,inside_rectangle,single_source,yes,yes,
MZA-03971,2019-01-23T02:08:21.200Z,2019,1,-33.179,-68.702,25.4,1.6,ML,ML,1.6545,Mendoza2022_Meq_to_Mw,Mendoza/YPF 2022,converted_regional,ISC,ISC,1,617801813,,inside_rectangle,single_source,yes,yes,
MZA-03972,2019-01-23T02:11:43.899Z,2019,1,-32.305,-69.908,118.3,2.5,ML,ML,2.5275,Mendoza2022_Meq_to_Mw,Mendoza/YPF 2022,converted_regional,ISC,ISC,1,617574459,,inside_rectangle,single_source,yes,yes,
MZA-03973,2019-01-23T10:14:20.000Z,2019,1,-32.678,-69.271,32.5,1.8,ML,ML,1.8485,Mendoza2022_Meq_to_Mw,Mendoza/YPF 2022,converted_regional,ISC,ISC,1,617801830,,inside_rectangle,single_source,yes,yes,
MZA-03974,2019-01-23T13:41:54.000Z,2019,1,-33.08,-69.111,20.9,1.9,ML,ML,1.9455,Mendoza2022_Meq_to_Mw,Mendoza/YPF 2022,converted_regional,ISC,ISC,1,617801837,,inside_rectangle,single_source,yes,yes,
MZA-03975,2019-01-23T15:45:35.900Z,2019,1,-32.049,-67.893,131.4,2.2,ML,ML,2.2365,Mendoza2022_Meq_to_Mw,Mendoza/YPF 2022,converted_regional,ISC,ISC,1,617801841,,inside_rectangle,single_source,yes,yes,
MZA-03976,2019-01-23T16:05:18.300Z,2019,1,-33.271,-69.947,128.5,2.4,ML,ML,2.4305,Mendoza2022_Meq_to_Mw,Mendoza/YPF 2022,converted_regional,ISC,ISC,1,617801842,,inside_rectangle,single_source,yes,yes,
MZA-03977,2019-01-23T18:17:55.999Z,2019,1,-32.94,-68.391,25.5,1.8,ML,ML,1.8485,Mendoza2022_Meq_to_Mw,Mendoza/YPF 2022,converted_regional,ISC,ISC,1,617801843,,inside_rectangle,single_source,yes,yes,
MZA-03978,2019-01-23T19:59:20.600Z,2019,1,-32.057,-68.519,120.3,1.8,ML,ML,1.8485,Mendoza2022_Meq_to_Mw,Mendoza/YPF 2022,converted_regional,ISC,ISC,1,617801846,,inside_rectangle,single_source,yes,yes,
MZA-03979,2019-01-24T08:14:14.500Z,2019,1,-32.183,-69.25,115.3,2,ML,ML,2.0425,Mendoza2022_Meq_to_Mw,Mendoza/YPF 2022,converted_regional,ISC,ISC,1,617801868,,inside_rectangle,single_source,yes,yes,
MZA-03980,2019-01-24T19:46:46.200Z,2019,1,-32.076,-69.603,123.7,2.8,ML,ML,2.8185,Mendoza2022_Meq_to_Mw,Mendoza/YPF 2022,converted_regional,ISC,ISC,1,617574512,,inside_rectangle,single_source,yes,yes,
MZA-03981,2019-01-24T19:58:57.800Z,2019,1,-32.388,-69.555,113.8,1.5,ML,ML,1.5575,Mendoza2022_Meq_to_Mw,Mendoza/YPF 2022,converted_regional,ISC,ISC,1,617801889,,inside_rectangle,single_source,yes,yes,
MZA-03982,2019-01-24T23:31:40.200Z,2019,1,-32.334,-68.049,131.5,1.8,ML,ML,1.8485,Mendoza2022_Meq_to_Mw,Mendoza/YPF 2022,converted_regional,ISC,ISC,1,617801892,,inside_rectangle,single_source,yes,yes,
MZA-03983,2019-01-25T00:09:55.600Z,2019,1,-33.553,-68.453,11.7,1.8,ML,ML,1.8485,Mendoza2022_Meq_to_Mw,Mendoza/YPF 2022,converted_regional,ISC,ISC,1,617801895,,inside_rectangle,single_source,yes,yes,
MZA-03984,2019-01-25T00:54:32.400Z,2019,1,-32.973,-68.477,35.6,1.2,ML,ML,1.2665,Mendoza2022_Meq_to_Mw,Mendoza/YPF 2022,converted_regional,ISC,ISC,1,617801897,,inside_rectangle,single_source,yes,yes,
MZA-03985,2019-01-26T03:34:47.100Z,2019,1,-33.808,-68.233,133.8,2.3,ML,ML,2.3335,Mendoza2022_Meq_to_Mw,Mendoza/YPF 2022,converted_regional,ISC,ISC,1,617801921,,inside_rectangle,single_source,yes,yes,
MZA-03986,2019-01-26T08:12:19.500Z,2019,1,-32.776,-68.73,35.8,1.8,ML,ML,1.8485,Mendoza2022_Meq_to_Mw,Mendoza/YPF 2022,converted_regional,ISC,ISC,1,617801926,,inside_rectangle,single_source,yes,yes,
MZA-03987,2019-01-26T19:14:59.900Z,2019,1,-32.951,-69.026,20.9,2.1,ML,ML,2.1395,Mendoza2022_Meq_to_Mw,Mendoza/YPF 2022,converted_regional,ISC,ISC,1,617801946,,inside_rectangle,single_source,yes,yes,
MZA-03988,2019-01-26T22:29:46.900Z,2019,1,-33.185,-68.904,10.6,2.2,ML,ML,2.2365,Mendoza2022_Meq_to_Mw,Mendoza/YPF 2022,converted_regional,ISC,ISC,1,617801949,,inside_rectangle,single_source,yes,yes,
MZA-03989,2019-01-26T23:23:10.600Z,2019,1,-32.979,-68.964,19.3,1.6,MW,Mw,1.6,reported_Mw,ISC/USGS,direct,ISC,ISC,1,617801950,,inside_rectangle,single_source,yes,yes,
MZA-03990,2019-01-27T02:01:00.200Z,2019,1,-33.67,-68.889,66.8,1.3,ML,ML,1.3635,Mendoza2022_Meq_to_Mw,Mendoza/YPF 2022,converted_regional,ISC,ISC,1,617801954,,inside_rectangle,single_source,yes,yes,
MZA-03991,2019-01-27T06:07:14.700Z,2019,1,-33.309,-69.262,10.2,2.2,ML,ML,2.2365,Mendoza2022_Meq_to_Mw,Mendoza/YPF 2022,converted_regional,ISC,ISC,1,617801961,,inside_rectangle,single_source,yes,yes,
MZA-03992,2019-01-27T12:00:33.000Z,2019,1,-33.122,-69.377,11,2.2,ML,ML,2.2365,Mendoza2022_Meq_to_Mw,Mendoza/YPF 2022,converted_regional,ISC,ISC,1,617801969,,inside_rectangle,single_source,yes,yes,
MZA-03993,2019-01-27T12:02:37.100Z,2019,1,-33.141,-69.379,6,2.2,ML,ML,2.2365,Mendoza2022_Meq_to_Mw,Mendoza/YPF 2022,converted_regional,ISC,ISC,1,617801970,,inside_rectangle,single_source,yes,yes,
MZA-03994,2019-01-27T20:31:59.000Z,2019,1,-32.854,-68.817,29.5,1.8,ML,ML,1.8485,Mendoza2022_Meq_to_Mw,Mendoza/YPF 2022,converted_regional,ISC,ISC,1,617801985,,inside_rectangle,single_source,yes,yes,
MZA-03995,2019-01-28T12:32:31.400Z,2019,1,-32.271,-68.214,143.4,2,ML,ML,2.0425,Mendoza2022_Meq_to_Mw,Mendoza/YPF 2022,converted_regional,ISC,ISC,1,617802009,,inside_rectangle,single_source,yes,yes,
MZA-03996,2019-01-28T14:14:15.200Z,2019,1,-32.898,-68.944,24.8,1.7,ML,ML,1.7515,Mendoza2022_Meq_to_Mw,Mendoza/YPF 2022,converted_regional,ISC,ISC,1,617802014,,inside_rectangle,single_source,yes,yes,
MZA-03997,2019-01-28T14:58:01.699Z,2019,1,-32.07,-68.66,114.4,1.7,ML,ML,1.7515,Mendoza2022_Meq_to_Mw,Mendoza/YPF 2022,converted_regional,ISC,ISC,1,617802015,,inside_rectangle,single_source,yes,yes,
MZA-03998,2019-01-30T02:23:19.000Z,2019,1,-33.021,-69.125,26.3,1.1,ML,ML,1.1695,Mendoza2022_Meq_to_Mw,Mendoza/YPF 2022,converted_regional,ISC,ISC,1,617802066,,inside_rectangle,single_source,yes,yes,
MZA-03999,2019-01-30T06:48:32.600Z,2019,1,-32.696,-69.392,1.8,1.7,ML,ML,1.7515,Mendoza2022_Meq_to_Mw,Mendoza/YPF 2022,converted_regional,ISC,ISC,1,617802072,,inside_rectangle,single_source,yes,yes,
MZA-04000,2019-01-30T10:55:32.900Z,2019,1,-32.138,-69.236,23.4,1.7,ML,ML,1.7515,Mendoza2022_Meq_to_Mw,Mendoza/YPF 2022,converted_regional,ISC,ISC,1,617802075,,inside_rectangle,single_source,yes,yes,
MZA-04001,2019-01-30T11:27:14.100Z,2019,1,-32.706,-67.903,171.6,1.7,ML,ML,1.7515,Mendoza2022_Meq_to_Mw,Mendoza/YPF 2022,converted_regional,ISC,ISC,1,617802076,,inside_rectangle,single_source,yes,yes,
MZA-04002,2019-01-30T15:55:31.700Z,2019,1,-34.113,-68.577,28.4,2.4,ML,ML,2.4305,Mendoza2022_Meq_to_Mw,Mendoza/YPF 2022,converted_regional,ISC,ISC,1,617802084,,inside_rectangle,single_source,yes,yes,
MZA-04003,2019-02-01T18:28:43.999Z,2019,2,-32.281,-69.4,126.9,3,ML,ML,3.0125,Mendoza2022_Meq_to_Mw,Mendoza/YPF 2022,converted_regional,ISC,ISC,1,617802144,,inside_rectangle,single_source,yes,yes,
MZA-04004,2019-02-01T19:01:48.200Z,2019,2,-32.406,-69.541,115.2,2.5,ML,ML,2.5275,Mendoza2022_Meq_to_Mw,Mendoza/YPF 2022,converted_regional,ISC,ISC,1,617802146,,inside_rectangle,single_source,yes,yes,
MZA-04005,2019-02-02T06:35:20.900Z,2019,2,-32.223,-67.442,141.1,2.2,ML,ML,2.2365,Mendoza2022_Meq_to_Mw,Mendoza/YPF 2022,converted_regional,ISC,ISC,1,617802158,,inside_rectangle,single_source,yes,yes,
MZA-04006,2019-02-02T20:11:24.500Z,2019,2,-32.133,-69.292,108.1,1.5,ML,ML,1.5575,Mendoza2022_Meq_to_Mw,Mendoza/YPF 2022,converted_regional,ISC,ISC,1,617802180,,inside_rectangle,single_source,yes,yes,
MZA-04007,2019-02-03T01:52:37.099Z,2019,2,-32.177,-69.975,112.6,2,ML,ML,2.0425,Mendoza2022_Meq_to_Mw,Mendoza/YPF 2022,converted_regional,ISC,ISC,1,617802189,,inside_rectangle,single_source,yes,yes,
MZA-04008,2019-02-03T09:58:21.800Z,2019,2,-33.296,-68.154,30.6,1.8,ML,ML,1.8485,Mendoza2022_Meq_to_Mw,Mendoza/YPF 2022,converted_regional,ISC,ISC,1,617802207,,inside_rectangle,single_source,yes,yes,
MZA-04009,2019-02-03T10:45:06.300Z,2019,2,-33.077,-69.125,28,1.2,ML,ML,1.2665,Mendoza2022_Meq_to_Mw,Mendoza/YPF 2022,converted_regional,ISC,ISC,1,617802208,,inside_rectangle,single_source,yes,yes,
MZA-04010,2019-02-03T12:00:52.199Z,2019,2,-34.341,-69.294,19.4,2.3,ML,ML,2.3335,Mendoza2022_Meq_to_Mw,Mendoza/YPF 2022,converted_regional,ISC,ISC,1,617802213,,inside_rectangle,single_source,yes,yes,
MZA-04011,2019-02-03T15:52:06.600Z,2019,2,-32.341,-69.116,135.1,1.7,ML,ML,1.7515,Mendoza2022_Meq_to_Mw,Mendoza/YPF 2022,converted_regional,ISC,ISC,1,617802220,,inside_rectangle,single_source,yes,yes,
MZA-04012,2019-02-03T17:11:53.799Z,2019,2,-32.785,-69.245,23.6,0.8,ML,ML,0.8785,Mendoza2022_Meq_to_Mw,Mendoza/YPF 2022,converted_regional,ISC,ISC,1,617802222,,inside_rectangle,single_source,yes,yes,
MZA-04013,2019-02-03T20:03:53.200Z,2019,2,-32.458,-69.025,10.5,0.8,ML,ML,0.8785,Mendoza2022_Meq_to_Mw,Mendoza/YPF 2022,converted_regional,ISC,ISC,1,617802227,,inside_rectangle,single_source,yes,yes,
MZA-04014,2019-02-04T09:00:32.800Z,2019,2,-32.936,-69.322,19.5,0.9,ML,ML,0.9755,Mendoza2022_Meq_to_Mw,Mendoza/YPF 2022,converted_regional,ISC,ISC,1,617802254,,inside_rectangle,single_source,yes,yes,
MZA-04015,2019-02-04T15:17:35.700Z,2019,2,-33.32,-68.633,25,1.1,ML,ML,1.1695,Mendoza2022_Meq_to_Mw,Mendoza/YPF 2022,converted_regional,ISC,ISC,1,617802274,,inside_rectangle,single_source,yes,yes,
MZA-04016,2019-02-05T06:05:16.600Z,2019,2,-32.704,-68.925,35.8,1.2,ML,ML,1.2665,Mendoza2022_Meq_to_Mw,Mendoza/YPF 2022,converted_regional,ISC,ISC,1,617802304,,inside_rectangle,single_source,yes,yes,
MZA-04017,2019-02-05T16:47:59.300Z,2019,2,-32.796,-69.042,20,1.4,ML,ML,1.4605,Mendoza2022_Meq_to_Mw,Mendoza/YPF 2022,converted_regional,ISC,ISC,1,617802315,,inside_rectangle,single_source,yes,yes,
MZA-04018,2019-02-05T19:50:27.000Z,2019,2,-33.41,-69.385,33.7,1.6,ML,ML,1.6545,Mendoza2022_Meq_to_Mw,Mendoza/YPF 2022,converted_regional,ISC,ISC,1,617802322,,inside_rectangle,single_source,yes,yes,
MZA-04019,2019-02-05T20:16:33.899Z,2019,2,-32.859,-68.931,37.5,0.6,ML,ML,0.6845,Mendoza2022_Meq_to_Mw,Mendoza/YPF 2022,converted_regional,ISC,ISC,1,617802325,,inside_rectangle,single_source,yes,yes,
MZA-04020,2019-02-05T22:22:50.130Z,2019,2,-33.4618,-68.8715,10,3.2,ML,ML,3.2065,Mendoza2022_Meq_to_Mw,Mendoza/YPF 2022,converted_regional,ISC,ISC,1,617413449,,inside_rectangle,single_source,yes,yes,
MZA-04021,2019-02-06T00:01:21.300Z,2019,2,-32.089,-69.505,108.4,1.4,ML,ML,1.4605,Mendoza2022_Meq_to_Mw,Mendoza/YPF 2022,converted_regional,ISC,ISC,1,617802337,,inside_rectangle,single_source,yes,yes,
MZA-04022,2019-02-06T01:11:51.700Z,2019,2,-32.091,-68.423,119.5,3.2,ML,ML,3.2065,Mendoza2022_Meq_to_Mw,Mendoza/YPF 2022,converted_regional,ISC,ISC,1,617802338,,inside_rectangle,single_source,yes,yes,
MZA-04023,2019-02-06T01:48:26.500Z,2019,2,-32.259,-67.906,121.5,1.4,ML,ML,1.4605,Mendoza2022_Meq_to_Mw,Mendoza/YPF 2022,converted_regional,ISC,ISC,1,617802339,,inside_rectangle,single_source,yes,yes,
MZA-04024,2019-02-06T07:08:15.700Z,2019,2,-32.328,-69.094,7.9,2.1,ML,ML,2.1395,Mendoza2022_Meq_to_Mw,Mendoza/YPF 2022,converted_regional,ISC,ISC,1,617802352,,inside_rectangle,single_source,yes,yes,
MZA-04025,2019-02-06T07:24:13.200Z,2019,2,-32.32,-69.083,10,2.4,ML,ML,2.4305,Mendoza2022_Meq_to_Mw,Mendoza/YPF 2022,converted_regional,ISC,ISC,1,617802353,,inside_rectangle,single_source,yes,yes,
MZA-04026,2019-02-06T08:01:15.599Z,2019,2,-32.248,-68.835,118.6,1.7,ML,ML,1.7515,Mendoza2022_Meq_to_Mw,Mendoza/YPF 2022,converted_regional,ISC,ISC,1,617802354,,inside_rectangle,single_source,yes,yes,
MZA-04027,2019-02-06T13:22:57.799Z,2019,2,-32.089,-68.453,11,1.6,ML,ML,1.6545,Mendoza2022_Meq_to_Mw,Mendoza/YPF 2022,converted_regional,ISC,ISC,1,617802368,,inside_rectangle,single_source,yes,yes,
MZA-04028,2019-02-06T13:48:33.900Z,2019,2,-33.302,-69.06,109.3,2,ML,ML,2.0425,Mendoza2022_Meq_to_Mw,Mendoza/YPF 2022,converted_regional,ISC,ISC,1,617802370,,inside_rectangle,single_source,yes,yes,
MZA-04029,2019-02-06T13:55:55.400Z,2019,2,-32.915,-69.335,127.7,1.9,ML,ML,1.9455,Mendoza2022_Meq_to_Mw,Mendoza/YPF 2022,converted_regional,ISC,ISC,1,617802371,,inside_rectangle,single_source,yes,yes,
MZA-04030,2019-02-06T17:30:06.200Z,2019,2,-32.207,-67.505,10,2.1,ML,ML,2.1395,Mendoza2022_Meq_to_Mw,Mendoza/YPF 2022,converted_regional,ISC,ISC,1,617802379,,inside_rectangle,single_source,yes,yes,
MZA-04031,2019-02-06T23:32:03.900Z,2019,2,-32.165,-69.429,126.7,2.5,ML,ML,2.5275,Mendoza2022_Meq_to_Mw,Mendoza/YPF 2022,converted_regional,ISC,ISC,1,617802390,,inside_rectangle,single_source,yes,yes,
MZA-04032,2019-02-07T02:45:06.799Z,2019,2,-32.887,-69.093,10.1,2.9,ML,ML,2.9155,Mendoza2022_Meq_to_Mw,Mendoza/YPF 2022,converted_regional,ISC,ISC,1,617802394,,inside_rectangle,single_source,yes,yes,
MZA-04033,2019-02-07T05:10:56.600Z,2019,2,-33.321,-68.229,25.4,2.1,ML,ML,2.1395,Mendoza2022_Meq_to_Mw,Mendoza/YPF 2022,converted_regional,ISC,ISC,1,617802399,,inside_rectangle,single_source,yes,yes,
MZA-04034,2019-02-07T13:42:17.600Z,2019,2,-32.911,-68.419,30.4,1.6,ML,ML,1.6545,Mendoza2022_Meq_to_Mw,Mendoza/YPF 2022,converted_regional,ISC,ISC,1,617802420,,inside_rectangle,single_source,yes,yes,
MZA-04035,2019-02-07T16:09:09.900Z,2019,2,-32.823,-69.33,30.9,1.6,ML,ML,1.6545,Mendoza2022_Meq_to_Mw,Mendoza/YPF 2022,converted_regional,ISC,ISC,1,617802425,,inside_rectangle,single_source,yes,yes,
MZA-04036,2019-02-07T22:57:55.699Z,2019,2,-32.227,-68.43,118.8,2.5,ML,ML,2.5275,Mendoza2022_Meq_to_Mw,Mendoza/YPF 2022,converted_regional,ISC,ISC,1,617802438,,inside_rectangle,single_source,yes,yes,
MZA-04037,2019-02-08T00:07:05.200Z,2019,2,-32.993,-68.633,38.1,1.8,ML,ML,1.8485,Mendoza2022_Meq_to_Mw,Mendoza/YPF 2022,converted_regional,ISC,ISC,1,617802441,,inside_rectangle,single_source,yes,yes,
MZA-04038,2019-02-08T00:27:49.800Z,2019,2,-33.257,-69.134,2.4,1.7,ML,ML,1.7515,Mendoza2022_Meq_to_Mw,Mendoza/YPF 2022,converted_regional,ISC,ISC,1,617802443,,inside_rectangle,single_source,yes,yes,
MZA-04039,2019-02-08T01:19:48.000Z,2019,2,-32.76,-69.478,131.1,2,ML,ML,2.0425,Mendoza2022_Meq_to_Mw,Mendoza/YPF 2022,converted_regional,ISC,ISC,1,617802446,,inside_rectangle,single_source,yes,yes,
MZA-04040,2019-02-08T06:06:37.600Z,2019,2,-32.958,-68.984,21.5,0.8,ML,ML,0.8785,Mendoza2022_Meq_to_Mw,Mendoza/YPF 2022,converted_regional,ISC,ISC,1,617802458,,inside_rectangle,single_source,yes,yes,
MZA-04041,2019-02-08T11:32:49.900Z,2019,2,-32.229,-68.56,132.9,2,ML,ML,2.0425,Mendoza2022_Meq_to_Mw,Mendoza/YPF 2022,converted_regional,ISC,ISC,1,617802474,,inside_rectangle,single_source,yes,yes,
MZA-04042,2019-02-08T15:29:46.700Z,2019,2,-32.191,-67.544,138.3,2.7,ML,ML,2.7215,Mendoza2022_Meq_to_Mw,Mendoza/YPF 2022,converted_regional,ISC,ISC,1,617802476,,inside_rectangle,single_source,yes,yes,
MZA-04043,2019-02-08T21:59:07.700Z,2019,2,-32.579,-69.572,7,1.9,ML,ML,1.9455,Mendoza2022_Meq_to_Mw,Mendoza/YPF 2022,converted_regional,ISC,ISC,1,617802491,,inside_rectangle,single_source,yes,yes,
MZA-04044,2019-02-09T03:37:50.499Z,2019,2,-32.883,-69.076,37.2,2.2,ML,ML,2.2365,Mendoza2022_Meq_to_Mw,Mendoza/YPF 2022,converted_regional,ISC,ISC,1,617802504,,inside_rectangle,single_source,yes,yes,
MZA-04045,2019-02-09T04:45:35.800Z,2019,2,-32.798,-68.646,35.1,0.6,ML,ML,0.6845,Mendoza2022_Meq_to_Mw,Mendoza/YPF 2022,converted_regional,ISC,ISC,1,617802508,,inside_rectangle,single_source,yes,yes,
MZA-04046,2019-02-09T13:47:24.999Z,2019,2,-32.826,-68.91,48.7,1.5,ML,ML,1.5575,Mendoza2022_Meq_to_Mw,Mendoza/YPF 2022,converted_regional,ISC,ISC,1,617802524,,inside_rectangle,single_source,yes,yes,
MZA-04047,2019-02-10T05:18:53.070Z,2019,2,-32.0656,-69.4128,134.7,3.6,ML,ML,3.5945,Mendoza2022_Meq_to_Mw,Mendoza/YPF 2022,converted_regional,ISC,ISC,1,617802549,,inside_rectangle,single_source,yes,yes,
MZA-04048,2019-02-11T17:09:51.300Z,2019,2,-32.802,-69.78,91.6,2.1,ML,ML,2.1395,Mendoza2022_Meq_to_Mw,Mendoza/YPF 2022,converted_regional,ISC,ISC,1,617802592,,inside_rectangle,single_source,yes,yes,
MZA-04049,2019-02-11T17:53:05.500Z,2019,2,-32.121,-69.703,138,2.4,ML,ML,2.4305,Mendoza2022_Meq_to_Mw,Mendoza/YPF 2022,converted_regional,ISC,ISC,1,617802595,,inside_rectangle,single_source,yes,yes,
MZA-04050,2019-02-12T20:12:18.500Z,2019,2,-32.021,-67.245,130.5,2.7,ML,ML,2.7215,Mendoza2022_Meq_to_Mw,Mendoza/YPF 2022,converted_regional,ISC,ISC,1,617802626,,inside_rectangle,single_source,yes,yes,
MZA-04051,2019-02-12T21:44:26.800Z,2019,2,-32.499,-69.908,128.4,2.3,ML,ML,2.3335,Mendoza2022_Meq_to_Mw,Mendoza/YPF 2022,converted_regional,ISC,ISC,1,617802629,,inside_rectangle,single_source,yes,yes,
MZA-04052,2019-02-12T22:25:18.400Z,2019,2,-32.972,-69.149,20.1,1.9,ML,ML,1.9455,Mendoza2022_Meq_to_Mw,Mendoza/YPF 2022,converted_regional,ISC,ISC,1,617802631,,inside_rectangle,single_source,yes,yes,
MZA-04053,2019-02-13T08:37:57.300Z,2019,2,-32.065,-68.828,7,1.8,ML,ML,1.8485,Mendoza2022_Meq_to_Mw,Mendoza/YPF 2022,converted_regional,ISC,ISC,1,617802648,,inside_rectangle,single_source,yes,yes,
MZA-04054,2019-02-13T12:06:42.300Z,2019,2,-32.837,-68.723,26.3,0.9,ML,ML,0.9755,Mendoza2022_Meq_to_Mw,Mendoza/YPF 2022,converted_regional,ISC,ISC,1,617802652,,inside_rectangle,single_source,yes,yes,
MZA-04055,2019-02-13T12:31:50.000Z,2019,2,-32.562,-68.681,136.8,1.2,ML,ML,1.2665,Mendoza2022_Meq_to_Mw,Mendoza/YPF 2022,converted_regional,ISC,ISC,1,617802653,,inside_rectangle,single_source,yes,yes,
MZA-04056,2019-02-13T12:35:09.100Z,2019,2,-32.951,-68.194,8,2.5,ML,ML,2.5275,Mendoza2022_Meq_to_Mw,Mendoza/YPF 2022,converted_regional,ISC,ISC,1,617802654,,inside_rectangle,single_source,yes,yes,
MZA-04057,2019-02-13T15:54:14.300Z,2019,2,-33.252,-69.134,10.1,1.2,ML,ML,1.2665,Mendoza2022_Meq_to_Mw,Mendoza/YPF 2022,converted_regional,ISC,ISC,1,617802659,,inside_rectangle,single_source,yes,yes,
MZA-04058,2019-02-13T20:34:30.700Z,2019,2,-32.208,-69.92,103.1,1.7,ML,ML,1.7515,Mendoza2022_Meq_to_Mw,Mendoza/YPF 2022,converted_regional,ISC,ISC,1,617802664,,inside_rectangle,single_source,yes,yes,
MZA-04059,2019-02-14T16:28:51.800Z,2019,2,-32.029,-68.631,133.9,1.7,ML,ML,1.7515,Mendoza2022_Meq_to_Mw,Mendoza/YPF 2022,converted_regional,ISC,ISC,1,617802693,,inside_rectangle,single_source,yes,yes,
MZA-04060,2019-02-15T00:57:36.100Z,2019,2,-32.606,-69.547,118.5,2.1,ML,ML,2.1395,Mendoza2022_Meq_to_Mw,Mendoza/YPF 2022,converted_regional,ISC,ISC,1,617802700,,inside_rectangle,single_source,yes,yes,
MZA-04061,2019-02-15T17:31:59.000Z,2019,2,-32.27,-69.368,17,1.3,ML,ML,1.3635,Mendoza2022_Meq_to_Mw,Mendoza/YPF 2022,converted_regional,ISC,ISC,1,617802723,,inside_rectangle,single_source,yes,yes,
MZA-04062,2019-02-15T18:13:43.800Z,2019,2,-32.076,-68.532,104.1,1.7,ML,ML,1.7515,Mendoza2022_Meq_to_Mw,Mendoza/YPF 2022,converted_regional,ISC,ISC,1,617802725,,inside_rectangle,single_source,yes,yes,
MZA-04063,2019-02-15T18:34:24.700Z,2019,2,-32.379,-69.871,104.9,2,ML,ML,2.0425,Mendoza2022_Meq_to_Mw,Mendoza/YPF 2022,converted_regional,ISC,ISC,1,617802726,,inside_rectangle,single_source,yes,yes,
MZA-04064,2019-02-16T03:43:11.800Z,2019,2,-33.515,-68.122,10.8,3.1,ML,ML,3.1095,Mendoza2022_Meq_to_Mw,Mendoza/YPF 2022,converted_regional,ISC,ISC,1,617802739,,inside_rectangle,single_source,yes,yes,
MZA-04065,2019-02-16T07:31:14.999Z,2019,2,-32.987,-69.146,36.7,0.8,ML,ML,0.8785,Mendoza2022_Meq_to_Mw,Mendoza/YPF 2022,converted_regional,ISC,ISC,1,617802747,,inside_rectangle,single_source,yes,yes,
MZA-04066,2019-02-16T10:18:59.800Z,2019,2,-32.009,-67.72,22,1.4,ML,ML,1.4605,Mendoza2022_Meq_to_Mw,Mendoza/YPF 2022,converted_regional,ISC,ISC,1,617802752,,inside_rectangle,single_source,yes,yes,
MZA-04067,2019-02-16T13:41:16.000Z,2019,2,-33.42,-69.95,10,2.1,ML,ML,2.1395,Mendoza2022_Meq_to_Mw,Mendoza/YPF 2022,converted_regional,ISC,ISC,1,617802760,,inside_rectangle,single_source,yes,yes,
MZA-04068,2019-02-16T19:49:47.400Z,2019,2,-32.95,-68.913,27.6,1.4,ML,ML,1.4605,Mendoza2022_Meq_to_Mw,Mendoza/YPF 2022,converted_regional,ISC,ISC,1,617802772,,inside_rectangle,single_source,yes,yes,
MZA-04069,2019-02-16T20:30:13.600Z,2019,2,-32.364,-68.504,125.9,1.7,ML,ML,1.7515,Mendoza2022_Meq_to_Mw,Mendoza/YPF 2022,converted_regional,ISC,ISC,1,617802774,,inside_rectangle,single_source,yes,yes,
MZA-04070,2019-02-16T21:59:11.600Z,2019,2,-32.701,-68.951,26.1,1.4,ML,ML,1.4605,Mendoza2022_Meq_to_Mw,Mendoza/YPF 2022,converted_regional,ISC,ISC,1,617802776,,inside_rectangle,single_source,yes,yes,
MZA-04071,2019-02-17T16:06:31.400Z,2019,2,-32.844,-68.674,34.7,1.2,ML,ML,1.2665,Mendoza2022_Meq_to_Mw,Mendoza/YPF 2022,converted_regional,ISC,ISC,1,617802816,,inside_rectangle,single_source,yes,yes,
MZA-04072,2019-02-17T20:51:28.300Z,2019,2,-33.225,-68.261,25,1,ML,ML,1.0725,Mendoza2022_Meq_to_Mw,Mendoza/YPF 2022,converted_regional,ISC,ISC,1,617802825,,inside_rectangle,single_source,yes,yes,
MZA-04073,2019-02-18T00:25:38.600Z,2019,2,-32.511,-68.904,105.7,1.3,ML,ML,1.3635,Mendoza2022_Meq_to_Mw,Mendoza/YPF 2022,converted_regional,ISC,ISC,1,617802834,,inside_rectangle,single_source,yes,yes,
MZA-04074,2019-02-18T03:57:47.700Z,2019,2,-33.018,-69.476,128.1,1.8,ML,ML,1.8485,Mendoza2022_Meq_to_Mw,Mendoza/YPF 2022,converted_regional,ISC,ISC,1,617802844,,inside_rectangle,single_source,yes,yes,
MZA-04075,2019-02-18T12:14:26.000Z,2019,2,-33.146,-69.625,8.6,1.9,ML,ML,1.9455,Mendoza2022_Meq_to_Mw,Mendoza/YPF 2022,converted_regional,ISC,ISC,1,617802859,,inside_rectangle,single_source,yes,yes,
MZA-04076,2019-02-18T18:43:09.099Z,2019,2,-32.015,-67.856,9.8,2.6,ML,ML,2.6245,Mendoza2022_Meq_to_Mw,Mendoza/YPF 2022,converted_regional,ISC,ISC,1,617802867,,inside_rectangle,single_source,yes,yes,
MZA-04077,2019-02-19T01:21:52.100Z,2019,2,-33.841,-68.934,108.1,2.1,ML,ML,2.1395,Mendoza2022_Meq_to_Mw,Mendoza/YPF 2022,converted_regional,ISC,ISC,1,617802875,,inside_rectangle,single_source,yes,yes,
MZA-04078,2019-02-19T06:10:51.900Z,2019,2,-32.702,-68.977,27.7,1.6,ML,ML,1.6545,Mendoza2022_Meq_to_Mw,Mendoza/YPF 2022,converted_regional,ISC,ISC,1,617802882,,inside_rectangle,single_source,yes,yes,
MZA-04079,2019-02-19T09:49:08.700Z,2019,2,-32.826,-69.236,10.2,0.7,ML,ML,0.7815,Mendoza2022_Meq_to_Mw,Mendoza/YPF 2022,converted_regional,ISC,ISC,1,617802889,,inside_rectangle,single_source,yes,yes,
MZA-04080,2019-02-19T18:05:13.000Z,2019,2,-32.856,-69.142,9.3,2,ML,ML,2.0425,Mendoza2022_Meq_to_Mw,Mendoza/YPF 2022,converted_regional,ISC,ISC,1,617802898,,inside_rectangle,single_source,yes,yes,
MZA-04081,2019-02-19T18:58:54.000Z,2019,2,-33.849,-69.495,6.7,1.6,ML,ML,1.6545,Mendoza2022_Meq_to_Mw,Mendoza/YPF 2022,converted_regional,ISC,ISC,1,617802899,,inside_rectangle,single_source,yes,yes,
MZA-04082,2019-02-19T22:38:54.100Z,2019,2,-33.052,-68.907,22,1,ML,ML,1.0725,Mendoza2022_Meq_to_Mw,Mendoza/YPF 2022,converted_regional,ISC,ISC,1,617802909,,inside_rectangle,single_source,yes,yes,
MZA-04083,2019-02-20T06:56:42.100Z,2019,2,-32.927,-68.806,16,0.6,ML,ML,0.6845,Mendoza2022_Meq_to_Mw,Mendoza/YPF 2022,converted_regional,ISC,ISC,1,617802928,,inside_rectangle,single_source,yes,yes,
MZA-04084,2019-02-20T15:26:02.600Z,2019,2,-32.825,-68.981,16.6,2.1,ML,ML,2.1395,Mendoza2022_Meq_to_Mw,Mendoza/YPF 2022,converted_regional,ISC,ISC,1,617802939,,inside_rectangle,single_source,yes,yes,
MZA-04085,2019-02-20T17:03:21.600Z,2019,2,-32.852,-68.877,33.7,1.4,ML,ML,1.4605,Mendoza2022_Meq_to_Mw,Mendoza/YPF 2022,converted_regional,ISC,ISC,1,617802942,,inside_rectangle,single_source,yes,yes,
MZA-04086,2019-02-21T02:31:47.299Z,2019,2,-32.058,-67.44,19.1,2.3,ML,ML,2.3335,Mendoza2022_Meq_to_Mw,Mendoza/YPF 2022,converted_regional,ISC,ISC,1,617802966,,inside_rectangle,single_source,yes,yes,
MZA-04087,2019-02-21T03:57:33.900Z,2019,2,-33.042,-69.134,8.8,1.2,ML,ML,1.2665,Mendoza2022_Meq_to_Mw,Mendoza/YPF 2022,converted_regional,ISC,ISC,1,617802970,,inside_rectangle,single_source,yes,yes,
MZA-04088,2019-02-21T07:17:57.700Z,2019,2,-32.269,-69.506,108.7,1.6,ML,ML,1.6545,Mendoza2022_Meq_to_Mw,Mendoza/YPF 2022,converted_regional,ISC,ISC,1,617802977,,inside_rectangle,single_source,yes,yes,
MZA-04089,2019-02-21T07:54:27.700Z,2019,2,-32.614,-69.037,29.2,0.3,ML,ML,0.3935,Mendoza2022_Meq_to_Mw,Mendoza/YPF 2022,converted_regional,ISC,ISC,1,617802978,,inside_rectangle,single_source,yes,yes,
MZA-04090,2019-02-21T08:36:31.400Z,2019,2,-32.739,-68.805,16.7,0.7,ML,ML,0.7815,Mendoza2022_Meq_to_Mw,Mendoza/YPF 2022,converted_regional,ISC,ISC,1,617802980,,inside_rectangle,single_source,yes,yes,
MZA-04091,2019-02-21T10:50:31.000Z,2019,2,-32.883,-69.008,137.4,2.7,ML,ML,2.7215,Mendoza2022_Meq_to_Mw,Mendoza/YPF 2022,converted_regional,ISC,ISC,1,617802984,,inside_rectangle,single_source,yes,yes,
MZA-04092,2019-02-21T15:41:33.100Z,2019,2,-33.082,-68.784,12.2,1.3,ML,ML,1.3635,Mendoza2022_Meq_to_Mw,Mendoza/YPF 2022,converted_regional,ISC,ISC,1,617802994,,inside_rectangle,single_source,yes,yes,
MZA-04093,2019-02-21T17:25:34.700Z,2019,2,-32.172,-69.604,10,1.1,ML,ML,1.1695,Mendoza2022_Meq_to_Mw,Mendoza/YPF 2022,converted_regional,ISC,ISC,1,617802998,,inside_rectangle,single_source,yes,yes,
MZA-04094,2019-02-21T18:20:44.200Z,2019,2,-32.678,-68.881,104.8,1.7,ML,ML,1.7515,Mendoza2022_Meq_to_Mw,Mendoza/YPF 2022,converted_regional,ISC,ISC,1,617803001,,inside_rectangle,single_source,yes,yes,
MZA-04095,2019-02-21T21:45:52.999Z,2019,2,-33.015,-69.122,17.8,1,ML,ML,1.0725,Mendoza2022_Meq_to_Mw,Mendoza/YPF 2022,converted_regional,ISC,ISC,1,617803008,,inside_rectangle,single_source,yes,yes,
MZA-04096,2019-02-22T00:11:49.899Z,2019,2,-32.672,-68.899,142.6,2.1,ML,ML,2.1395,Mendoza2022_Meq_to_Mw,Mendoza/YPF 2022,converted_regional,ISC,ISC,1,617803012,,inside_rectangle,single_source,yes,yes,
MZA-04097,2019-02-22T01:30:36.400Z,2019,2,-33.059,-69.014,17.8,1.6,ML,ML,1.6545,Mendoza2022_Meq_to_Mw,Mendoza/YPF 2022,converted_regional,ISC,ISC,1,617803016,,inside_rectangle,single_source,yes,yes,
MZA-04098,2019-02-22T05:59:19.700Z,2019,2,-32.314,-68.377,152.6,1.8,ML,ML,1.8485,Mendoza2022_Meq_to_Mw,Mendoza/YPF 2022,converted_regional,ISC,ISC,1,617803026,,inside_rectangle,single_source,yes,yes,
MZA-04099,2019-02-22T15:17:15.899Z,2019,2,-32.089,-69.495,125.9,2.3,ML,ML,2.3335,Mendoza2022_Meq_to_Mw,Mendoza/YPF 2022,converted_regional,ISC,ISC,1,617803046,,inside_rectangle,single_source,yes,yes,
MZA-04100,2019-02-22T15:56:12.100Z,2019,2,-32.104,-68.428,35.2,1.3,ML,ML,1.3635,Mendoza2022_Meq_to_Mw,Mendoza/YPF 2022,converted_regional,ISC,ISC,1,617803047,,inside_rectangle,single_source,yes,yes,
MZA-04101,2019-02-22T19:09:52.000Z,2019,2,-32.968,-69.12,22.8,2.2,ML,ML,2.2365,Mendoza2022_Meq_to_Mw,Mendoza/YPF 2022,converted_regional,ISC,ISC,1,617803052,,inside_rectangle,single_source,yes,yes,
MZA-04102,2019-02-23T02:30:42.900Z,2019,2,-32.045,-67.334,124.7,2.7,ML,ML,2.7215,Mendoza2022_Meq_to_Mw,Mendoza/YPF 2022,converted_regional,ISC,ISC,1,617803067,,inside_rectangle,single_source,yes,yes,
MZA-04103,2019-02-23T03:02:57.100Z,2019,2,-32.278,-69.494,107.9,1.8,ML,ML,1.8485,Mendoza2022_Meq_to_Mw,Mendoza/YPF 2022,converted_regional,ISC,ISC,1,617803069,,inside_rectangle,single_source,yes,yes,
MZA-04104,2019-02-23T12:22:00.100Z,2019,2,-32.928,-69.11,24.6,1.2,ML,ML,1.2665,Mendoza2022_Meq_to_Mw,Mendoza/YPF 2022,converted_regional,ISC,ISC,1,617803092,,inside_rectangle,single_source,yes,yes,
MZA-04105,2019-02-23T17:18:36.000Z,2019,2,-33.139,-69.053,20.6,1.1,ML,ML,1.1695,Mendoza2022_Meq_to_Mw,Mendoza/YPF 2022,converted_regional,ISC,ISC,1,617803102,,inside_rectangle,single_source,yes,yes,
MZA-04106,2019-02-24T19:48:49.900Z,2019,2,-32.267,-67.762,125.7,2,ML,ML,2.0425,Mendoza2022_Meq_to_Mw,Mendoza/YPF 2022,converted_regional,ISC,ISC,1,617803157,,inside_rectangle,single_source,yes,yes,
MZA-04107,2019-02-25T01:44:34.900Z,2019,2,-33.063,-68.239,32.2,1.7,ML,ML,1.7515,Mendoza2022_Meq_to_Mw,Mendoza/YPF 2022,converted_regional,ISC,ISC,1,617803172,,inside_rectangle,single_source,yes,yes,
MZA-04108,2019-02-25T05:01:25.700Z,2019,2,-32.107,-68.753,9,2.3,ML,ML,2.3335,Mendoza2022_Meq_to_Mw,Mendoza/YPF 2022,converted_regional,ISC,ISC,1,617803179,,inside_rectangle,single_source,yes,yes,
MZA-04109,2019-02-25T07:49:17.300Z,2019,2,-33.084,-67.959,16.2,1.8,ML,ML,1.8485,Mendoza2022_Meq_to_Mw,Mendoza/YPF 2022,converted_regional,ISC,ISC,1,617803189,,inside_rectangle,single_source,yes,yes,
MZA-04110,2019-02-25T20:39:08.000Z,2019,2,-33.018,-68.029,21.4,2.2,ML,ML,2.2365,Mendoza2022_Meq_to_Mw,Mendoza/YPF 2022,converted_regional,ISC,ISC,1,617803217,,inside_rectangle,single_source,yes,yes,
MZA-04111,2019-02-26T01:22:56.700Z,2019,2,-32.984,-68.957,26.7,1.6,ML,ML,1.6545,Mendoza2022_Meq_to_Mw,Mendoza/YPF 2022,converted_regional,ISC,ISC,1,617803225,,inside_rectangle,single_source,yes,yes,
MZA-04112,2019-02-26T02:00:34.900Z,2019,2,-32.695,-69.002,33.7,0.9,ML,ML,0.9755,Mendoza2022_Meq_to_Mw,Mendoza/YPF 2022,converted_regional,ISC,ISC,1,617803229,,inside_rectangle,single_source,yes,yes,
MZA-04113,2019-02-26T02:38:40.300Z,2019,2,-33.31,-69.038,31.5,1.1,ML,ML,1.1695,Mendoza2022_Meq_to_Mw,Mendoza/YPF 2022,converted_regional,ISC,ISC,1,617803230,,inside_rectangle,single_source,yes,yes,
MZA-04114,2019-02-26T05:37:22.399Z,2019,2,-32.082,-69.286,22,1.8,ML,ML,1.8485,Mendoza2022_Meq_to_Mw,Mendoza/YPF 2022,converted_regional,ISC,ISC,1,617803238,,inside_rectangle,single_source,yes,yes,
MZA-04115,2019-02-27T01:26:31.200Z,2019,2,-33.434,-68.217,60.2,2.2,ML,ML,2.2365,Mendoza2022_Meq_to_Mw,Mendoza/YPF 2022,converted_regional,ISC,ISC,1,617803273,,inside_rectangle,single_source,yes,yes,
MZA-04116,2019-02-27T02:05:58.500Z,2019,2,-33.572,-68.41,16.9,1.8,ML,ML,1.8485,Mendoza2022_Meq_to_Mw,Mendoza/YPF 2022,converted_regional,ISC,ISC,1,617803275,,inside_rectangle,single_source,yes,yes,
MZA-04117,2019-02-27T05:54:40.400Z,2019,2,-32.595,-68.716,132.6,1.9,ML,ML,1.9455,Mendoza2022_Meq_to_Mw,Mendoza/YPF 2022,converted_regional,ISC,ISC,1,617803283,,inside_rectangle,single_source,yes,yes,
MZA-04118,2019-02-27T06:34:56.400Z,2019,2,-33.01,-69.018,27.8,1.7,ML,ML,1.7515,Mendoza2022_Meq_to_Mw,Mendoza/YPF 2022,converted_regional,ISC,ISC,1,617803286,,inside_rectangle,single_source,yes,yes,
MZA-04119,2019-02-27T06:52:33.900Z,2019,2,-32.649,-69,31.3,1,ML,ML,1.0725,Mendoza2022_Meq_to_Mw,Mendoza/YPF 2022,converted_regional,ISC,ISC,1,617803287,,inside_rectangle,single_source,yes,yes,
MZA-04120,2019-02-27T07:31:49.200Z,2019,2,-33.686,-68.42,30.5,2,ML,ML,2.0425,Mendoza2022_Meq_to_Mw,Mendoza/YPF 2022,converted_regional,ISC,ISC,1,617803289,,inside_rectangle,single_source,yes,yes,
MZA-04121,2019-02-27T09:52:44.000Z,2019,2,-33.246,-67.572,184.3,2.4,ML,ML,2.4305,Mendoza2022_Meq_to_Mw,Mendoza/YPF 2022,converted_regional,ISC,ISC,1,617803299,,inside_rectangle,single_source,yes,yes,
MZA-04122,2019-03-01T15:20:19.259Z,2019,3,-35.2307,-69.8861,164.1,4,mb,mb,3.981,Mendoza2022_mb_to_Mw,Mendoza/YPF 2022,converted_regional,ISC,ISC,1,617415241,,inside_rectangle,single_source,yes,yes,
MZA-04123,2019-03-12T00:32:45.500Z,2019,3,-32.41,-69.97,131.1,3.1,ML,ML,3.1095,Mendoza2022_Meq_to_Mw,Mendoza/YPF 2022,converted_regional,ISC,ISC,1,618147149,,inside_rectangle,single_source,yes,yes,
MZA-04124,2019-03-14T23:55:22.700Z,2019,3,-32.499,-69.96,112.1,3.1,ML,ML,3.1095,Mendoza2022_Meq_to_Mw,Mendoza/YPF 2022,converted_regional,ISC,ISC,1,618147199,,inside_rectangle,single_source,yes,yes,
MZA-04125,2019-04-01T08:48:01.050Z,2019,4,-33.0603,-67.169,3.8,4.4,mb,mb,4.2026,Mendoza2022_mb_to_Mw,Mendoza/YPF 2022,converted_regional,ISC,ISC,1,617417577,,inside_rectangle,single_source,yes,yes,
MZA-04126,2019-04-09T15:47:19.700Z,2019,4,-32.846,-68.939,12.6,3.1,ML,ML,3.1095,Mendoza2022_Meq_to_Mw,Mendoza/YPF 2022,converted_regional,ISC,ISC,1,618366460,,inside_rectangle,single_source,yes,yes,
MZA-04127,2019-04-23T08:17:58.790Z,2019,4,-32.564,-69.383,126.7,4.4,mb,mb,4.2026,Mendoza2022_mb_to_Mw,Mendoza/YPF 2022,converted_regional,ISC,ISC + USGS,2,615413279,us70003akh,inside_rectangle,accepted_auto,yes,yes,
MZA-04128,2019-05-03T19:11:01.500Z,2019,5,-32.324,-69.777,152.4,3.2,ML,ML,3.2065,Mendoza2022_Meq_to_Mw,Mendoza/YPF 2022,converted_regional,ISC,ISC,1,618541310,,inside_rectangle,single_source,yes,yes,
MZA-04129,2019-05-04T02:51:45.300Z,2019,5,-32.272,-68.129,21.4,3.4,ML,ML,3.4005,Mendoza2022_Meq_to_Mw,Mendoza/YPF 2022,converted_regional,ISC,ISC,1,618687968,,inside_rectangle,single_source,yes,yes,
MZA-04130,2019-05-14T13:40:46.400Z,2019,5,-33.234,-69.736,126.1,2.5,ML,ML,2.5275,Mendoza2022_Meq_to_Mw,Mendoza/YPF 2022,converted_regional,ISC,ISC,1,618541503,,inside_rectangle,single_source,yes,yes,
MZA-04131,2019-05-29T00:50:20.100Z,2019,5,-32.13,-68.535,124.7,3.5,ML,ML,3.4975,Mendoza2022_Meq_to_Mw,Mendoza/YPF 2022,converted_regional,ISC,ISC,1,615757796,,inside_rectangle,single_source,yes,yes,
MZA-04132,2019-06-09T03:05:12.500Z,2019,6,-32.275,-69.975,145.1,3.6,ML,ML,3.5945,Mendoza2022_Meq_to_Mw,Mendoza/YPF 2022,converted_regional,ISC,ISC,1,619051901,,inside_rectangle,single_source,yes,yes,
MZA-04133,2019-06-20T01:23:26.940Z,2019,6,-33.568,-68.9011,158,5.6,mb,mb,4.8674,Mendoza2022_mb_to_Mw,Mendoza/YPF 2022,converted_regional,ISC,ISC + USGS,2,616173401,us600043h2,inside_rectangle,accepted_auto,yes,yes,
MZA-04134,2019-06-20T21:15:59.380Z,2019,6,-33.5235,-67.6543,206.4,4.3,mb,mb,4.1472,Mendoza2022_mb_to_Mw,Mendoza/YPF 2022,converted_regional,ISC,ISC + USGS,2,615965951,us600043xm,inside_rectangle,accepted_auto,yes,yes,
MZA-04135,2019-06-27T02:34:23.480Z,2019,6,-32.7917,-69.7985,10.4,4.3,mb,mb,4.1472,Mendoza2022_mb_to_Mw,Mendoza/YPF 2022,converted_regional,ISC,ISC + USGS,2,616502953,us700045qj,inside_rectangle,accepted_auto,yes,yes,
MZA-04136,2019-07-24T15:34:53.000Z,2019,7,-33.187,-69.173,18,2.9,ML,ML,2.9155,Mendoza2022_Meq_to_Mw,Mendoza/YPF 2022,converted_regional,ISC,ISC,1,619053154,,inside_rectangle,single_source,yes,yes,
MZA-04137,2019-07-24T15:34:57.800Z,2019,7,-33.138,-69.162,16,2.8,ML,ML,2.8185,Mendoza2022_Meq_to_Mw,Mendoza/YPF 2022,converted_regional,ISC,ISC,1,619053157,,inside_rectangle,single_source,yes,yes,
MZA-04138,2019-07-30T16:08:03.930Z,2019,7,-32.5522,-69.9522,123.4,3.4,ML,ML,3.4005,Mendoza2022_Meq_to_Mw,Mendoza/YPF 2022,converted_regional,ISC,ISC,1,619053309,,inside_rectangle,single_source,yes,yes,
MZA-04139,2019-07-30T17:24:35.700Z,2019,7,-32.529,-69.76,130.9,3.4,ML,ML,3.4005,Mendoza2022_Meq_to_Mw,Mendoza/YPF 2022,converted_regional,ISC,ISC,1,619444573,,inside_rectangle,single_source,yes,yes,
MZA-04140,2019-08-01T21:47:22.199Z,2019,8,-34.32,-69.943,16.3,3,ML,ML,3.0125,Mendoza2022_Meq_to_Mw,Mendoza/YPF 2022,converted_regional,ISC,ISC,1,619053408,,inside_rectangle,single_source,yes,yes,
MZA-04141,2019-08-07T12:34:13.000Z,2019,8,-33.343,-69.826,12.4,2.5,ML,ML,2.5275,Mendoza2022_Meq_to_Mw,Mendoza/YPF 2022,converted_regional,ISC,ISC,1,619053602,,inside_rectangle,single_source,yes,yes,
MZA-04142,2019-09-03T06:02:42.500Z,2019,9,-33.485,-68.863,24.1,2.8,ML,ML,2.8185,Mendoza2022_Meq_to_Mw,Mendoza/YPF 2022,converted_regional,ISC,ISC,1,619499609,,inside_rectangle,single_source,yes,yes,
MZA-04143,2019-09-15T12:51:27.000Z,2019,9,-32.804,-68.819,37.3,3.7,ML,ML,3.6915,Mendoza2022_Meq_to_Mw,Mendoza/YPF 2022,converted_regional,ISC,ISC,1,619624717,,inside_rectangle,single_source,yes,yes,
MZA-04144,2019-09-20T21:45:29.090Z,2019,9,-33.6359,-68.5792,10,3.6,ML,ML,3.5945,Mendoza2022_Meq_to_Mw,Mendoza/YPF 2022,converted_regional,ISC,ISC,1,619499912,,inside_rectangle,single_source,yes,yes,
MZA-04145,2019-09-21T12:20:22.700Z,2019,9,-32.817,-69.816,116.9,2.9,ML,ML,2.9155,Mendoza2022_Meq_to_Mw,Mendoza/YPF 2022,converted_regional,ISC,ISC,1,619499925,,inside_rectangle,single_source,yes,yes,
MZA-04146,2019-10-01T09:46:42.480Z,2019,10,-32.031,-68.1397,28.7,3.8,mb,mb,3.8702,Mendoza2022_mb_to_Mw,Mendoza/YPF 2022,converted_regional,ISC,ISC + USGS,2,616604066,us70005pab,inside_rectangle,accepted_auto,yes,yes,
MZA-04147,2019-10-02T06:35:10.600Z,2019,10,-32.826,-68.99,12.2,2.5,ML,ML,2.5275,Mendoza2022_Meq_to_Mw,Mendoza/YPF 2022,converted_regional,ISC,ISC,1,619578378,,inside_rectangle,single_source,yes,yes,
MZA-04148,2019-10-21T06:00:31.580Z,2019,10,-32.2877,-69.491,120.9,4.3,mb,mb,4.1472,Mendoza2022_mb_to_Mw,Mendoza/YPF 2022,converted_regional,ISC,ISC + USGS,2,617116677,us7000616r,inside_rectangle,accepted_auto,yes,yes,
MZA-04149,2019-10-22T19:20:38.400Z,2019,10,-32.45,-69.859,132.8,3,ML,ML,3.0125,Mendoza2022_Meq_to_Mw,Mendoza/YPF 2022,converted_regional,ISC,ISC,1,619578733,,inside_rectangle,single_source,yes,yes,
MZA-04150,2019-10-24T00:48:13.400Z,2019,10,-33.329,-68.305,9,3.5,ML,ML,3.4975,Mendoza2022_Meq_to_Mw,Mendoza/YPF 2022,converted_regional,ISC,ISC,1,620507041,,inside_rectangle,single_source,yes,yes,
MZA-04151,2019-10-26T03:44:16.800Z,2019,10,-32.143,-68.866,24.5,1.6,ML,ML,1.6545,Mendoza2022_Meq_to_Mw,Mendoza/YPF 2022,converted_regional,ISC,ISC,1,620507043,,inside_rectangle,single_source,yes,yes,
MZA-04152,2019-11-03T12:49:01.400Z,2019,11,-33.843,-69.37,200.4,2.5,ML,ML,2.5275,Mendoza2022_Meq_to_Mw,Mendoza/YPF 2022,converted_regional,ISC,ISC,1,619578946,,inside_rectangle,single_source,yes,yes,
MZA-04153,2019-11-12T09:14:42.100Z,2019,11,-33.472,-69.926,133.1,3.5,ML,ML,3.4975,Mendoza2022_Meq_to_Mw,Mendoza/YPF 2022,converted_regional,ISC,ISC,1,619579146,,inside_rectangle,single_source,yes,yes,
MZA-04154,2019-11-14T23:07:33.800Z,2019,11,-32.7336,-68.7806,26.6,4,ML,ML,3.9825,Mendoza2022_Meq_to_Mw,Mendoza/YPF 2022,converted_regional,ISC,ISC,1,617435150,,inside_rectangle,single_source,yes,yes,
MZA-04155,2019-11-21T16:13:28.200Z,2019,11,-33.753,-67.001,14,3.5,ML,ML,3.4975,Mendoza2022_Meq_to_Mw,Mendoza/YPF 2022,converted_regional,ISC,ISC,1,620557618,,inside_rectangle,single_source,yes,yes,
MZA-04156,2019-11-22T03:04:06.000Z,2019,11,-32.743,-68.795,10,3.6,ML,ML,3.5945,Mendoza2022_Meq_to_Mw,Mendoza/YPF 2022,converted_regional,ISC,ISC,1,620557619,,inside_rectangle,single_source,yes,yes,
MZA-04157,2019-11-29T08:57:37.500Z,2019,11,-33.159,-68.897,10,2.7,ML,ML,2.7215,Mendoza2022_Meq_to_Mw,Mendoza/YPF 2022,converted_regional,ISC,ISC,1,619579457,,inside_rectangle,single_source,yes,yes,
MZA-04158,2019-12-06T06:54:25.600Z,2019,12,-32.055,-67.75,10,3.2,ML,ML,3.2065,Mendoza2022_Meq_to_Mw,Mendoza/YPF 2022,converted_regional,ISC,ISC,1,620557631,,inside_rectangle,single_source,yes,yes,
MZA-04159,2019-12-12T06:42:50.600Z,2019,12,-32.2602,-69.973,127.5,3.6,ML,ML,3.5945,Mendoza2022_Meq_to_Mw,Mendoza/YPF 2022,converted_regional,ISC,ISC,1,619720170,,inside_rectangle,single_source,yes,yes,
MZA-04160,2019-12-13T13:51:41.900Z,2019,12,-33.659,-68.795,5.8,2.6,ML,ML,2.6245,Mendoza2022_Meq_to_Mw,Mendoza/YPF 2022,converted_regional,ISC,ISC,1,619720194,,inside_rectangle,single_source,yes,yes,
MZA-04161,2019-12-21T08:57:09.280Z,2019,12,-32.0098,-69.616,115.6,3.6,ML,ML,3.5945,Mendoza2022_Meq_to_Mw,Mendoza/YPF 2022,converted_regional,ISC,ISC,1,617549360,,inside_rectangle,single_source,yes,yes,
MZA-04162,2020-01-01T23:34:51.000Z,2020,1,-32.782,-68.889,9.7,3.6,ML,ML,3.5945,Mendoza2022_Meq_to_Mw,Mendoza/YPF 2022,converted_regional,ISC,ISC,1,620557643,,inside_rectangle,single_source,yes,yes,
MZA-04163,2020-01-04T02:10:25.240Z,2020,1,-32.1667,-69.3659,118.3,3.4,ML,ML,3.4005,Mendoza2022_Meq_to_Mw,Mendoza/YPF 2022,converted_regional,ISC,ISC,1,619812329,,inside_rectangle,single_source,yes,yes,
MZA-04164,2020-01-07T21:22:56.900Z,2020,1,-34.912,-68.049,15.9,3.7,ML,ML,3.6915,Mendoza2022_Meq_to_Mw,Mendoza/YPF 2022,converted_regional,ISC,ISC,1,620544791,,inside_rectangle,single_source,yes,yes,
MZA-04165,2020-01-11T12:11:46.500Z,2020,1,-33.117,-69.881,128.9,3.3,ML,ML,3.3035,Mendoza2022_Meq_to_Mw,Mendoza/YPF 2022,converted_regional,ISC,ISC,1,619812462,,inside_rectangle,single_source,yes,yes,
MZA-04166,2020-01-15T14:39:29.550Z,2020,1,-32.9412,-68.615,22.1,5,mb,mb,4.535,Mendoza2022_mb_to_Mw,Mendoza/YPF 2022,converted_regional,ISC,ISC + USGS,2,617181033,us7000708k,inside_rectangle,accepted_auto,yes,yes,
MZA-04167,2020-01-15T15:23:11.270Z,2020,1,-32.9571,-68.582,4.8,3.7,ML,ML,3.6915,Mendoza2022_Meq_to_Mw,Mendoza/YPF 2022,converted_regional,ISC,ISC,1,620544806,,inside_rectangle,single_source,yes,yes,
MZA-04168,2020-01-16T08:52:18.600Z,2020,1,-32.923,-69.959,113.4,2.5,ML,ML,2.5275,Mendoza2022_Meq_to_Mw,Mendoza/YPF 2022,converted_regional,ISC,ISC,1,619812560,,inside_rectangle,single_source,yes,yes,
MZA-04169,2020-01-16T11:16:55.000Z,2020,1,-32.95,-68.663,11,2.5,ML,ML,2.5275,Mendoza2022_Meq_to_Mw,Mendoza/YPF 2022,converted_regional,ISC,ISC,1,619812564,,inside_rectangle,single_source,yes,yes,
MZA-04170,2020-01-26T20:17:14.600Z,2020,1,-35.101,-68.225,12.3,3.5,ML,ML,3.4975,Mendoza2022_Meq_to_Mw,Mendoza/YPF 2022,converted_regional,ISC,ISC,1,620544814,,inside_rectangle,single_source,yes,yes,
MZA-04171,2020-02-01T03:02:03.380Z,2020,2,-32.0318,-69.559,116.8,3.3,ML,ML,3.3035,Mendoza2022_Meq_to_Mw,Mendoza/YPF 2022,converted_regional,ISC,ISC,1,619937864,,inside_rectangle,single_source,yes,yes,
MZA-04172,2020-02-01T16:31:37.570Z,2020,2,-33.1401,-68.944,13.6,3.6,ML,ML,3.5945,Mendoza2022_Meq_to_Mw,Mendoza/YPF 2022,converted_regional,ISC,ISC,1,619937880,,inside_rectangle,single_source,yes,yes,
MZA-04173,2020-02-02T13:34:42.800Z,2020,2,-32.245,-67.005,18.4,3.5,ML,ML,3.4975,Mendoza2022_Meq_to_Mw,Mendoza/YPF 2022,converted_regional,ISC,ISC,1,620544816,,inside_rectangle,single_source,yes,yes,
MZA-04174,2020-02-16T19:05:01.600Z,2020,2,-32.025,-69.963,133.8,3.7,ML,ML,3.6915,Mendoza2022_Meq_to_Mw,Mendoza/YPF 2022,converted_regional,ISC,ISC,1,619938124,,inside_rectangle,single_source,yes,yes,
MZA-04175,2020-02-19T15:21:57.030Z,2020,2,-32.7854,-69.5986,122.1,3.5,ML,ML,3.4975,Mendoza2022_Meq_to_Mw,Mendoza/YPF 2022,converted_regional,ISC,ISC,1,619938178,,inside_rectangle,single_source,yes,yes,
MZA-04176,2020-03-02T07:41:05.900Z,2020,3,-32.302,-67.05,6,3.1,ML,ML,3.1095,Mendoza2022_Meq_to_Mw,Mendoza/YPF 2022,converted_regional,ISC,ISC,1,620544833,,inside_rectangle,single_source,yes,yes,
MZA-04177,2020-03-09T18:30:02.889Z,2020,3,-32.244,-67.659,139.6,4.1,mb,mb,4.0364,Mendoza2022_mb_to_Mw,Mendoza/YPF 2022,converted_regional,ISC,ISC + USGS,2,617629191,us60008cm2,inside_rectangle,accepted_auto,yes,yes,
MZA-04178,2020-03-12T14:38:06.300Z,2020,3,-34.304,-68.057,199,3.7,ML,ML,3.6915,Mendoza2022_Meq_to_Mw,Mendoza/YPF 2022,converted_regional,ISC,ISC,1,620544837,,inside_rectangle,single_source,yes,yes,
MZA-04179,2020-03-23T05:51:44.700Z,2020,3,-32.485,-69.976,149,3.4,ML,ML,3.4005,Mendoza2022_Meq_to_Mw,Mendoza/YPF 2022,converted_regional,ISC,ISC,1,620223482,,inside_rectangle,single_source,yes,yes,
MZA-04180,2020-04-06T00:18:27.040Z,2020,4,-32.0998,-68.8307,5.8,4.1,mb,mb,4.0364,Mendoza2022_mb_to_Mw,Mendoza/YPF 2022,converted_regional,ISC,ISC + USGS,2,617840943,us70008ple,inside_rectangle,accepted_auto,yes,yes,
MZA-04181,2020-04-21T02:58:25.200Z,2020,4,-32.8209,-68.6823,20.3,3.5,mb,mb,3.704,Mendoza2022_mb_to_Mw,Mendoza/YPF 2022,converted_regional,ISC,ISC + USGS,2,618133466,us700090u7,inside_rectangle,accepted_auto,yes,yes,
MZA-04182,2020-04-22T08:21:09.660Z,2020,4,-32.154,-69.3525,123.5,4,ML,ML,3.9825,Mendoza2022_Meq_to_Mw,Mendoza/YPF 2022,converted_regional,ISC,ISC + USGS,2,618135559,us700091kh,inside_rectangle,accepted_auto,yes,yes,
MZA-04183,2020-05-01T04:57:00.300Z,2020,5,-32.766,-68.749,13.3,3.3,ML,ML,3.3035,Mendoza2022_Meq_to_Mw,Mendoza/YPF 2022,converted_regional,ISC,ISC,1,620544909,,inside_rectangle,single_source,yes,yes,
MZA-04184,2020-05-04T15:58:27.200Z,2020,5,-32.366,-68.628,111.5,3.3,ML,ML,3.3035,Mendoza2022_Meq_to_Mw,Mendoza/YPF 2022,converted_regional,ISC,ISC,1,620544920,,inside_rectangle,single_source,yes,yes,
MZA-04185,2020-05-11T21:20:57.700Z,2020,5,-32.071,-68.596,113.4,3.4,ML,ML,3.4005,Mendoza2022_Meq_to_Mw,Mendoza/YPF 2022,converted_regional,ISC,ISC,1,620544933,,inside_rectangle,single_source,yes,yes,
MZA-04186,2020-05-21T16:56:59.600Z,2020,5,-32.688,-69.522,113.9,2.6,ML,ML,2.6245,Mendoza2022_Meq_to_Mw,Mendoza/YPF 2022,converted_regional,ISC,ISC,1,620678102,,inside_rectangle,single_source,yes,yes,
MZA-04187,2020-05-22T04:28:58.180Z,2020,5,-34.0929,-69.1466,8.4,3.5,ML,ML,3.4975,Mendoza2022_Meq_to_Mw,Mendoza/YPF 2022,converted_regional,ISC,ISC,1,620544953,,inside_rectangle,single_source,yes,yes,
MZA-04188,2020-05-23T13:11:00.450Z,2020,5,-33.4538,-69.8983,125.6,5.1,mb,mb,4.5904,Mendoza2022_mb_to_Mw,Mendoza/YPF 2022,converted_regional,ISC,ISC + USGS,2,618324436,us70009p3k,inside_rectangle,accepted_auto,yes,yes,
MZA-04189,2020-06-01T22:04:41.559Z,2020,6,-34.9891,-69.4574,179.9,4,mb,mb,3.981,Mendoza2022_mb_to_Mw,Mendoza/YPF 2022,converted_regional,ISC,ISC + USGS,2,618373985,us6000a3z9,inside_rectangle,accepted_auto,yes,yes,
MZA-04190,2020-06-09T05:55:07.800Z,2020,6,-32.873,-69.99,112,3.2,ML,ML,3.2065,Mendoza2022_Meq_to_Mw,Mendoza/YPF 2022,converted_regional,ISC,ISC,1,620781645,,inside_rectangle,single_source,yes,yes,
MZA-04191,2020-06-14T12:01:45.600Z,2020,6,-33.227,-69,13.5,2.4,ML,ML,2.4305,Mendoza2022_Meq_to_Mw,Mendoza/YPF 2022,converted_regional,ISC,ISC,1,620781747,,inside_rectangle,single_source,yes,yes,
MZA-04192,2020-06-21T03:27:24.450Z,2020,6,-35.6365,-69.8529,170,3.2,mb,mb,3.5378,Mendoza2022_mb_to_Mw,Mendoza/YPF 2022,converted_regional,ISC,ISC,1,618655532,,inside_rectangle,single_source,yes,yes,
MZA-04193,2020-06-23T02:16:48.459Z,2020,6,-32.1843,-68.3089,129.6,3.6,ML,ML,3.5945,Mendoza2022_Meq_to_Mw,Mendoza/YPF 2022,converted_regional,ISC,ISC,1,618665899,,inside_rectangle,single_source,yes,yes,
MZA-04194,2020-06-27T14:12:07.450Z,2020,6,-32.8131,-68.6693,20,3.4,ML,ML,3.4005,Mendoza2022_Meq_to_Mw,Mendoza/YPF 2022,converted_regional,ISC,ISC + USGS,2,618678468,us7000ad2b,inside_rectangle,accepted_auto,yes,yes,
MZA-04195,2020-07-07T00:50:13.860Z,2020,7,-32.403,-69.8325,114.8,3.3,ML,ML,3.3035,Mendoza2022_Meq_to_Mw,Mendoza/YPF 2022,converted_regional,ISC,ISC,1,620545078,,inside_rectangle,single_source,yes,yes,
MZA-04196,2020-07-14T06:44:47.399Z,2020,7,-33.703,-68.802,7.8,3.6,ML,ML,3.5945,Mendoza2022_Meq_to_Mw,Mendoza/YPF 2022,converted_regional,ISC,ISC,1,620545095,,inside_rectangle,single_source,yes,yes,
MZA-04197,2020-07-16T18:57:27.350Z,2020,7,-32.914,-67.8275,5.6,3.6,mb,mb,3.7594,Mendoza2022_mb_to_Mw,Mendoza/YPF 2022,converted_regional,ISC,ISC,1,618704194,,inside_rectangle,single_source,yes,yes,
MZA-04198,2020-07-19T10:09:54.130Z,2020,7,-33.0093,-68.2679,3.4,4.1,mb,mb,4.0364,Mendoza2022_mb_to_Mw,Mendoza/YPF 2022,converted_regional,ISC,ISC + USGS,2,618706362,us7000ar7j,inside_rectangle,accepted_auto,yes,yes,
MZA-04199,2020-07-21T00:22:00.310Z,2020,7,-32.1622,-68.4929,125.6,4.3,mb,mb,4.1472,Mendoza2022_mb_to_Mw,Mendoza/YPF 2022,converted_regional,ISC,ISC + USGS,2,618687559,us7000as2t,inside_rectangle,accepted_auto,yes,yes,
MZA-04200,2020-07-21T06:34:54.860Z,2020,7,-33.0851,-68.4646,168.9,4.3,mb,mb,4.1472,Mendoza2022_mb_to_Mw,Mendoza/YPF 2022,converted_regional,ISC,ISC + USGS,2,618687552,us7000as5z,inside_rectangle,accepted_auto,yes,yes,
MZA-04201,2020-08-08T16:46:52.990Z,2020,8,-32.8943,-68.7188,11.6,3.8,ML,ML,3.7885,Mendoza2022_Meq_to_Mw,Mendoza/YPF 2022,converted_regional,ISC,ISC,1,620545145,,inside_rectangle,single_source,yes,yes,
MZA-04202,2020-08-10T18:56:09.740Z,2020,8,-33.9669,-68.4738,6.9,4.2,mb,mb,4.0918,Mendoza2022_mb_to_Mw,Mendoza/YPF 2022,converted_regional,ISC,ISC + USGS,2,618744959,us6000besh,inside_rectangle,accepted_auto,yes,yes,
MZA-04203,2020-08-15T08:43:53.800Z,2020,8,-33.184,-69.992,6.1,1.9,ML,ML,1.9455,Mendoza2022_Meq_to_Mw,Mendoza/YPF 2022,converted_regional,ISC,ISC,1,621070020,,inside_rectangle,single_source,yes,yes,
MZA-04204,2020-08-16T16:45:21.000Z,2020,8,-33.186,-69.998,11,2.8,ML,ML,2.8185,Mendoza2022_Meq_to_Mw,Mendoza/YPF 2022,converted_regional,ISC,ISC,1,621070068,,inside_rectangle,single_source,yes,yes,
MZA-04205,2020-08-16T17:27:57.300Z,2020,8,-32.919,-69.071,13.1,2.7,ML,ML,2.7215,Mendoza2022_Meq_to_Mw,Mendoza/YPF 2022,converted_regional,ISC,ISC,1,621070069,,inside_rectangle,single_source,yes,yes,
MZA-04206,2020-08-23T00:27:49.800Z,2020,8,-33.855,-69.047,0,2,ML,ML,2.0425,Mendoza2022_Meq_to_Mw,Mendoza/YPF 2022,converted_regional,ISC,ISC,1,621070193,,inside_rectangle,single_source,yes,yes,
MZA-04207,2020-08-23T17:05:41.490Z,2020,8,-32.3974,-68.8822,0,4,mb,mb,3.981,Mendoza2022_mb_to_Mw,Mendoza/YPF 2022,converted_regional,ISC,ISC,1,618974780,,inside_rectangle,single_source,yes,yes,
MZA-04208,2020-08-29T01:10:25.849Z,2020,8,-32.7179,-68.3978,10.9,4.2,mb,mb,4.0918,Mendoza2022_mb_to_Mw,Mendoza/YPF 2022,converted_regional,ISC,ISC + USGS,2,618995792,us7000bend,inside_rectangle,accepted_auto,yes,yes,
MZA-04209,2020-09-02T02:37:48.200Z,2020,9,-32.2652,-67.5887,141.5,4.1,mb,mb,4.0364,Mendoza2022_mb_to_Mw,Mendoza/YPF 2022,converted_regional,ISC,ISC + USGS,2,618950109,us7000bg9y,inside_rectangle,accepted_auto,yes,yes,
MZA-04210,2020-09-04T08:01:09.300Z,2020,9,-33.691,-68.727,8.9,2.6,ML,ML,2.6245,Mendoza2022_Meq_to_Mw,Mendoza/YPF 2022,converted_regional,ISC,ISC,1,621119730,,inside_rectangle,single_source,yes,yes,
MZA-04211,2020-09-05T20:52:16.300Z,2020,9,-33.769,-69.162,10.8,2.8,ML,ML,2.8185,Mendoza2022_Meq_to_Mw,Mendoza/YPF 2022,converted_regional,ISC,ISC,1,621119769,,inside_rectangle,single_source,yes,yes,
MZA-04212,2020-09-10T20:38:30.299Z,2020,9,-32.065,-69.771,146.1,2.8,ML,ML,2.8185,Mendoza2022_Meq_to_Mw,Mendoza/YPF 2022,converted_regional,ISC,ISC,1,621119879,,inside_rectangle,single_source,yes,yes,
MZA-04213,2020-09-11T14:52:29.000Z,2020,9,-32.673,-69.992,124.5,3.3,ML,ML,3.3035,Mendoza2022_Meq_to_Mw,Mendoza/YPF 2022,converted_regional,ISC,ISC,1,621119930,,inside_rectangle,single_source,yes,yes,
MZA-04214,2020-09-18T22:12:14.300Z,2020,9,-32.896,-68.333,10,3.5,ML,ML,3.4975,Mendoza2022_Meq_to_Mw,Mendoza/YPF 2022,converted_regional,ISC,ISC,1,620545306,,inside_rectangle,single_source,yes,yes,
MZA-04215,2020-11-13T12:44:15.399Z,2020,11,-32.787,-67.838,25.9,3.2,ML,ML,3.2065,Mendoza2022_Meq_to_Mw,Mendoza/YPF 2022,converted_regional,ISC,ISC,1,620545489,,inside_rectangle,single_source,yes,yes,
MZA-04216,2020-11-18T20:22:00.710Z,2020,11,-32.0566,-68.4356,114.8,3.3,mb,mb,3.5932,Mendoza2022_mb_to_Mw,Mendoza/YPF 2022,converted_regional,ISC,ISC,1,619561196,,inside_rectangle,single_source,yes,yes,
MZA-04217,2020-11-21T20:15:09.020Z,2020,11,-32.53,-69.8774,138.7,3.7,ML,ML,3.6915,Mendoza2022_Meq_to_Mw,Mendoza/YPF 2022,converted_regional,ISC,ISC,1,620545514,,inside_rectangle,single_source,yes,yes,
MZA-04218,2020-11-22T21:20:53.799Z,2020,11,-33.542,-67.651,203.2,3.5,ML,ML,3.4975,Mendoza2022_Meq_to_Mw,Mendoza/YPF 2022,converted_regional,ISC,ISC,1,620545519,,inside_rectangle,single_source,yes,yes,
MZA-04219,2020-12-18T03:36:45.500Z,2020,12,-33.135,-68.813,29.3,2.6,ML,ML,2.6245,Mendoza2022_Meq_to_Mw,Mendoza/YPF 2022,converted_regional,ISC,ISC,1,621729924,,inside_rectangle,single_source,yes,yes,
MZA-04220,2020-12-24T11:22:41.300Z,2020,12,-32.089,-69.796,129.1,3.4,ML,ML,3.4005,Mendoza2022_Meq_to_Mw,Mendoza/YPF 2022,converted_regional,ISC,ISC,1,621730025,,inside_rectangle,single_source,yes,yes,
MZA-04221,2020-12-29T04:35:01.750Z,2020,12,-33.669,-68.5806,12.5,3.6,ML,ML,3.5945,Mendoza2022_Meq_to_Mw,Mendoza/YPF 2022,converted_regional,ISC,ISC,1,620545600,,inside_rectangle,single_source,yes,yes,
MZA-04222,2020-12-31T23:28:35.400Z,2020,12,-33.151,-69.143,14.6,3.2,ML,ML,3.2065,Mendoza2022_Meq_to_Mw,Mendoza/YPF 2022,converted_regional,ISC,ISC,1,621730235,,inside_rectangle,single_source,yes,yes,
MZA-04223,2021-01-01T16:57:47.510Z,2021,1,-33.3727,-68.17,3.5,3.5,ML,ML,3.4975,Mendoza2022_Meq_to_Mw,Mendoza/YPF 2022,converted_regional,ISC,ISC,1,624963447,,inside_rectangle,single_source,yes,yes,
MZA-04224,2021-01-18T01:48:33.410Z,2021,1,-32.5056,-69.4536,123.3,4.4,mb,mb,4.2026,Mendoza2022_mb_to_Mw,Mendoza/YPF 2022,converted_regional,ISC,ISC + USGS,2,619721109,us7000d10a,inside_rectangle,accepted_auto,yes,yes,
MZA-04225,2021-01-19T03:15:29.100Z,2021,1,-32.471,-68.377,114.6,3.3,ML,ML,3.3035,Mendoza2022_Meq_to_Mw,Mendoza/YPF 2022,converted_regional,ISC,ISC,1,624963456,,inside_rectangle,single_source,yes,yes,
MZA-04226,2021-01-23T22:37:47.550Z,2021,1,-32.9051,-69.0061,10,4.4,mb,mb,4.2026,Mendoza2022_mb_to_Mw,Mendoza/YPF 2022,converted_regional,ISC,ISC + USGS,2,619763713,us7000d2rk,inside_rectangle,accepted_auto,yes,yes,
MZA-04227,2021-01-24T04:31:19.884Z,2021,1,-35.9817,-69.9931,166.86,4.3,mb,mb,4.1472,Mendoza2022_mb_to_Mw,Mendoza/YPF 2022,converted_regional,USGS,USGS,1,,us7000d2tj,inside_rectangle,single_source,yes,yes,
MZA-04228,2021-02-01T05:09:28.900Z,2021,2,-32.793,-69.332,138.1,3.6,ML,ML,3.5945,Mendoza2022_Meq_to_Mw,Mendoza/YPF 2022,converted_regional,ISC,ISC,1,620996240,,inside_rectangle,single_source,yes,yes,
MZA-04229,2021-02-12T02:06:04.550Z,2021,2,-32.5774,-69.4332,126.8,4.3,mb,mb,4.1472,Mendoza2022_mb_to_Mw,Mendoza/YPF 2022,converted_regional,ISC,ISC + USGS,2,619865787,us6000dgv7,inside_rectangle,accepted_auto,yes,yes,
MZA-04230,2021-03-08T12:48:07.380Z,2021,3,-32.1956,-69.91,110.9,5.3,mb,mb,4.7012,Mendoza2022_mb_to_Mw,Mendoza/YPF 2022,converted_regional,ISC,ISC + USGS,2,619922952,us7000dh39,inside_rectangle,accepted_auto,yes,yes,
MZA-04231,2021-03-17T06:52:05.500Z,2021,3,-33.038,-69.062,9.4,2.5,ML,ML,2.5275,Mendoza2022_Meq_to_Mw,Mendoza/YPF 2022,converted_regional,ISC,ISC,1,621817153,,inside_rectangle,single_source,yes,yes,
MZA-04232,2021-03-17T09:43:02.040Z,2021,3,-32.6167,-69.8942,128.4,3.6,ML,ML,3.5945,Mendoza2022_Meq_to_Mw,Mendoza/YPF 2022,converted_regional,ISC,ISC,1,619943445,,inside_rectangle,single_source,yes,yes,
MZA-04233,2021-04-02T05:47:48.750Z,2021,4,-33.2688,-67.2615,35,4.1,mb,mb,4.0364,Mendoza2022_mb_to_Mw,Mendoza/YPF 2022,converted_regional,ISC,ISC,1,620323037,,inside_rectangle,single_source,yes,yes,
MZA-04234,2021-04-03T21:31:09.810Z,2021,4,-32.1327,-69.9668,110.2,4.3,mb,mb,4.1472,Mendoza2022_mb_to_Mw,Mendoza/YPF 2022,converted_regional,ISC,ISC + USGS,2,620221885,us6000dyts,inside_rectangle,accepted_auto,yes,yes,
MZA-04235,2021-04-15T07:11:04.060Z,2021,4,-32.2657,-67.9181,140.5,2.9,mb,mb,3.3716,Mendoza2022_mb_to_Mw,Mendoza/YPF 2022,converted_regional,ISC,ISC,1,620343893,,inside_rectangle,single_source,yes,yes,
MZA-04236,2021-05-06T21:31:25.300Z,2021,5,-32.986,-68.894,26.2,3.6,ML,ML,3.5945,Mendoza2022_Meq_to_Mw,Mendoza/YPF 2022,converted_regional,ISC,ISC,1,620682021,,inside_rectangle,single_source,yes,yes,
MZA-04237,2021-05-25T00:05:23.800Z,2021,5,-32.262,-69.435,131.6,3.5,ML,ML,3.4975,Mendoza2022_Meq_to_Mw,Mendoza/YPF 2022,converted_regional,ISC,ISC,1,620682219,,inside_rectangle,single_source,yes,yes,
MZA-04238,2021-06-08T23:04:30.700Z,2021,6,-32.519,-69.998,125.8,2.9,ML,ML,2.9155,Mendoza2022_Meq_to_Mw,Mendoza/YPF 2022,converted_regional,ISC,ISC,1,624561850,,inside_rectangle,single_source,yes,yes,
MZA-04239,2021-06-23T23:19:46.440Z,2021,6,-32.7502,-69.2464,9.5,4.1,mb,mb,4.0364,Mendoza2022_mb_to_Mw,Mendoza/YPF 2022,converted_regional,ISC,ISC + USGS,2,620545654,us6000ep6x,inside_rectangle,accepted_manual_location_uncertainty,yes,yes,Match con discrepancia espacial moderada.
MZA-04240,2021-06-23T23:20:37.890Z,2021,6,-32.8418,-69.1432,19,4.7,mb,mb,4.3688,Mendoza2022_mb_to_Mw,Mendoza/YPF 2022,converted_regional,ISC,ISC + USGS,2,620734171,us6000ep6y,inside_rectangle,accepted_manual_strong,yes,yes,
MZA-04241,2021-06-23T23:32:10.120Z,2021,6,-32.8271,-69.1711,27.2,4.5,mb,mb,4.258,Mendoza2022_mb_to_Mw,Mendoza/YPF 2022,converted_regional,ISC,ISC + USGS,2,620545656,us6000ep70,inside_rectangle,accepted_auto,yes,yes,
MZA-04242,2021-06-28T04:16:06.100Z,2021,6,-33.581,-69.285,209.1,2.7,ML,ML,2.7215,Mendoza2022_Meq_to_Mw,Mendoza/YPF 2022,converted_regional,ISC,ISC,1,624562183,,inside_rectangle,single_source,yes,yes,
MZA-04243,2021-07-03T17:37:45.300Z,2021,7,-33.11,-68.036,14,3.6,ML,ML,3.5945,Mendoza2022_Meq_to_Mw,Mendoza/YPF 2022,converted_regional,ISC,ISC,1,620969481,,inside_rectangle,single_source,yes,yes,
MZA-04244,2021-07-04T12:53:45.900Z,2021,7,-32.66,-68.741,20.1,2.7,ML,ML,2.7215,Mendoza2022_Meq_to_Mw,Mendoza/YPF 2022,converted_regional,ISC,ISC,1,626243427,,inside_rectangle,single_source,yes,yes,
MZA-04245,2021-07-09T20:18:10.000Z,2021,7,-33.371,-68.432,20,2.9,ML,ML,2.9155,Mendoza2022_Meq_to_Mw,Mendoza/YPF 2022,converted_regional,ISC,ISC,1,626243467,,inside_rectangle,single_source,yes,yes,
MZA-04246,2021-07-18T16:29:49.910Z,2021,7,-32.8451,-69.2398,13.5,3.9,mb,mb,3.9256,Mendoza2022_mb_to_Mw,Mendoza/YPF 2022,converted_regional,ISC,ISC,1,620928833,,inside_rectangle,single_source,yes,yes,
MZA-04247,2021-07-23T07:42:58.599Z,2021,7,-32.221,-67.103,13,3.9,ML,ML,3.8855,Mendoza2022_Meq_to_Mw,Mendoza/YPF 2022,converted_regional,ISC,ISC,1,620967875,,inside_rectangle,single_source,yes,yes,
MZA-04248,2021-07-31T22:17:13.500Z,2021,7,-32.753,-68.786,32.5,1.7,ML,ML,1.7515,Mendoza2022_Meq_to_Mw,Mendoza/YPF 2022,converted_regional,ISC,ISC,1,626243493,,inside_rectangle,single_source,yes,yes,
MZA-04249,2021-08-02T04:47:28.930Z,2021,8,-34.583,-69.7779,0,,,,,not_harmonized,,excluded_missing_or_invalid,ISC,ISC,1,620993203,,inside_rectangle,single_source,yes,no,Magnitud QC: missing.
MZA-04250,2021-08-12T02:39:46.090Z,2021,8,-32.4222,-69.8202,128,3.9,mb,mb,3.9256,Mendoza2022_mb_to_Mw,Mendoza/YPF 2022,converted_regional,ISC,ISC + USGS,2,620983370,us6000f4dl,inside_rectangle,accepted_auto,yes,yes,
MZA-04251,2021-08-12T22:53:49.800Z,2021,8,-32.722,-68.824,13,2.9,ML,ML,2.9155,Mendoza2022_Meq_to_Mw,Mendoza/YPF 2022,converted_regional,ISC,ISC,1,621072548,,inside_rectangle,single_source,yes,yes,
MZA-04252,2021-08-14T04:06:07.500Z,2021,8,-32.13,-67.281,132.8,2.9,ML,ML,2.9155,Mendoza2022_Meq_to_Mw,Mendoza/YPF 2022,converted_regional,ISC,ISC,1,625829193,,inside_rectangle,single_source,yes,yes,
MZA-04253,2021-08-18T04:49:06.400Z,2021,8,-32.682,-67.986,6.3,3.2,ML,ML,3.2065,Mendoza2022_Meq_to_Mw,Mendoza/YPF 2022,converted_regional,ISC,ISC,1,625829238,,inside_rectangle,single_source,yes,yes,
MZA-04254,2021-08-18T23:57:11.699Z,2021,8,-32.761,-67.98,6.6,3,ML,ML,3.0125,Mendoza2022_Meq_to_Mw,Mendoza/YPF 2022,converted_regional,ISC,ISC,1,625829248,,inside_rectangle,single_source,yes,yes,
MZA-04255,2021-08-22T13:45:17.730Z,2021,8,-32.864,-67.1943,27.2,4.2,mb,mb,4.0918,Mendoza2022_mb_to_Mw,Mendoza/YPF 2022,converted_regional,ISC,ISC + USGS,2,620999553,us6000f9pf,inside_rectangle,accepted_auto,yes,yes,
MZA-04256,2021-08-22T15:47:55.400Z,2021,8,-33.328,-69.809,10.6,2.5,ML,ML,2.5275,Mendoza2022_Meq_to_Mw,Mendoza/YPF 2022,converted_regional,ISC,ISC,1,624776360,,inside_rectangle,single_source,yes,yes,
MZA-04257,2021-08-26T16:36:34.200Z,2021,8,-32.008,-68.792,10,3,ML,ML,3.0125,Mendoza2022_Meq_to_Mw,Mendoza/YPF 2022,converted_regional,ISC,ISC,1,625829425,,inside_rectangle,single_source,yes,yes,
MZA-04258,2021-08-30T04:08:23.200Z,2021,8,-32.28,-69.966,122.3,2.5,ML,ML,2.5275,Mendoza2022_Meq_to_Mw,Mendoza/YPF 2022,converted_regional,ISC,ISC,1,625829477,,inside_rectangle,single_source,yes,yes,
MZA-04259,2021-09-08T03:22:29.900Z,2021,9,-32.957,-69.041,15,2.8,ML,ML,2.8185,Mendoza2022_Meq_to_Mw,Mendoza/YPF 2022,converted_regional,ISC,ISC,1,626551385,,inside_rectangle,single_source,yes,yes,
MZA-04260,2021-09-09T15:21:16.700Z,2021,9,-32.09,-69.152,8.3,3.3,ML,ML,3.3035,Mendoza2022_Meq_to_Mw,Mendoza/YPF 2022,converted_regional,ISC,ISC,1,626551398,,inside_rectangle,single_source,yes,yes,
MZA-04261,2021-09-10T12:56:45.800Z,2021,9,-33.424,-68.688,10,3.1,ML,ML,3.1095,Mendoza2022_Meq_to_Mw,Mendoza/YPF 2022,converted_regional,ISC,ISC,1,626551407,,inside_rectangle,single_source,yes,yes,
MZA-04262,2021-09-16T16:16:08.900Z,2021,9,-33.86,-69.827,12,2.8,ML,ML,2.8185,Mendoza2022_Meq_to_Mw,Mendoza/YPF 2022,converted_regional,ISC,ISC,1,626551454,,inside_rectangle,single_source,yes,yes,
MZA-04263,2021-09-16T17:16:33.600Z,2021,9,-32.052,-69.138,120.5,2.9,ML,ML,2.9155,Mendoza2022_Meq_to_Mw,Mendoza/YPF 2022,converted_regional,ISC,ISC,1,626551455,,inside_rectangle,single_source,yes,yes,
MZA-04264,2021-09-21T13:39:24.800Z,2021,9,-32.875,-69.117,6.9,2.9,ML,ML,2.9155,Mendoza2022_Meq_to_Mw,Mendoza/YPF 2022,converted_regional,ISC,ISC,1,626551479,,inside_rectangle,single_source,yes,yes,
MZA-04265,2021-09-21T13:42:15.800Z,2021,9,-32.9,-69.108,7,3.3,ML,ML,3.3035,Mendoza2022_Meq_to_Mw,Mendoza/YPF 2022,converted_regional,ISC,ISC,1,626551480,,inside_rectangle,single_source,yes,yes,
MZA-04266,2021-09-23T18:39:12.700Z,2021,9,-32.826,-69.216,7.4,3.7,ML,ML,3.6915,Mendoza2022_Meq_to_Mw,Mendoza/YPF 2022,converted_regional,ISC,ISC,1,626551498,,inside_rectangle,single_source,yes,yes,
MZA-04267,2021-09-24T00:16:38.400Z,2021,9,-32.388,-69.787,122.2,2.7,ML,ML,2.7215,Mendoza2022_Meq_to_Mw,Mendoza/YPF 2022,converted_regional,ISC,ISC,1,626551500,,inside_rectangle,single_source,yes,yes,
MZA-04268,2021-09-28T09:01:01.000Z,2021,9,-33.173,-68.349,22.2,2.7,ML,ML,2.7215,Mendoza2022_Meq_to_Mw,Mendoza/YPF 2022,converted_regional,ISC,ISC,1,624897568,,inside_rectangle,single_source,yes,yes,
MZA-04269,2021-09-29T07:53:56.730Z,2021,9,-33.2131,-68.1987,18.7,5.2,mb,mb,4.6458,Mendoza2022_mb_to_Mw,Mendoza/YPF 2022,converted_regional,ISC,ISC + USGS,2,621112446,us6000fq1z,inside_rectangle,accepted_auto,yes,yes,
MZA-04270,2021-10-02T07:42:58.500Z,2021,10,-32.059,-69.325,34.7,3.2,ML,ML,3.2065,Mendoza2022_Meq_to_Mw,Mendoza/YPF 2022,converted_regional,ISC,ISC,1,625829652,,inside_rectangle,single_source,yes,yes,
MZA-04271,2021-10-03T02:24:24.300Z,2021,10,-32.239,-69.755,118.3,3.2,ML,ML,3.2065,Mendoza2022_Meq_to_Mw,Mendoza/YPF 2022,converted_regional,ISC,ISC,1,625829660,,inside_rectangle,single_source,yes,yes,
MZA-04272,2021-10-05T12:20:32.600Z,2021,10,-32.974,-67.887,150.4,2.3,ML,ML,2.3335,Mendoza2022_Meq_to_Mw,Mendoza/YPF 2022,converted_regional,ISC,ISC,1,625829673,,inside_rectangle,single_source,yes,yes,
MZA-04273,2021-10-06T18:39:16.200Z,2021,10,-33.399,-68.71,26.9,2.7,ML,ML,2.7215,Mendoza2022_Meq_to_Mw,Mendoza/YPF 2022,converted_regional,ISC,ISC,1,625829683,,inside_rectangle,single_source,yes,yes,
MZA-04274,2021-10-07T23:53:25.000Z,2021,10,-33.949,-68.015,223.3,3.7,ML,ML,3.6915,Mendoza2022_Meq_to_Mw,Mendoza/YPF 2022,converted_regional,ISC,ISC,1,621143948,,inside_rectangle,single_source,yes,yes,
MZA-04275,2021-10-09T14:33:10.899Z,2021,10,-33.159,-69.201,0,2.1,ML,ML,2.1395,Mendoza2022_Meq_to_Mw,Mendoza/YPF 2022,converted_regional,ISC,ISC,1,625233522,,inside_rectangle,single_source,yes,yes,
MZA-04276,2021-10-12T06:31:50.300Z,2021,10,-34.029,-68.834,12,3.2,ML,ML,3.2065,Mendoza2022_Meq_to_Mw,Mendoza/YPF 2022,converted_regional,ISC,ISC,1,625829731,,inside_rectangle,single_source,yes,yes,
MZA-04277,2021-10-15T02:38:14.800Z,2021,10,-32.479,-69.407,112.2,2.5,ML,ML,2.5275,Mendoza2022_Meq_to_Mw,Mendoza/YPF 2022,converted_regional,ISC,ISC,1,625233615,,inside_rectangle,single_source,yes,yes,
MZA-04278,2021-10-16T02:26:49.000Z,2021,10,-32.366,-69.42,126.8,2.7,ML,ML,2.7215,Mendoza2022_Meq_to_Mw,Mendoza/YPF 2022,converted_regional,ISC,ISC,1,625829789,,inside_rectangle,single_source,yes,yes,
MZA-04279,2021-10-18T10:54:32.300Z,2021,10,-32.579,-69.456,122.9,2.8,ML,ML,2.8185,Mendoza2022_Meq_to_Mw,Mendoza/YPF 2022,converted_regional,ISC,ISC,1,625829811,,inside_rectangle,single_source,yes,yes,
MZA-04280,2021-10-19T00:37:12.200Z,2021,10,-32.922,-68.644,164.2,2.8,ML,ML,2.8185,Mendoza2022_Meq_to_Mw,Mendoza/YPF 2022,converted_regional,ISC,ISC,1,625829836,,inside_rectangle,single_source,yes,yes,
MZA-04281,2021-10-22T16:31:50.600Z,2021,10,-32.626,-69.956,123.4,2.6,ML,ML,2.6245,Mendoza2022_Meq_to_Mw,Mendoza/YPF 2022,converted_regional,ISC,ISC,1,625230127,,inside_rectangle,single_source,yes,yes,
MZA-04282,2021-10-28T09:18:07.700Z,2021,10,-32.156,-67.3,135.9,3.1,ML,ML,3.1095,Mendoza2022_Meq_to_Mw,Mendoza/YPF 2022,converted_regional,ISC,ISC,1,625829930,,inside_rectangle,single_source,yes,yes,
MZA-04283,2021-10-28T15:57:40.400Z,2021,10,-32.975,-68.199,8.9,3.5,ML,ML,3.4975,Mendoza2022_Meq_to_Mw,Mendoza/YPF 2022,converted_regional,ISC,ISC,1,625829932,,inside_rectangle,single_source,yes,yes,
MZA-04284,2021-10-29T06:52:52.200Z,2021,10,-32.567,-69.907,128.5,2.8,ML,ML,2.8185,Mendoza2022_Meq_to_Mw,Mendoza/YPF 2022,converted_regional,ISC,ISC,1,625230295,,inside_rectangle,single_source,yes,yes,
MZA-04285,2021-10-30T03:47:47.200Z,2021,10,-32.351,-68.486,130.2,3.2,ML,ML,3.2065,Mendoza2022_Meq_to_Mw,Mendoza/YPF 2022,converted_regional,ISC,ISC,1,625829949,,inside_rectangle,single_source,yes,yes,
MZA-04286,2021-10-30T10:25:46.800Z,2021,10,-32.19,-69.96,116.6,2.9,ML,ML,2.9155,Mendoza2022_Meq_to_Mw,Mendoza/YPF 2022,converted_regional,ISC,ISC,1,625829954,,inside_rectangle,single_source,yes,yes,
MZA-04287,2021-10-31T00:59:48.200Z,2021,10,-32.274,-69.6,133.7,1.6,ML,ML,1.6545,Mendoza2022_Meq_to_Mw,Mendoza/YPF 2022,converted_regional,ISC,ISC,1,625230327,,inside_rectangle,single_source,yes,yes,
MZA-04288,2021-11-01T20:28:40.499Z,2021,11,-32.049,-68.361,115.9,2.8,ML,ML,2.8185,Mendoza2022_Meq_to_Mw,Mendoza/YPF 2022,converted_regional,ISC,ISC,1,625829966,,inside_rectangle,single_source,yes,yes,
MZA-04289,2021-11-02T09:05:30.500Z,2021,11,-32.381,-69.866,117.2,2.8,ML,ML,2.8185,Mendoza2022_Meq_to_Mw,Mendoza/YPF 2022,converted_regional,ISC,ISC,1,625536843,,inside_rectangle,single_source,yes,yes,
MZA-04290,2021-11-02T14:24:50.500Z,2021,11,-32.305,-69.677,117.7,2,ML,ML,2.0425,Mendoza2022_Meq_to_Mw,Mendoza/YPF 2022,converted_regional,ISC,ISC,1,625829971,,inside_rectangle,single_source,yes,yes,
MZA-04291,2021-11-06T04:08:18.200Z,2021,11,-33.165,-68.941,15.1,3.1,ML,ML,3.1095,Mendoza2022_Meq_to_Mw,Mendoza/YPF 2022,converted_regional,ISC,ISC,1,625536923,,inside_rectangle,single_source,yes,yes,
MZA-04292,2021-11-08T00:31:44.100Z,2021,11,-32.355,-69.544,123.2,2.8,ML,ML,2.8185,Mendoza2022_Meq_to_Mw,Mendoza/YPF 2022,converted_regional,ISC,ISC,1,625830049,,inside_rectangle,single_source,yes,yes,
MZA-04293,2021-11-10T03:33:16.400Z,2021,11,-32.213,-67.576,126.6,2.8,ML,ML,2.8185,Mendoza2022_Meq_to_Mw,Mendoza/YPF 2022,converted_regional,ISC,ISC,1,625830062,,inside_rectangle,single_source,yes,yes,
MZA-04294,2021-11-15T22:45:26.400Z,2021,11,-32.161,-69.935,126.3,2.9,ML,ML,2.9155,Mendoza2022_Meq_to_Mw,Mendoza/YPF 2022,converted_regional,ISC,ISC,1,625825323,,inside_rectangle,single_source,yes,yes,
MZA-04295,2021-11-18T11:27:06.700Z,2021,11,-32.076,-69.088,136.1,2.5,ML,ML,2.5275,Mendoza2022_Meq_to_Mw,Mendoza/YPF 2022,converted_regional,ISC,ISC,1,625537238,,inside_rectangle,single_source,yes,yes,
MZA-04296,2021-11-19T02:19:45.500Z,2021,11,-32.844,-69.609,127.8,2.7,ML,ML,2.7215,Mendoza2022_Meq_to_Mw,Mendoza/YPF 2022,converted_regional,ISC,ISC,1,625825354,,inside_rectangle,single_source,yes,yes,
MZA-04297,2021-11-19T07:19:13.500Z,2021,11,-33.57,-67.854,217.9,4,mb,mb,3.981,Mendoza2022_mb_to_Mw,Mendoza/YPF 2022,converted_regional,ISC,ISC + USGS,2,622511733,us7000fvdw,inside_rectangle,accepted_auto,yes,yes,
MZA-04298,2021-11-19T12:56:03.999Z,2021,11,-33.008,-68.134,9,3.1,ML,ML,3.1095,Mendoza2022_Meq_to_Mw,Mendoza/YPF 2022,converted_regional,ISC,ISC,1,625825355,,inside_rectangle,single_source,yes,yes,
MZA-04299,2021-11-19T21:47:54.600Z,2021,11,-32.524,-69.672,133.5,2.5,ML,ML,2.5275,Mendoza2022_Meq_to_Mw,Mendoza/YPF 2022,converted_regional,ISC,ISC,1,625825358,,inside_rectangle,single_source,yes,yes,
MZA-04300,2021-11-23T20:42:18.400Z,2021,11,-32.223,-69.357,113.7,2.8,ML,ML,2.8185,Mendoza2022_Meq_to_Mw,Mendoza/YPF 2022,converted_regional,ISC,ISC,1,625825413,,inside_rectangle,single_source,yes,yes,
MZA-04301,2021-11-24T10:13:47.600Z,2021,11,-32.363,-69.78,123.9,2.8,ML,ML,2.8185,Mendoza2022_Meq_to_Mw,Mendoza/YPF 2022,converted_regional,ISC,ISC,1,625537338,,inside_rectangle,single_source,yes,yes,
MZA-04302,2021-11-24T16:43:06.000Z,2021,11,-32.195,-67.987,123.7,2.9,ML,ML,2.9155,Mendoza2022_Meq_to_Mw,Mendoza/YPF 2022,converted_regional,ISC,ISC,1,625825437,,inside_rectangle,single_source,yes,yes,
MZA-04303,2021-11-26T13:37:48.900Z,2021,11,-32.089,-68.491,114.7,2.9,ML,ML,2.9155,Mendoza2022_Meq_to_Mw,Mendoza/YPF 2022,converted_regional,ISC,ISC,1,625825453,,inside_rectangle,single_source,yes,yes,
MZA-04304,2021-11-27T20:34:20.800Z,2021,11,-33.985,-68.688,27.1,2.8,ML,ML,2.8185,Mendoza2022_Meq_to_Mw,Mendoza/YPF 2022,converted_regional,ISC,ISC,1,625825463,,inside_rectangle,single_source,yes,yes,
MZA-04305,2021-12-03T00:20:03.400Z,2021,12,-34.053,-69.881,144.5,1.9,ML,ML,1.9455,Mendoza2022_Meq_to_Mw,Mendoza/YPF 2022,converted_regional,ISC,ISC,1,625752583,,inside_rectangle,single_source,yes,yes,
MZA-04306,2021-12-06T03:32:57.900Z,2021,12,-32.629,-68.833,131.2,2.8,ML,ML,2.8185,Mendoza2022_Meq_to_Mw,Mendoza/YPF 2022,converted_regional,ISC,ISC,1,625825594,,inside_rectangle,single_source,yes,yes,
MZA-04307,2021-12-06T14:18:54.400Z,2021,12,-35.804,-69.982,167.2,3.3,ML,ML,3.3035,Mendoza2022_Meq_to_Mw,Mendoza/YPF 2022,converted_regional,ISC,ISC,1,625825599,,inside_rectangle,single_source,yes,yes,
MZA-04308,2021-12-12T09:12:23.900Z,2021,12,-32.358,-69.267,114.3,2.6,ML,ML,2.6245,Mendoza2022_Meq_to_Mw,Mendoza/YPF 2022,converted_regional,ISC,ISC,1,625825646,,inside_rectangle,single_source,yes,yes,
MZA-04309,2021-12-14T19:59:05.100Z,2021,12,-32.159,-68.586,118.5,3,ML,ML,3.0125,Mendoza2022_Meq_to_Mw,Mendoza/YPF 2022,converted_regional,ISC,ISC,1,625825659,,inside_rectangle,single_source,yes,yes,
MZA-04310,2021-12-14T20:11:51.600Z,2021,12,-32.822,-69.948,123.3,2.6,ML,ML,2.6245,Mendoza2022_Meq_to_Mw,Mendoza/YPF 2022,converted_regional,ISC,ISC,1,625752893,,inside_rectangle,single_source,yes,yes,
MZA-04311,2021-12-15T08:43:45.300Z,2021,12,-32.037,-69.201,115.4,2.7,ML,ML,2.7215,Mendoza2022_Meq_to_Mw,Mendoza/YPF 2022,converted_regional,ISC,ISC,1,625825670,,inside_rectangle,single_source,yes,yes,
MZA-04312,2021-12-18T08:20:29.500Z,2021,12,-33.295,-67.108,199.6,2.6,ML,ML,2.6245,Mendoza2022_Meq_to_Mw,Mendoza/YPF 2022,converted_regional,ISC,ISC,1,625825692,,inside_rectangle,single_source,yes,yes,
MZA-04313,2021-12-19T07:28:09.200Z,2021,12,-34.062,-69.15,12.9,2.5,ML,ML,2.5275,Mendoza2022_Meq_to_Mw,Mendoza/YPF 2022,converted_regional,ISC,ISC,1,625752999,,inside_rectangle,single_source,yes,yes,
MZA-04314,2021-12-20T00:05:33.899Z,2021,12,-32.175,-69.462,112,2.7,ML,ML,2.7215,Mendoza2022_Meq_to_Mw,Mendoza/YPF 2022,converted_regional,ISC,ISC,1,625825707,,inside_rectangle,single_source,yes,yes,
MZA-04315,2021-12-20T09:04:39.100Z,2021,12,-34.652,-68.01,18.1,2.5,ML,ML,2.5275,Mendoza2022_Meq_to_Mw,Mendoza/YPF 2022,converted_regional,ISC,ISC,1,625825710,,inside_rectangle,single_source,yes,yes,
MZA-04316,2021-12-21T22:01:09.700Z,2021,12,-32.997,-69.386,139.5,3.1,ML,ML,3.1095,Mendoza2022_Meq_to_Mw,Mendoza/YPF 2022,converted_regional,ISC,ISC,1,625825721,,inside_rectangle,single_source,yes,yes,
MZA-04317,2021-12-31T09:32:28.300Z,2021,12,-33.334,-68.857,15,2.8,ML,ML,2.8185,Mendoza2022_Meq_to_Mw,Mendoza/YPF 2022,converted_regional,ISC,ISC,1,625825867,,inside_rectangle,single_source,yes,yes,
MZA-04318,2022-01-03T09:48:18.600Z,2022,1,-33.682,-68.959,9,3.1,ML,ML,3.1095,Mendoza2022_Meq_to_Mw,Mendoza/YPF 2022,converted_regional,ISC,ISC,1,625825881,,inside_rectangle,single_source,yes,yes,
MZA-04319,2022-01-06T06:34:01.400Z,2022,1,-32.445,-67.777,149.8,3.6,ML,ML,3.5945,Mendoza2022_Meq_to_Mw,Mendoza/YPF 2022,converted_regional,ISC,ISC,1,625825893,,inside_rectangle,single_source,yes,yes,
MZA-04320,2022-01-06T14:44:47.310Z,2022,1,-32.2174,-69.8682,113.8,3.4,ML,ML,3.4005,Mendoza2022_Meq_to_Mw,Mendoza/YPF 2022,converted_regional,ISC,ISC,1,625825894,,inside_rectangle,single_source,yes,yes,
MZA-04321,2022-01-11T23:28:30.800Z,2022,1,-33.897,-68.936,30,3,ML,ML,3.0125,Mendoza2022_Meq_to_Mw,Mendoza/YPF 2022,converted_regional,ISC,ISC,1,625890426,,inside_rectangle,single_source,yes,yes,
MZA-04322,2022-01-12T09:38:59.000Z,2022,1,-33.597,-69.943,4.1,2.9,ML,ML,2.9155,Mendoza2022_Meq_to_Mw,Mendoza/YPF 2022,converted_regional,ISC,ISC,1,625890446,,inside_rectangle,single_source,yes,yes,
MZA-04323,2022-01-27T03:00:47.890Z,2022,1,-32.4486,-68.7708,122.5,4.8,mb,mb,4.4242,Mendoza2022_mb_to_Mw,Mendoza/YPF 2022,converted_regional,ISC,ISC + USGS,2,621802898,us7000gffw,inside_rectangle,accepted_auto,yes,yes,
MZA-04324,2022-01-30T22:55:01.800Z,2022,1,-34.27,-68.875,8.8,2.8,ML,ML,2.8185,Mendoza2022_Meq_to_Mw,Mendoza/YPF 2022,converted_regional,ISC,ISC,1,625890841,,inside_rectangle,single_source,yes,yes,
MZA-04325,2022-02-06T04:14:11.400Z,2022,2,-34.752,-69.479,189,2.7,ML,ML,2.7215,Mendoza2022_Meq_to_Mw,Mendoza/YPF 2022,converted_regional,ISC,ISC,1,625826033,,inside_rectangle,single_source,yes,yes,
MZA-04326,2022-02-07T03:31:51.500Z,2022,2,-33.019,-69.46,133.8,3.5,ML,ML,3.4975,Mendoza2022_Meq_to_Mw,Mendoza/YPF 2022,converted_regional,ISC,ISC,1,625826036,,inside_rectangle,single_source,yes,yes,
MZA-04327,2022-02-12T18:45:15.719Z,2022,2,-32.9541,-68.0477,12.7,3,mbtmp,mb_tmp,,not_harmonized,,excluded_type_not_supported,ISC,ISC,1,622062312,,inside_rectangle,single_source,yes,no,
MZA-04328,2022-02-22T18:48:40.600Z,2022,2,-35.131,-69.564,187.4,3.2,ML,ML,3.2065,Mendoza2022_Meq_to_Mw,Mendoza/YPF 2022,converted_regional,ISC,ISC,1,625826096,,inside_rectangle,single_source,yes,yes,
MZA-04329,2022-03-08T15:37:16.899Z,2022,3,-35.044,-69.908,9,2.7,ML,ML,2.7215,Mendoza2022_Meq_to_Mw,Mendoza/YPF 2022,converted_regional,ISC,ISC,1,626021441,,inside_rectangle,single_source,yes,yes,
MZA-04330,2022-03-15T08:11:44.000Z,2022,3,-33.494,-69.883,3.6,1.8,ML,ML,1.8485,Mendoza2022_Meq_to_Mw,Mendoza/YPF 2022,converted_regional,ISC,ISC,1,626021544,,inside_rectangle,single_source,yes,yes,
MZA-04331,2022-03-16T03:36:55.900Z,2022,3,-33.604,-69.944,122.9,2.6,ML,ML,2.6245,Mendoza2022_Meq_to_Mw,Mendoza/YPF 2022,converted_regional,ISC,ISC,1,626021567,,inside_rectangle,single_source,yes,yes,
MZA-04332,2022-04-11T02:17:00.400Z,2022,4,-33.16,-68.828,24.1,2.3,ML,ML,2.3335,Mendoza2022_Meq_to_Mw,Mendoza/YPF 2022,converted_regional,ISC,ISC,1,626092549,,inside_rectangle,single_source,yes,yes,
MZA-04333,2022-04-24T14:01:36.740Z,2022,4,-33.3488,-69.0332,3.3,3.2,ML,ML,3.2065,Mendoza2022_Meq_to_Mw,Mendoza/YPF 2022,converted_regional,ISC,ISC,1,625826310,,inside_rectangle,single_source,yes,yes,
MZA-04334,2022-04-28T18:11:17.800Z,2022,4,-32.644,-69.939,125.5,3.3,ML,ML,3.3035,Mendoza2022_Meq_to_Mw,Mendoza/YPF 2022,converted_regional,ISC,ISC,1,626092953,,inside_rectangle,single_source,yes,yes,
MZA-04335,2022-05-01T08:09:41.099Z,2022,5,-33.3208,-68.8761,9.4,2.8,ML,ML,2.8185,Mendoza2022_Meq_to_Mw,Mendoza/YPF 2022,converted_regional,ISC,ISC,1,624316724,,inside_rectangle,single_source,yes,yes,
MZA-04336,2022-05-09T07:25:14.420Z,2022,5,-33.6076,-69.5093,143.2,4.7,mb,mb,4.3688,Mendoza2022_mb_to_Mw,Mendoza/YPF 2022,converted_regional,ISC,ISC + USGS,2,622523945,us7000h82k,inside_rectangle,accepted_auto,yes,yes,
MZA-04337,2022-05-17T21:20:54.700Z,2022,5,-34.356,-69.996,10,2,ML,ML,2.0425,Mendoza2022_Meq_to_Mw,Mendoza/YPF 2022,converted_regional,ISC,ISC,1,626247342,,inside_rectangle,single_source,yes,yes,
MZA-04338,2022-05-17T22:34:18.300Z,2022,5,-33.504,-69.887,9.7,1.8,ML,ML,1.8485,Mendoza2022_Meq_to_Mw,Mendoza/YPF 2022,converted_regional,ISC,ISC,1,626247343,,inside_rectangle,single_source,yes,yes,
MZA-04339,2022-05-18T16:09:57.000Z,2022,5,-32.169,-67.416,246.1,3.3,ML,ML,3.3035,Mendoza2022_Meq_to_Mw,Mendoza/YPF 2022,converted_regional,ISC,ISC,1,626247356,,inside_rectangle,single_source,yes,yes,
MZA-04340,2022-06-11T13:40:10.880Z,2022,6,-32.425,-67.1241,35,4.7,mb,mb,4.3688,Mendoza2022_mb_to_Mw,Mendoza/YPF 2022,converted_regional,ISC,ISC + USGS,2,624483221,us7000hgqu,inside_rectangle,accepted_auto,yes,yes,
MZA-04341,2022-06-12T03:25:07.300Z,2022,6,-32.927,-69.994,121.9,2.9,ML,ML,2.9155,Mendoza2022_Meq_to_Mw,Mendoza/YPF 2022,converted_regional,ISC,ISC,1,626586230,,inside_rectangle,single_source,yes,yes,
MZA-04342,2022-06-14T08:12:33.100Z,2022,6,-32.1432,-69.3923,137.9,3.3,ML,ML,3.3035,Mendoza2022_Meq_to_Mw,Mendoza/YPF 2022,converted_regional,ISC,ISC,1,625826521,,inside_rectangle,single_source,yes,yes,
MZA-04343,2022-06-16T15:35:16.100Z,2022,6,-33.279,-69.008,16,2.6,ML,ML,2.6245,Mendoza2022_Meq_to_Mw,Mendoza/YPF 2022,converted_regional,ISC,ISC,1,626586548,,inside_rectangle,single_source,yes,yes,
MZA-04344,2022-06-18T18:24:12.260Z,2022,6,-33.5056,-69.6044,142.2,5.2,mb,mb,4.6458,Mendoza2022_mb_to_Mw,Mendoza/YPF 2022,converted_regional,ISC,ISC + USGS,2,624491753,us7000hiew,inside_rectangle,accepted_auto,yes,yes,
MZA-04345,2022-06-19T12:48:09.600Z,2022,6,-33.191,-68.923,14,3.2,ML,ML,3.2065,Mendoza2022_Meq_to_Mw,Mendoza/YPF 2022,converted_regional,ISC,ISC,1,625826554,,inside_rectangle,single_source,yes,yes,
MZA-04346,2022-06-20T00:04:42.600Z,2022,6,-33.386,-69.827,8,1.9,ML,ML,1.9455,Mendoza2022_Meq_to_Mw,Mendoza/YPF 2022,converted_regional,ISC,ISC,1,626586747,,inside_rectangle,single_source,yes,yes,
MZA-04347,2022-06-26T16:24:40.130Z,2022,6,-33.352,-69.7541,15.8,3.6,ML,ML,3.5945,Mendoza2022_Meq_to_Mw,Mendoza/YPF 2022,converted_regional,ISC,ISC,1,625826581,,inside_rectangle,single_source,yes,yes,
MZA-04348,2022-07-13T16:00:34.800Z,2022,7,-34.017,-68.995,27.7,2.5,ML,ML,2.5275,Mendoza2022_Meq_to_Mw,Mendoza/YPF 2022,converted_regional,ISC,ISC,1,626587782,,inside_rectangle,single_source,yes,yes,
MZA-04349,2022-07-19T18:15:33.000Z,2022,7,-33.342,-69.844,2.1,2.7,ML,ML,2.7215,Mendoza2022_Meq_to_Mw,Mendoza/YPF 2022,converted_regional,ISC,ISC,1,626587948,,inside_rectangle,single_source,yes,yes,
MZA-04350,2022-07-22T23:41:19.200Z,2022,7,-32.591,-69.871,124.8,3.1,ML,ML,3.1095,Mendoza2022_Meq_to_Mw,Mendoza/YPF 2022,converted_regional,ISC,ISC,1,626588040,,inside_rectangle,single_source,yes,yes,
MZA-04351,2022-07-24T19:43:54.770Z,2022,7,-33.3073,-68.8282,16.7,4.1,mb,mb,4.0364,Mendoza2022_mb_to_Mw,Mendoza/YPF 2022,converted_regional,ISC,ISC + USGS,2,624588949,us7000ht6i,inside_rectangle,accepted_auto,yes,yes,
MZA-04352,2022-08-01T08:03:56.600Z,2022,8,-33.385,-69.798,12.3,3,ML,ML,3.0125,Mendoza2022_Meq_to_Mw,Mendoza/YPF 2022,converted_regional,ISC,ISC,1,635725591,,inside_rectangle,single_source,yes,yes,
MZA-04353,2022-08-05T03:13:41.200Z,2022,8,-32.487,-69.974,125.9,2.5,ML,ML,2.5275,Mendoza2022_Meq_to_Mw,Mendoza/YPF 2022,converted_regional,ISC,ISC,1,635725718,,inside_rectangle,single_source,yes,yes,
MZA-04354,2022-08-14T13:56:17.500Z,2022,8,-33.618,-69.921,7.7,2,ML,ML,2.0425,Mendoza2022_Meq_to_Mw,Mendoza/YPF 2022,converted_regional,ISC,ISC,1,635726124,,inside_rectangle,single_source,yes,yes,
MZA-04355,2022-08-16T18:17:53.810Z,2022,8,-32.0628,-68.4972,125.7,4.4,mb,mb,4.2026,Mendoza2022_mb_to_Mw,Mendoza/YPF 2022,converted_regional,ISC,ISC + USGS,2,624709514,us6000ibe5,inside_rectangle,accepted_auto,yes,yes,
MZA-04356,2022-08-25T12:52:30.100Z,2022,8,-32.677,-69.978,106.9,2.9,ML,ML,2.9155,Mendoza2022_Meq_to_Mw,Mendoza/YPF 2022,converted_regional,ISC,ISC,1,635726546,,inside_rectangle,single_source,yes,yes,
MZA-04357,2022-09-07T21:11:06.300Z,2022,9,-33.103,-69.834,11.4,3,ML,ML,3.0125,Mendoza2022_Meq_to_Mw,Mendoza/YPF 2022,converted_regional,ISC,ISC,1,635861492,,inside_rectangle,single_source,yes,yes,
MZA-04358,2022-09-07T22:44:07.300Z,2022,9,-33.375,-69.795,20.9,2.5,ML,ML,2.5275,Mendoza2022_Meq_to_Mw,Mendoza/YPF 2022,converted_regional,ISC,ISC,1,635861496,,inside_rectangle,single_source,yes,yes,
MZA-04359,2022-09-11T09:21:56.900Z,2022,9,-33.369,-69.752,2,2,ML,ML,2.0425,Mendoza2022_Meq_to_Mw,Mendoza/YPF 2022,converted_regional,ISC,ISC,1,635861625,,inside_rectangle,single_source,yes,yes,
MZA-04360,2022-10-02T19:26:28.090Z,2022,10,-32.2487,-69.4645,130.9,3.5,mbtmp,mb_tmp,,not_harmonized,,excluded_type_not_supported,ISC,ISC,1,624908390,,inside_rectangle,single_source,yes,no,
MZA-04361,2022-11-05T02:48:05.850Z,2022,11,-32.067,-67.3747,134.6,4.2,mb,mb,4.0918,Mendoza2022_mb_to_Mw,Mendoza/YPF 2022,converted_regional,ISC,ISC,1,625127699,,inside_rectangle,single_source,yes,yes,
MZA-04362,2022-11-05T12:12:40.430Z,2022,11,-33.4248,-68.6519,40.6,5.6,mb,mb,4.8674,Mendoza2022_mb_to_Mw,Mendoza/YPF 2022,converted_regional,ISC,ISC + USGS,2,625127831,us7000impk,inside_rectangle,accepted_auto,yes,yes,
MZA-04363,2022-11-19T07:15:21.200Z,2022,11,-33.617,-69.885,1.7,3,ML,ML,3.0125,Mendoza2022_Meq_to_Mw,Mendoza/YPF 2022,converted_regional,ISC,ISC,1,636129368,,inside_rectangle,single_source,yes,yes,
MZA-04364,2022-12-03T07:32:35.570Z,2022,12,-34.3095,-69.9663,12.5,3.3,ML,ML,3.3035,Mendoza2022_Meq_to_Mw,Mendoza/YPF 2022,converted_regional,ISC,ISC,1,636520445,,inside_rectangle,single_source,yes,yes,
MZA-04365,2022-12-12T12:28:17.799Z,2022,12,-32.674,-69.973,126.8,3,ML,ML,3.0125,Mendoza2022_Meq_to_Mw,Mendoza/YPF 2022,converted_regional,ISC,ISC,1,636521089,,inside_rectangle,single_source,yes,yes,
MZA-04366,2022-12-15T03:10:33.290Z,2022,12,-32.164,-68.4714,128.8,3.5,mb,mb,3.704,Mendoza2022_mb_to_Mw,Mendoza/YPF 2022,converted_regional,ISC,ISC,1,625477120,,inside_rectangle,single_source,yes,yes,
MZA-04367,2022-12-20T13:09:43.300Z,2022,12,-32.49,-69.875,139.2,2.8,ML,ML,2.8185,Mendoza2022_Meq_to_Mw,Mendoza/YPF 2022,converted_regional,ISC,ISC,1,636521639,,inside_rectangle,single_source,yes,yes,
MZA-04368,2022-12-27T06:50:44.700Z,2022,12,-33.447,-67.594,201.3,3.1,ML,ML,3.1095,Mendoza2022_Meq_to_Mw,Mendoza/YPF 2022,converted_regional,ISC,ISC,1,637092785,,inside_rectangle,single_source,yes,yes,
MZA-04369,2022-12-30T15:05:42.700Z,2022,12,-33.875,-68.806,0,2.4,ML,ML,2.4305,Mendoza2022_Meq_to_Mw,Mendoza/YPF 2022,converted_regional,ISC,ISC,1,636522420,,inside_rectangle,single_source,yes,yes,
MZA-04370,2023-01-07T06:23:41.000Z,2023,1,-32.0078,-69.4859,110.2,5,mb,mb,4.535,Mendoza2022_mb_to_Mw,Mendoza/YPF 2022,converted_regional,ISC,ISC + USGS,2,625505683,us7000j2r8,inside_rectangle,accepted_auto,yes,yes,
MZA-04371,2023-01-25T06:45:27.000Z,2023,1,-33.484,-69.919,3.8,2.6,ML,ML,2.6245,Mendoza2022_Meq_to_Mw,Mendoza/YPF 2022,converted_regional,ISC,ISC,1,636785913,,inside_rectangle,single_source,yes,yes,
MZA-04372,2023-01-26T11:28:11.750Z,2023,1,-32.8841,-68.7714,16.6,3.9,mb,mb,3.9256,Mendoza2022_mb_to_Mw,Mendoza/YPF 2022,converted_regional,ISC,ISC + USGS,2,625670856,us6000jjd6,inside_rectangle,accepted_auto,yes,yes,
MZA-04373,2023-02-04T01:59:58.790Z,2023,2,-32.7647,-69.2028,18.1,4.9,mb,mb,4.4796,Mendoza2022_mb_to_Mw,Mendoza/YPF 2022,converted_regional,ISC,ISC + USGS,2,625612558,us6000jlb9,inside_rectangle,accepted_auto,yes,yes,
MZA-04374,2023-02-05T02:14:49.600Z,2023,2,-32.72,-69.193,14,3.5,ML,ML,3.4975,Mendoza2022_Meq_to_Mw,Mendoza/YPF 2022,converted_regional,ISC,ISC,1,641534354,,inside_rectangle,single_source,yes,yes,
MZA-04375,2023-02-10T00:09:33.500Z,2023,2,-32.743,-68.985,180.6,3.3,ML,ML,3.3035,Mendoza2022_Meq_to_Mw,Mendoza/YPF 2022,converted_regional,ISC,ISC,1,637030104,,inside_rectangle,single_source,yes,yes,
MZA-04376,2023-03-18T15:41:39.970Z,2023,3,-33.3305,-68.4233,9.8,5.1,mb,mb,4.5904,Mendoza2022_mb_to_Mw,Mendoza/YPF 2022,converted_regional,ISC,ISC + USGS,2,625890945,us7000jl36,inside_rectangle,accepted_auto,yes,yes,
MZA-04377,2023-04-01T18:25:20.010Z,2023,4,-32.1253,-68.4787,124.2,3.2,mb,mb,3.5378,Mendoza2022_mb_to_Mw,Mendoza/YPF 2022,converted_regional,ISC,ISC,1,625964408,,inside_rectangle,single_source,yes,yes,
MZA-04378,2023-04-02T06:40:29.100Z,2023,4,-33.404,-69.27,148,3,ML,ML,3.0125,Mendoza2022_Meq_to_Mw,Mendoza/YPF 2022,converted_regional,ISC,ISC,1,641534395,,inside_rectangle,single_source,yes,yes,
MZA-04379,2023-04-24T23:20:40.600Z,2023,4,-32.139,-69.366,123.2,2.7,ML,ML,2.7215,Mendoza2022_Meq_to_Mw,Mendoza/YPF 2022,converted_regional,ISC,ISC,1,641534457,,inside_rectangle,single_source,yes,yes,
MZA-04380,2023-04-27T10:37:35.500Z,2023,4,-32.683,-68.756,136.4,3.6,ML,ML,3.5945,Mendoza2022_Meq_to_Mw,Mendoza/YPF 2022,converted_regional,ISC,ISC,1,641534469,,inside_rectangle,single_source,yes,yes,
MZA-04381,2023-04-29T08:23:29.500Z,2023,4,-33.639,-69.915,12,2.9,ML,ML,2.9155,Mendoza2022_Meq_to_Mw,Mendoza/YPF 2022,converted_regional,ISC,ISC,1,641534475,,inside_rectangle,single_source,yes,yes,
MZA-04382,2023-05-05T13:55:36.200Z,2023,5,-33.967,-68.93,24.1,3.1,ML,ML,3.1095,Mendoza2022_Meq_to_Mw,Mendoza/YPF 2022,converted_regional,ISC,ISC,1,641571975,,inside_rectangle,single_source,yes,yes,
MZA-04383,2023-06-03T00:21:16.519Z,2023,6,-32.0668,-68.5221,126.5,4.4,mb,mb,4.2026,Mendoza2022_mb_to_Mw,Mendoza/YPF 2022,converted_regional,ISC,ISC + USGS,2,626311625,us7000k5yd,inside_rectangle,accepted_auto,yes,yes,
MZA-04384,2023-06-10T18:17:12.600Z,2023,6,-34.542,-67.552,35,3.4,ML,ML,3.4005,Mendoza2022_Meq_to_Mw,Mendoza/YPF 2022,converted_regional,ISC,ISC,1,641534601,,inside_rectangle,single_source,yes,yes,
MZA-04385,2023-06-17T22:31:17.800Z,2023,6,-32.771,-69.967,111.4,3.8,ML,ML,3.7885,Mendoza2022_Meq_to_Mw,Mendoza/YPF 2022,converted_regional,ISC,ISC,1,626312511,,inside_rectangle,single_source,yes,yes,
MZA-04386,2023-06-20T06:41:10.890Z,2023,6,-32.762,-68.9939,145,3.5,mb,mb,3.704,Mendoza2022_mb_to_Mw,Mendoza/YPF 2022,converted_regional,ISC,ISC,1,626318762,,inside_rectangle,single_source,yes,yes,
MZA-04387,2023-07-06T02:06:39.270Z,2023,7,-32.7409,-68.7287,41.9,4.8,mb,mb,4.4242,Mendoza2022_mb_to_Mw,Mendoza/YPF 2022,converted_regional,ISC,ISC + USGS,2,626349686,us6000kqcr,inside_rectangle,accepted_auto,yes,yes,
MZA-04388,2023-07-12T03:44:36.400Z,2023,7,-32.716,-68.652,12.5,3.3,ML,ML,3.3035,Mendoza2022_Meq_to_Mw,Mendoza/YPF 2022,converted_regional,ISC,ISC,1,641534678,,inside_rectangle,single_source,yes,yes,
MZA-04389,2023-07-12T14:10:11.800Z,2023,7,-33.744,-67.962,202.4,3.5,ML,ML,3.4975,Mendoza2022_Meq_to_Mw,Mendoza/YPF 2022,converted_regional,ISC,ISC,1,641534680,,inside_rectangle,single_source,yes,yes,
MZA-04390,2023-07-17T09:20:50.100Z,2023,7,-32.572,-69.984,114.7,3.2,ML,ML,3.2065,Mendoza2022_Meq_to_Mw,Mendoza/YPF 2022,converted_regional,ISC,ISC,1,641665003,,inside_rectangle,single_source,yes,yes,
MZA-04391,2023-07-19T05:08:30.890Z,2023,7,-32.7884,-68.5597,20,3.5,mbtmp,mb_tmp,,not_harmonized,,excluded_type_not_supported,ISC,ISC,1,626593594,,inside_rectangle,single_source,yes,no,
MZA-04392,2023-07-23T20:15:59.879Z,2023,7,-32.2656,-69.3138,128,3.5,ML,ML,3.4975,Mendoza2022_Meq_to_Mw,Mendoza/YPF 2022,converted_regional,ISC,ISC,1,626601984,,inside_rectangle,single_source,yes,yes,
MZA-04393,2023-08-02T22:13:10.399Z,2023,8,-33.901,-68.602,5,3,ML,ML,3.0125,Mendoza2022_Meq_to_Mw,Mendoza/YPF 2022,converted_regional,ISC,ISC,1,642054874,,inside_rectangle,single_source,yes,yes,
MZA-04394,2023-08-04T12:11:37.229Z,2023,8,-32.8364,-67.299,163.2,4.7,mb,mb,4.3688,Mendoza2022_mb_to_Mw,Mendoza/YPF 2022,converted_regional,ISC,ISC + USGS,2,626596594,us6000kxse,inside_rectangle,accepted_auto,yes,yes,
MZA-04395,2023-08-09T11:26:43.900Z,2023,8,-33.106,-69.974,97.5,2.8,ML,ML,2.8185,Mendoza2022_Meq_to_Mw,Mendoza/YPF 2022,converted_regional,ISC,ISC,1,642054946,,inside_rectangle,single_source,yes,yes,
MZA-04396,2023-08-16T15:55:42.559Z,2023,8,-35.8195,-69.9175,168,4.6,mb,mb,4.3134,Mendoza2022_mb_to_Mw,Mendoza/YPF 2022,converted_regional,ISC,ISC + USGS,2,626682158,us7000knsl,inside_rectangle,accepted_auto,yes,yes,
MZA-04397,2023-09-01T10:08:19.900Z,2023,9,-33.121,-69.83,141.9,2.8,ML,ML,2.8185,Mendoza2022_Meq_to_Mw,Mendoza/YPF 2022,converted_regional,ISC,ISC,1,642983133,,inside_rectangle,single_source,yes,yes,
MZA-04398,2023-09-02T05:37:56.100Z,2023,9,-33.382,-68.499,6,2.6,ML,ML,2.6245,Mendoza2022_Meq_to_Mw,Mendoza/YPF 2022,converted_regional,ISC,ISC,1,642983170,,inside_rectangle,single_source,yes,yes,
MZA-04399,2023-09-02T10:11:59.700Z,2023,9,-33.503,-69.728,5.4,2.1,ML,ML,2.1395,Mendoza2022_Meq_to_Mw,Mendoza/YPF 2022,converted_regional,ISC,ISC,1,642983175,,inside_rectangle,single_source,yes,yes,
MZA-04400,2023-09-02T10:13:56.000Z,2023,9,-32.414,-69.806,124.1,2.9,ML,ML,2.9155,Mendoza2022_Meq_to_Mw,Mendoza/YPF 2022,converted_regional,ISC,ISC,1,642135193,,inside_rectangle,single_source,yes,yes,
MZA-04401,2023-09-02T17:40:39.500Z,2023,9,-32.118,-69.378,110.3,2.1,ML,ML,2.1395,Mendoza2022_Meq_to_Mw,Mendoza/YPF 2022,converted_regional,ISC,ISC,1,642983177,,inside_rectangle,single_source,yes,yes,
MZA-04402,2023-09-02T20:23:11.100Z,2023,9,-32.919,-69.691,124.8,2.1,ML,ML,2.1395,Mendoza2022_Meq_to_Mw,Mendoza/YPF 2022,converted_regional,ISC,ISC,1,642983179,,inside_rectangle,single_source,yes,yes,
MZA-04403,2023-09-02T23:41:11.100Z,2023,9,-33,-68.941,23.3,1.1,ML,ML,1.1695,Mendoza2022_Meq_to_Mw,Mendoza/YPF 2022,converted_regional,ISC,ISC,1,642983181,,inside_rectangle,single_source,yes,yes,
MZA-04404,2023-09-03T06:13:23.100Z,2023,9,-32.688,-69.172,19.3,1.9,ML,ML,1.9455,Mendoza2022_Meq_to_Mw,Mendoza/YPF 2022,converted_regional,ISC,ISC,1,642983187,,inside_rectangle,single_source,yes,yes,
MZA-04405,2023-09-03T10:17:46.700Z,2023,9,-32.858,-69.368,5.6,1.6,ML,ML,1.6545,Mendoza2022_Meq_to_Mw,Mendoza/YPF 2022,converted_regional,ISC,ISC,1,642983192,,inside_rectangle,single_source,yes,yes,
MZA-04406,2023-09-04T09:01:57.700Z,2023,9,-32.822,-69.205,9.1,1.7,ML,ML,1.7515,Mendoza2022_Meq_to_Mw,Mendoza/YPF 2022,converted_regional,ISC,ISC,1,642983224,,inside_rectangle,single_source,yes,yes,
MZA-04407,2023-09-04T14:00:19.700Z,2023,9,-33.197,-69.046,17.9,1.7,ML,ML,1.7515,Mendoza2022_Meq_to_Mw,Mendoza/YPF 2022,converted_regional,ISC,ISC,1,642983229,,inside_rectangle,single_source,yes,yes,
MZA-04408,2023-09-05T02:47:24.600Z,2023,9,-33.394,-68.656,7,2.1,ML,ML,2.1395,Mendoza2022_Meq_to_Mw,Mendoza/YPF 2022,converted_regional,ISC,ISC,1,642983244,,inside_rectangle,single_source,yes,yes,
MZA-04409,2023-09-05T03:48:24.100Z,2023,9,-33.053,-68.984,20.7,1.7,ML,ML,1.7515,Mendoza2022_Meq_to_Mw,Mendoza/YPF 2022,converted_regional,ISC,ISC,1,642983246,,inside_rectangle,single_source,yes,yes,
MZA-04410,2023-09-05T09:08:09.300Z,2023,9,-32.842,-69.003,36.5,1.6,ML,ML,1.6545,Mendoza2022_Meq_to_Mw,Mendoza/YPF 2022,converted_regional,ISC,ISC,1,642983254,,inside_rectangle,single_source,yes,yes,
MZA-04411,2023-09-06T20:59:34.000Z,2023,9,-32.843,-68.828,22.9,1,ML,ML,1.0725,Mendoza2022_Meq_to_Mw,Mendoza/YPF 2022,converted_regional,ISC,ISC,1,642983290,,inside_rectangle,single_source,yes,yes,
MZA-04412,2023-09-07T14:09:22.700Z,2023,9,-32.184,-69.451,115.8,3,ML,ML,3.0125,Mendoza2022_Meq_to_Mw,Mendoza/YPF 2022,converted_regional,ISC,ISC,1,642983312,,inside_rectangle,single_source,yes,yes,
MZA-04413,2023-09-07T14:53:59.999Z,2023,9,-35.138,-69.786,167.9,2.4,ML,ML,2.4305,Mendoza2022_Meq_to_Mw,Mendoza/YPF 2022,converted_regional,ISC,ISC,1,642983313,,inside_rectangle,single_source,yes,yes,
MZA-04414,2023-09-07T22:37:45.799Z,2023,9,-34.115,-68.256,15,2.6,ML,ML,2.6245,Mendoza2022_Meq_to_Mw,Mendoza/YPF 2022,converted_regional,ISC,ISC,1,642983325,,inside_rectangle,single_source,yes,yes,
MZA-04415,2023-09-08T06:03:21.400Z,2023,9,-33.105,-68.977,29.7,1.4,ML,ML,1.4605,Mendoza2022_Meq_to_Mw,Mendoza/YPF 2022,converted_regional,ISC,ISC,1,642983334,,inside_rectangle,single_source,yes,yes,
MZA-04416,2023-09-09T07:38:04.700Z,2023,9,-32.707,-68.277,137.7,2.4,ML,ML,2.4305,Mendoza2022_Meq_to_Mw,Mendoza/YPF 2022,converted_regional,ISC,ISC,1,642983366,,inside_rectangle,single_source,yes,yes,
MZA-04417,2023-09-09T08:14:06.440Z,2023,9,-32.3918,-69.8221,119.2,4,mb,mb,3.981,Mendoza2022_mb_to_Mw,Mendoza/YPF 2022,converted_regional,ISC,ISC + USGS,2,626741475,us7000kujm,inside_rectangle,accepted_auto,yes,yes,
MZA-04418,2023-09-09T08:28:02.799Z,2023,9,-32.375,-68.906,108.5,2.2,ML,ML,2.2365,Mendoza2022_Meq_to_Mw,Mendoza/YPF 2022,converted_regional,ISC,ISC,1,642983367,,inside_rectangle,single_source,yes,yes,
MZA-04419,2023-09-09T14:19:12.300Z,2023,9,-33.138,-68.271,23.7,1.8,ML,ML,1.8485,Mendoza2022_Meq_to_Mw,Mendoza/YPF 2022,converted_regional,ISC,ISC,1,642983373,,inside_rectangle,single_source,yes,yes,
MZA-04420,2023-09-10T01:01:32.800Z,2023,9,-33.005,-68.245,8.3,2.4,ML,ML,2.4305,Mendoza2022_Meq_to_Mw,Mendoza/YPF 2022,converted_regional,ISC,ISC,1,642983380,,inside_rectangle,single_source,yes,yes,
MZA-04421,2023-09-10T03:07:57.000Z,2023,9,-32.437,-69.801,128.6,2.3,ML,ML,2.3335,Mendoza2022_Meq_to_Mw,Mendoza/YPF 2022,converted_regional,ISC,ISC,1,642983382,,inside_rectangle,single_source,yes,yes,
MZA-04422,2023-09-10T12:23:28.800Z,2023,9,-33.193,-69.045,21.5,1.6,ML,ML,1.6545,Mendoza2022_Meq_to_Mw,Mendoza/YPF 2022,converted_regional,ISC,ISC,1,642983394,,inside_rectangle,single_source,yes,yes,
MZA-04423,2023-09-13T04:05:58.100Z,2023,9,-32.02,-69.939,100.1,2.2,ML,ML,2.2365,Mendoza2022_Meq_to_Mw,Mendoza/YPF 2022,converted_regional,ISC,ISC,1,642983435,,inside_rectangle,single_source,yes,yes,
MZA-04424,2023-09-13T10:23:55.199Z,2023,9,-32.709,-69.334,21.5,1.9,ML,ML,1.9455,Mendoza2022_Meq_to_Mw,Mendoza/YPF 2022,converted_regional,ISC,ISC,1,642983443,,inside_rectangle,single_source,yes,yes,
MZA-04425,2023-09-13T15:13:54.000Z,2023,9,-33.323,-69.192,22.1,1.9,ML,ML,1.9455,Mendoza2022_Meq_to_Mw,Mendoza/YPF 2022,converted_regional,ISC,ISC,1,642983447,,inside_rectangle,single_source,yes,yes,
MZA-04426,2023-09-13T17:19:51.300Z,2023,9,-32.088,-69.543,116.5,2.1,ML,ML,2.1395,Mendoza2022_Meq_to_Mw,Mendoza/YPF 2022,converted_regional,ISC,ISC,1,642983449,,inside_rectangle,single_source,yes,yes,
MZA-04427,2023-09-14T01:33:18.600Z,2023,9,-32.876,-68.846,30.1,1.8,ML,ML,1.8485,Mendoza2022_Meq_to_Mw,Mendoza/YPF 2022,converted_regional,ISC,ISC,1,642983453,,inside_rectangle,single_source,yes,yes,
MZA-04428,2023-09-14T22:25:15.900Z,2023,9,-32.111,-69.391,109.3,2.2,ML,ML,2.2365,Mendoza2022_Meq_to_Mw,Mendoza/YPF 2022,converted_regional,ISC,ISC,1,642983476,,inside_rectangle,single_source,yes,yes,
MZA-04429,2023-09-14T23:42:17.900Z,2023,9,-32.151,-69.436,113.2,2.4,ML,ML,2.4305,Mendoza2022_Meq_to_Mw,Mendoza/YPF 2022,converted_regional,ISC,ISC,1,642983478,,inside_rectangle,single_source,yes,yes,
MZA-04430,2023-09-15T07:23:01.700Z,2023,9,-32.145,-67.235,122.9,2.6,ML,ML,2.6245,Mendoza2022_Meq_to_Mw,Mendoza/YPF 2022,converted_regional,ISC,ISC,1,642983486,,inside_rectangle,single_source,yes,yes,
MZA-04431,2023-09-15T10:21:42.200Z,2023,9,-33.541,-69.385,11.2,1.9,ML,ML,1.9455,Mendoza2022_Meq_to_Mw,Mendoza/YPF 2022,converted_regional,ISC,ISC,1,642983489,,inside_rectangle,single_source,yes,yes,
MZA-04432,2023-09-15T15:01:58.300Z,2023,9,-32.602,-68.072,133.5,2.2,ML,ML,2.2365,Mendoza2022_Meq_to_Mw,Mendoza/YPF 2022,converted_regional,ISC,ISC,1,642983492,,inside_rectangle,single_source,yes,yes,
MZA-04433,2023-09-15T23:07:14.900Z,2023,9,-33.186,-68.897,14.9,2.4,ML,ML,2.4305,Mendoza2022_Meq_to_Mw,Mendoza/YPF 2022,converted_regional,ISC,ISC,1,642983502,,inside_rectangle,single_source,yes,yes,
MZA-04434,2023-09-16T12:11:59.600Z,2023,9,-32.743,-68.796,12.4,2.5,ML,ML,2.5275,Mendoza2022_Meq_to_Mw,Mendoza/YPF 2022,converted_regional,ISC,ISC,1,642983518,,inside_rectangle,single_source,yes,yes,
MZA-04435,2023-09-17T07:42:35.900Z,2023,9,-33.067,-69.183,29.2,1.8,ML,ML,1.8485,Mendoza2022_Meq_to_Mw,Mendoza/YPF 2022,converted_regional,ISC,ISC,1,642983541,,inside_rectangle,single_source,yes,yes,
MZA-04436,2023-09-19T23:29:43.200Z,2023,9,-32.873,-68.635,28.6,1.4,ML,ML,1.4605,Mendoza2022_Meq_to_Mw,Mendoza/YPF 2022,converted_regional,ISC,ISC,1,642983590,,inside_rectangle,single_source,yes,yes,
MZA-04437,2023-09-20T22:03:09.200Z,2023,9,-33.035,-68.308,10,1.8,ML,ML,1.8485,Mendoza2022_Meq_to_Mw,Mendoza/YPF 2022,converted_regional,ISC,ISC,1,642983613,,inside_rectangle,single_source,yes,yes,
MZA-04438,2023-09-20T22:46:03.300Z,2023,9,-33.176,-68.661,10.8,1.4,ML,ML,1.4605,Mendoza2022_Meq_to_Mw,Mendoza/YPF 2022,converted_regional,ISC,ISC,1,642983614,,inside_rectangle,single_source,yes,yes,
MZA-04439,2023-09-21T02:31:03.300Z,2023,9,-32.135,-69.973,134.2,2,ML,ML,2.0425,Mendoza2022_Meq_to_Mw,Mendoza/YPF 2022,converted_regional,ISC,ISC,1,642983616,,inside_rectangle,single_source,yes,yes,
MZA-04440,2023-09-21T03:39:02.200Z,2023,9,-33.258,-69.719,15.2,1.6,ML,ML,1.6545,Mendoza2022_Meq_to_Mw,Mendoza/YPF 2022,converted_regional,ISC,ISC,1,642983617,,inside_rectangle,single_source,yes,yes,
MZA-04441,2023-09-21T06:31:08.900Z,2023,9,-32.671,-69.904,109.7,1.9,ML,ML,1.9455,Mendoza2022_Meq_to_Mw,Mendoza/YPF 2022,converted_regional,ISC,ISC,1,642983623,,inside_rectangle,single_source,yes,yes,
MZA-04442,2023-09-21T09:38:26.000Z,2023,9,-32.162,-69.367,115.5,2.1,ML,ML,2.1395,Mendoza2022_Meq_to_Mw,Mendoza/YPF 2022,converted_regional,ISC,ISC,1,642983630,,inside_rectangle,single_source,yes,yes,
MZA-04443,2023-09-21T13:22:58.200Z,2023,9,-32.557,-68.055,7.3,2.5,ML,ML,2.5275,Mendoza2022_Meq_to_Mw,Mendoza/YPF 2022,converted_regional,ISC,ISC,1,642983635,,inside_rectangle,single_source,yes,yes,
MZA-04444,2023-09-22T12:46:56.000Z,2023,9,-32.964,-67.777,171,2.9,ML,ML,2.9155,Mendoza2022_Meq_to_Mw,Mendoza/YPF 2022,converted_regional,ISC,ISC,1,642983658,,inside_rectangle,single_source,yes,yes,
MZA-04445,2023-09-22T20:32:17.100Z,2023,9,-32.782,-68.041,4.9,2.7,ML,ML,2.7215,Mendoza2022_Meq_to_Mw,Mendoza/YPF 2022,converted_regional,ISC,ISC,1,642983666,,inside_rectangle,single_source,yes,yes,
MZA-04446,2023-09-24T00:36:11.900Z,2023,9,-32.028,-69.543,105.8,2.3,ML,ML,2.3335,Mendoza2022_Meq_to_Mw,Mendoza/YPF 2022,converted_regional,ISC,ISC,1,642983683,,inside_rectangle,single_source,yes,yes,
MZA-04447,2023-09-24T03:26:57.700Z,2023,9,-32.25,-68.269,15,2.5,ML,ML,2.5275,Mendoza2022_Meq_to_Mw,Mendoza/YPF 2022,converted_regional,ISC,ISC,1,642983690,,inside_rectangle,single_source,yes,yes,
MZA-04448,2023-09-24T04:21:11.000Z,2023,9,-33.406,-69.243,145.4,2.4,ML,ML,2.4305,Mendoza2022_Meq_to_Mw,Mendoza/YPF 2022,converted_regional,ISC,ISC,1,642983691,,inside_rectangle,single_source,yes,yes,
MZA-04449,2023-09-24T12:00:36.300Z,2023,9,-32.375,-69.542,109.3,2.3,ML,ML,2.3335,Mendoza2022_Meq_to_Mw,Mendoza/YPF 2022,converted_regional,ISC,ISC,1,642983700,,inside_rectangle,single_source,yes,yes,
MZA-04450,2023-09-25T12:36:19.000Z,2023,9,-33.447,-68.792,9.3,2.7,ML,ML,2.7215,Mendoza2022_Meq_to_Mw,Mendoza/YPF 2022,converted_regional,ISC,ISC,1,642983733,,inside_rectangle,single_source,yes,yes,
MZA-04451,2023-09-27T08:17:23.100Z,2023,9,-32,-68.514,113.1,2.4,ML,ML,2.4305,Mendoza2022_Meq_to_Mw,Mendoza/YPF 2022,converted_regional,ISC,ISC,1,642983774,,inside_rectangle,single_source,yes,yes,
MZA-04452,2023-09-27T11:19:10.600Z,2023,9,-32.692,-68.998,27.2,2.2,ML,ML,2.2365,Mendoza2022_Meq_to_Mw,Mendoza/YPF 2022,converted_regional,ISC,ISC,1,642983778,,inside_rectangle,single_source,yes,yes,
MZA-04453,2023-09-27T22:06:32.000Z,2023,9,-32.814,-68.253,11.4,3.1,ML,ML,3.1095,Mendoza2022_Meq_to_Mw,Mendoza/YPF 2022,converted_regional,ISC,ISC,1,642983784,,inside_rectangle,single_source,yes,yes,
MZA-04454,2023-09-28T05:10:42.300Z,2023,9,-32.763,-68.247,14.4,1.7,ML,ML,1.7515,Mendoza2022_Meq_to_Mw,Mendoza/YPF 2022,converted_regional,ISC,ISC,1,642983794,,inside_rectangle,single_source,yes,yes,
MZA-04455,2023-09-28T07:50:19.700Z,2023,9,-33.027,-69.547,8.3,1.9,ML,ML,1.9455,Mendoza2022_Meq_to_Mw,Mendoza/YPF 2022,converted_regional,ISC,ISC,1,642983797,,inside_rectangle,single_source,yes,yes,
MZA-04456,2023-09-28T07:53:22.500Z,2023,9,-32.03,-69.986,105,2.3,ML,ML,2.3335,Mendoza2022_Meq_to_Mw,Mendoza/YPF 2022,converted_regional,ISC,ISC,1,642983798,,inside_rectangle,single_source,yes,yes,
MZA-04457,2023-09-28T13:24:56.200Z,2023,9,-32.45,-68.013,141,2.3,ML,ML,2.3335,Mendoza2022_Meq_to_Mw,Mendoza/YPF 2022,converted_regional,ISC,ISC,1,642983806,,inside_rectangle,single_source,yes,yes,
MZA-04458,2023-09-28T23:54:31.500Z,2023,9,-33.716,-69.093,171.7,2.5,ML,ML,2.5275,Mendoza2022_Meq_to_Mw,Mendoza/YPF 2022,converted_regional,ISC,ISC,1,642983817,,inside_rectangle,single_source,yes,yes,
MZA-04459,2023-09-29T17:31:47.900Z,2023,9,-32.648,-69.929,122.2,2.4,ML,ML,2.4305,Mendoza2022_Meq_to_Mw,Mendoza/YPF 2022,converted_regional,ISC,ISC,1,642983833,,inside_rectangle,single_source,yes,yes,
MZA-04460,2023-09-29T17:40:14.000Z,2023,9,-32.055,-69.554,113,2.3,ML,ML,2.3335,Mendoza2022_Meq_to_Mw,Mendoza/YPF 2022,converted_regional,ISC,ISC,1,642983834,,inside_rectangle,single_source,yes,yes,
MZA-04461,2023-09-29T22:27:51.799Z,2023,9,-32.439,-69.69,116.8,2.3,ML,ML,2.3335,Mendoza2022_Meq_to_Mw,Mendoza/YPF 2022,converted_regional,ISC,ISC,1,642983837,,inside_rectangle,single_source,yes,yes,
MZA-04462,2023-09-30T08:06:38.300Z,2023,9,-33.147,-68.251,10.1,1.6,ML,ML,1.6545,Mendoza2022_Meq_to_Mw,Mendoza/YPF 2022,converted_regional,ISC,ISC,1,642983849,,inside_rectangle,single_source,yes,yes,
MZA-04463,2023-09-30T09:24:25.800Z,2023,9,-32.054,-69.552,118.7,2.1,ML,ML,2.1395,Mendoza2022_Meq_to_Mw,Mendoza/YPF 2022,converted_regional,ISC,ISC,1,642983852,,inside_rectangle,single_source,yes,yes,
MZA-04464,2023-09-30T22:58:36.100Z,2023,9,-32.719,-68.76,12.8,2.6,ML,ML,2.6245,Mendoza2022_Meq_to_Mw,Mendoza/YPF 2022,converted_regional,ISC,ISC,1,642983864,,inside_rectangle,single_source,yes,yes,
MZA-04465,2023-10-06T22:30:56.000Z,2023,10,-32.686,-69.589,136.6,3.6,ML,ML,3.5945,Mendoza2022_Meq_to_Mw,Mendoza/YPF 2022,converted_regional,ISC,ISC,1,642983870,,inside_rectangle,single_source,yes,yes,
MZA-04466,2023-10-11T15:15:12.220Z,2023,10,-32.7553,-67.7281,0.4,3.7,mb,mb,3.8148,Mendoza2022_mb_to_Mw,Mendoza/YPF 2022,converted_regional,ISC,ISC,1,635853941,,inside_rectangle,single_source,yes,yes,
MZA-04467,2023-11-01T20:48:06.000Z,2023,11,-33.088,-68.959,14.8,2.1,ML,ML,2.1395,Mendoza2022_Meq_to_Mw,Mendoza/YPF 2022,converted_regional,ISC,ISC,1,642983907,,inside_rectangle,single_source,yes,yes,
MZA-04468,2023-11-01T23:38:32.100Z,2023,11,-32.705,-68.75,135,2.5,ML,ML,2.5275,Mendoza2022_Meq_to_Mw,Mendoza/YPF 2022,converted_regional,ISC,ISC,1,642983908,,inside_rectangle,single_source,yes,yes,
MZA-04469,2023-11-02T01:25:37.800Z,2023,11,-34.115,-69,9.8,1.9,ML,ML,1.9455,Mendoza2022_Meq_to_Mw,Mendoza/YPF 2022,converted_regional,ISC,ISC,1,642983912,,inside_rectangle,single_source,yes,yes,
MZA-04470,2023-11-02T05:40:52.400Z,2023,11,-32.367,-69.731,114.5,2,ML,ML,2.0425,Mendoza2022_Meq_to_Mw,Mendoza/YPF 2022,converted_regional,ISC,ISC,1,642983909,,inside_rectangle,single_source,yes,yes,
MZA-04471,2023-11-03T21:34:05.700Z,2023,11,-32.789,-69.322,132.7,3.1,ML,ML,3.1095,Mendoza2022_Meq_to_Mw,Mendoza/YPF 2022,converted_regional,ISC,ISC,1,642983972,,inside_rectangle,single_source,yes,yes,
MZA-04472,2023-11-04T00:50:22.900Z,2023,11,-33.146,-68.888,18.9,2.4,ML,ML,2.4305,Mendoza2022_Meq_to_Mw,Mendoza/YPF 2022,converted_regional,ISC,ISC,1,642983980,,inside_rectangle,single_source,yes,yes,
MZA-04473,2023-11-04T06:18:41.800Z,2023,11,-33.376,-68.878,12.6,2.2,ML,ML,2.2365,Mendoza2022_Meq_to_Mw,Mendoza/YPF 2022,converted_regional,ISC,ISC,1,642983985,,inside_rectangle,single_source,yes,yes,
MZA-04474,2023-11-04T12:26:44.200Z,2023,11,-33.684,-68.813,7.2,2.1,ML,ML,2.1395,Mendoza2022_Meq_to_Mw,Mendoza/YPF 2022,converted_regional,ISC,ISC,1,642983995,,inside_rectangle,single_source,yes,yes,
MZA-04475,2023-11-04T22:15:55.800Z,2023,11,-32.503,-69.986,124.6,2.2,ML,ML,2.2365,Mendoza2022_Meq_to_Mw,Mendoza/YPF 2022,converted_regional,ISC,ISC,1,642984003,,inside_rectangle,single_source,yes,yes,
MZA-04476,2023-11-04T23:15:25.300Z,2023,11,-32.343,-68.641,120.3,2.4,ML,ML,2.4305,Mendoza2022_Meq_to_Mw,Mendoza/YPF 2022,converted_regional,ISC,ISC,1,642984006,,inside_rectangle,single_source,yes,yes,
MZA-04477,2023-11-05T01:42:57.900Z,2023,11,-32.056,-69.356,123.9,2.2,ML,ML,2.2365,Mendoza2022_Meq_to_Mw,Mendoza/YPF 2022,converted_regional,ISC,ISC,1,642984011,,inside_rectangle,single_source,yes,yes,
MZA-04478,2023-11-05T12:30:33.330Z,2023,11,-33.4485,-68.6553,50,4.5,mb,mb,4.258,Mendoza2022_mb_to_Mw,Mendoza/YPF 2022,converted_regional,ISC,ISC + USGS,2,635883912,us7000l903,inside_rectangle,accepted_auto,yes,yes,
MZA-04479,2023-11-05T22:32:09.000Z,2023,11,-32.645,-68.73,135.4,1.9,ML,ML,1.9455,Mendoza2022_Meq_to_Mw,Mendoza/YPF 2022,converted_regional,ISC,ISC,1,642984025,,inside_rectangle,single_source,yes,yes,
MZA-04480,2023-11-06T03:54:32.900Z,2023,11,-32.613,-69.433,133.1,1.8,ML,ML,1.8485,Mendoza2022_Meq_to_Mw,Mendoza/YPF 2022,converted_regional,ISC,ISC,1,642984031,,inside_rectangle,single_source,yes,yes,
MZA-04481,2023-11-06T06:16:31.700Z,2023,11,-32.467,-69.805,128.4,2,ML,ML,2.0425,Mendoza2022_Meq_to_Mw,Mendoza/YPF 2022,converted_regional,ISC,ISC,1,642984033,,inside_rectangle,single_source,yes,yes,
MZA-04482,2023-11-07T03:11:57.300Z,2023,11,-32.027,-69.231,120,3.1,ML,ML,3.1095,Mendoza2022_Meq_to_Mw,Mendoza/YPF 2022,converted_regional,ISC,ISC,1,642984048,,inside_rectangle,single_source,yes,yes,
MZA-04483,2023-11-07T17:46:43.600Z,2023,11,-33.496,-68.688,10.1,3.2,ML,ML,3.2065,Mendoza2022_Meq_to_Mw,Mendoza/YPF 2022,converted_regional,ISC,ISC,1,642984059,,inside_rectangle,single_source,yes,yes,
MZA-04484,2023-11-08T13:43:54.000Z,2023,11,-32.121,-69.887,118.8,2.6,ML,ML,2.6245,Mendoza2022_Meq_to_Mw,Mendoza/YPF 2022,converted_regional,ISC,ISC,1,642984082,,inside_rectangle,single_source,yes,yes,
MZA-04485,2023-11-08T17:51:20.400Z,2023,11,-33.135,-67.82,185.4,2.7,ML,ML,2.7215,Mendoza2022_Meq_to_Mw,Mendoza/YPF 2022,converted_regional,ISC,ISC,1,642984087,,inside_rectangle,single_source,yes,yes,
MZA-04486,2023-11-09T04:10:42.100Z,2023,11,-32.87,-68.713,10.4,2.3,ML,ML,2.3335,Mendoza2022_Meq_to_Mw,Mendoza/YPF 2022,converted_regional,ISC,ISC,1,642984103,,inside_rectangle,single_source,yes,yes,
MZA-04487,2023-11-09T07:40:44.200Z,2023,11,-33.173,-68.39,20.4,2,ML,ML,2.0425,Mendoza2022_Meq_to_Mw,Mendoza/YPF 2022,converted_regional,ISC,ISC,1,642984108,,inside_rectangle,single_source,yes,yes,
MZA-04488,2023-11-09T09:04:27.400Z,2023,11,-32.284,-69.403,121.7,2.6,ML,ML,2.6245,Mendoza2022_Meq_to_Mw,Mendoza/YPF 2022,converted_regional,ISC,ISC,1,642984112,,inside_rectangle,single_source,yes,yes,
MZA-04489,2023-11-10T09:54:46.400Z,2023,11,-32.264,-68.101,113.8,2.4,ML,ML,2.4305,Mendoza2022_Meq_to_Mw,Mendoza/YPF 2022,converted_regional,ISC,ISC,1,642984142,,inside_rectangle,single_source,yes,yes,
MZA-04490,2023-11-10T13:58:09.200Z,2023,11,-32.908,-69.597,130.6,2.8,ML,ML,2.8185,Mendoza2022_Meq_to_Mw,Mendoza/YPF 2022,converted_regional,ISC,ISC,1,642984145,,inside_rectangle,single_source,yes,yes,
MZA-04491,2023-11-11T03:48:47.300Z,2023,11,-32.809,-69.895,122.4,2.1,ML,ML,2.1395,Mendoza2022_Meq_to_Mw,Mendoza/YPF 2022,converted_regional,ISC,ISC,1,642984155,,inside_rectangle,single_source,yes,yes,
MZA-04492,2023-11-14T03:12:32.200Z,2023,11,-33.401,-68.343,12,3,ML,ML,3.0125,Mendoza2022_Meq_to_Mw,Mendoza/YPF 2022,converted_regional,ISC,ISC,1,642984211,,inside_rectangle,single_source,yes,yes,
MZA-04493,2023-11-15T06:55:55.300Z,2023,11,-33.273,-70,122.9,2.2,ML,ML,2.2365,Mendoza2022_Meq_to_Mw,Mendoza/YPF 2022,converted_regional,ISC,ISC,1,642984227,,inside_rectangle,single_source,yes,yes,
MZA-04494,2023-11-15T12:12:26.100Z,2023,11,-34.263,-68.802,7.7,2,ML,ML,2.0425,Mendoza2022_Meq_to_Mw,Mendoza/YPF 2022,converted_regional,ISC,ISC,1,642984232,,inside_rectangle,single_source,yes,yes,
MZA-04495,2023-11-15T14:11:12.699Z,2023,11,-33.588,-69.295,125.7,2.1,ML,ML,2.1395,Mendoza2022_Meq_to_Mw,Mendoza/YPF 2022,converted_regional,ISC,ISC,1,642984244,,inside_rectangle,single_source,yes,yes,
MZA-04496,2023-11-15T16:36:27.899Z,2023,11,-32.162,-69.329,116.4,2.6,ML,ML,2.6245,Mendoza2022_Meq_to_Mw,Mendoza/YPF 2022,converted_regional,ISC,ISC,1,642984245,,inside_rectangle,single_source,yes,yes,
MZA-04497,2023-11-15T17:40:04.700Z,2023,11,-32.24,-69.234,106.7,2.2,ML,ML,2.2365,Mendoza2022_Meq_to_Mw,Mendoza/YPF 2022,converted_regional,ISC,ISC,1,642984247,,inside_rectangle,single_source,yes,yes,
MZA-04498,2023-11-16T07:53:27.900Z,2023,11,-32.59,-69.806,117.9,2.4,ML,ML,2.4305,Mendoza2022_Meq_to_Mw,Mendoza/YPF 2022,converted_regional,ISC,ISC,1,642984264,,inside_rectangle,single_source,yes,yes,
MZA-04499,2023-11-16T08:24:25.100Z,2023,11,-33.43,-67.745,165,2.5,ML,ML,2.5275,Mendoza2022_Meq_to_Mw,Mendoza/YPF 2022,converted_regional,ISC,ISC,1,642984267,,inside_rectangle,single_source,yes,yes,
MZA-04500,2023-11-16T12:11:56.600Z,2023,11,-32.208,-67.578,130.5,2.2,ML,ML,2.2365,Mendoza2022_Meq_to_Mw,Mendoza/YPF 2022,converted_regional,ISC,ISC,1,642984272,,inside_rectangle,single_source,yes,yes,
MZA-04501,2023-11-16T13:15:22.600Z,2023,11,-32.041,-69.429,126.4,2.6,ML,ML,2.6245,Mendoza2022_Meq_to_Mw,Mendoza/YPF 2022,converted_regional,ISC,ISC,1,642984274,,inside_rectangle,single_source,yes,yes,
MZA-04502,2023-11-17T17:29:31.700Z,2023,11,-32.44,-69.88,25.2,2,ML,ML,2.0425,Mendoza2022_Meq_to_Mw,Mendoza/YPF 2022,converted_regional,ISC,ISC,1,642984304,,inside_rectangle,single_source,yes,yes,
MZA-04503,2023-11-17T22:00:48.100Z,2023,11,-32.38,-69.776,119.7,2.6,ML,ML,2.6245,Mendoza2022_Meq_to_Mw,Mendoza/YPF 2022,converted_regional,ISC,ISC,1,642984308,,inside_rectangle,single_source,yes,yes,
MZA-04504,2023-11-18T16:15:04.100Z,2023,11,-33.004,-68.953,10,2.2,ML,ML,2.2365,Mendoza2022_Meq_to_Mw,Mendoza/YPF 2022,converted_regional,ISC,ISC,1,642984331,,inside_rectangle,single_source,yes,yes,
MZA-04505,2023-11-19T13:50:18.599Z,2023,11,-33.731,-68.191,9.6,2.6,ML,ML,2.6245,Mendoza2022_Meq_to_Mw,Mendoza/YPF 2022,converted_regional,ISC,ISC,1,642979600,,inside_rectangle,single_source,yes,yes,
MZA-04506,2023-11-20T04:06:38.500Z,2023,11,-33.14,-69.066,130.3,1.8,ML,ML,1.8485,Mendoza2022_Meq_to_Mw,Mendoza/YPF 2022,converted_regional,ISC,ISC,1,642979621,,inside_rectangle,single_source,yes,yes,
MZA-04507,2023-11-20T04:42:35.880Z,2023,11,-32.9383,-68.6099,13.8,3.4,mb,mb,3.6486,Mendoza2022_mb_to_Mw,Mendoza/YPF 2022,converted_regional,ISC,ISC,1,636141047,,inside_rectangle,single_source,yes,yes,
MZA-04508,2023-11-20T16:05:25.000Z,2023,11,-32.118,-68.499,120.8,2.3,ML,ML,2.3335,Mendoza2022_Meq_to_Mw,Mendoza/YPF 2022,converted_regional,ISC,ISC,1,642979637,,inside_rectangle,single_source,yes,yes,
MZA-04509,2023-11-20T16:28:26.500Z,2023,11,-32.92,-69.227,128,2.4,ML,ML,2.4305,Mendoza2022_Meq_to_Mw,Mendoza/YPF 2022,converted_regional,ISC,ISC,1,642979639,,inside_rectangle,single_source,yes,yes,
MZA-04510,2023-11-20T20:14:01.400Z,2023,11,-32.834,-68.617,8.9,2,ML,ML,2.0425,Mendoza2022_Meq_to_Mw,Mendoza/YPF 2022,converted_regional,ISC,ISC,1,642979642,,inside_rectangle,single_source,yes,yes,
MZA-04511,2023-11-21T01:55:05.500Z,2023,11,-32.226,-69.778,113.4,2.9,ML,ML,2.9155,Mendoza2022_Meq_to_Mw,Mendoza/YPF 2022,converted_regional,ISC,ISC,1,642979652,,inside_rectangle,single_source,yes,yes,
MZA-04512,2023-11-21T08:26:04.900Z,2023,11,-33.12,-69.008,20,2.1,ML,ML,2.1395,Mendoza2022_Meq_to_Mw,Mendoza/YPF 2022,converted_regional,ISC,ISC,1,642979661,,inside_rectangle,single_source,yes,yes,
MZA-04513,2023-11-21T15:38:03.400Z,2023,11,-32.293,-67.795,116.7,2.3,ML,ML,2.3335,Mendoza2022_Meq_to_Mw,Mendoza/YPF 2022,converted_regional,ISC,ISC,1,642979676,,inside_rectangle,single_source,yes,yes,
MZA-04514,2023-11-23T15:22:56.300Z,2023,11,-32.136,-69.288,115.2,2.7,ML,ML,2.7215,Mendoza2022_Meq_to_Mw,Mendoza/YPF 2022,converted_regional,ISC,ISC,1,642979718,,inside_rectangle,single_source,yes,yes,
MZA-04515,2023-11-23T17:37:01.100Z,2023,11,-32.835,-68.666,17.2,2.9,ML,ML,2.9155,Mendoza2022_Meq_to_Mw,Mendoza/YPF 2022,converted_regional,ISC,ISC,1,642979720,,inside_rectangle,single_source,yes,yes,
MZA-04516,2023-11-25T01:34:15.199Z,2023,11,-32.252,-69.599,113.1,2.5,ML,ML,2.5275,Mendoza2022_Meq_to_Mw,Mendoza/YPF 2022,converted_regional,ISC,ISC,1,642646373,,inside_rectangle,single_source,yes,yes,
MZA-04517,2023-11-25T16:09:26.800Z,2023,11,-32.022,-67.428,5,2.6,ML,ML,2.6245,Mendoza2022_Meq_to_Mw,Mendoza/YPF 2022,converted_regional,ISC,ISC,1,642979780,,inside_rectangle,single_source,yes,yes,
MZA-04518,2023-11-26T15:48:54.600Z,2023,11,-33.663,-68.491,8,2.6,ML,ML,2.6245,Mendoza2022_Meq_to_Mw,Mendoza/YPF 2022,converted_regional,ISC,ISC,1,642979808,,inside_rectangle,single_source,yes,yes,
MZA-04519,2023-11-26T16:47:57.300Z,2023,11,-35.32,-69.632,196.3,2.7,ML,ML,2.7215,Mendoza2022_Meq_to_Mw,Mendoza/YPF 2022,converted_regional,ISC,ISC,1,642979810,,inside_rectangle,single_source,yes,yes,
MZA-04520,2023-11-26T22:45:53.999Z,2023,11,-32.065,-69.207,11,2.1,ML,ML,2.1395,Mendoza2022_Meq_to_Mw,Mendoza/YPF 2022,converted_regional,ISC,ISC,1,642979814,,inside_rectangle,single_source,yes,yes,
MZA-04521,2023-11-27T05:52:49.500Z,2023,11,-32.906,-68.669,155.9,2.4,ML,ML,2.4305,Mendoza2022_Meq_to_Mw,Mendoza/YPF 2022,converted_regional,ISC,ISC,1,642979822,,inside_rectangle,single_source,yes,yes,
MZA-04522,2023-11-27T06:31:54.899Z,2023,11,-32.118,-67.206,139.5,2.6,ML,ML,2.6245,Mendoza2022_Meq_to_Mw,Mendoza/YPF 2022,converted_regional,ISC,ISC,1,642979824,,inside_rectangle,single_source,yes,yes,
MZA-04523,2023-11-28T21:59:35.800Z,2023,11,-32.203,-68.491,102.7,1.9,ML,ML,1.9455,Mendoza2022_Meq_to_Mw,Mendoza/YPF 2022,converted_regional,ISC,ISC,1,642979859,,inside_rectangle,single_source,yes,yes,
MZA-04524,2023-11-29T06:09:23.000Z,2023,11,-35.23,-69.83,10,2.9,ML,ML,2.9155,Mendoza2022_Meq_to_Mw,Mendoza/YPF 2022,converted_regional,ISC,ISC,1,642979865,,inside_rectangle,single_source,yes,yes,
MZA-04525,2023-11-30T19:34:11.700Z,2023,11,-32.986,-68.129,164,2.8,ML,ML,2.8185,Mendoza2022_Meq_to_Mw,Mendoza/YPF 2022,converted_regional,ISC,ISC,1,642979894,,inside_rectangle,single_source,yes,yes,
MZA-04526,2023-11-30T20:05:11.499Z,2023,11,-32.393,-69.648,126.3,2.8,ML,ML,2.8185,Mendoza2022_Meq_to_Mw,Mendoza/YPF 2022,converted_regional,ISC,ISC,1,642979896,,inside_rectangle,single_source,yes,yes,
MZA-04527,2023-11-30T20:50:04.000Z,2023,11,-32.054,-68.684,10.9,2.4,ML,ML,2.4305,Mendoza2022_Meq_to_Mw,Mendoza/YPF 2022,converted_regional,ISC,ISC,1,642979897,,inside_rectangle,single_source,yes,yes,
MZA-04528,2023-12-02T07:14:57.900Z,2023,12,-33.7365,-68.6279,8.1,4.1,mb,mb,4.0364,Mendoza2022_mb_to_Mw,Mendoza/YPF 2022,converted_regional,ISC,ISC + USGS,2,636141764,us7000lfb6,inside_rectangle,accepted_auto,yes,yes,
MZA-04529,2023-12-10T01:29:10.930Z,2023,12,-32.513,-69.8525,117.4,4.4,mb,mb,4.2026,Mendoza2022_mb_to_Mw,Mendoza/YPF 2022,converted_regional,ISC,ISC + USGS,2,636368432,us7000lhuf,inside_rectangle,accepted_auto,yes,yes,
MZA-04530,2023-12-17T07:02:47.410Z,2023,12,-32.252,-68.8629,13.3,3.1,mb,mb,3.4824,Mendoza2022_mb_to_Mw,Mendoza/YPF 2022,converted_regional,ISC,ISC,1,636372464,,inside_rectangle,single_source,yes,yes,
MZA-04531,2024-01-04T05:30:50.250Z,2024,1,-32.7567,-68.7083,14.8,3.1,mb,mb,3.4824,Mendoza2022_mb_to_Mw,Mendoza/YPF 2022,converted_regional,ISC,ISC,1,636644183,,inside_rectangle,single_source,yes,yes,
MZA-04532,2024-01-16T05:25:44.000Z,2024,1,-33.765,-68.686,4.4,2.9,ML,ML,2.9155,Mendoza2022_Meq_to_Mw,Mendoza/YPF 2022,converted_regional,ISC,ISC,1,642913382,,inside_rectangle,single_source,yes,yes,
MZA-04533,2024-01-18T17:13:07.150Z,2024,1,-33.7597,-68.3177,0.3,3.4,mbtmp,mb_tmp,,not_harmonized,,excluded_type_not_supported,ISC,ISC,1,636690226,,inside_rectangle,single_source,yes,no,
MZA-04534,2024-01-23T19:58:06.710Z,2024,1,-33.9764,-69.0522,16.1,3.7,mb,mb,3.8148,Mendoza2022_mb_to_Mw,Mendoza/YPF 2022,converted_regional,ISC,ISC,1,636693550,,inside_rectangle,single_source,yes,yes,
MZA-04535,2024-01-28T16:34:52.270Z,2024,1,-32.2751,-67.1621,1.5,3.7,ML,ML,3.6915,Mendoza2022_Meq_to_Mw,Mendoza/YPF 2022,converted_regional,ISC,ISC,1,636759297,,inside_rectangle,single_source,yes,yes,
MZA-04536,2024-03-05T11:55:25.999Z,2024,3,-32.296,-69.436,132.2,3.6,ML,ML,3.5945,Mendoza2022_Meq_to_Mw,Mendoza/YPF 2022,converted_regional,ISC,ISC,1,642979993,,inside_rectangle,single_source,yes,yes,
MZA-04537,2024-03-11T09:54:48.780Z,2024,3,-32.8056,-67.2583,25,3.5,mb,mb,3.704,Mendoza2022_mb_to_Mw,Mendoza/YPF 2022,converted_regional,ISC,ISC,1,637095433,,inside_rectangle,single_source,yes,yes,
MZA-04538,2024-03-12T13:04:59.470Z,2024,3,-33.767,-68.7191,13,3.3,ML,ML,3.3035,Mendoza2022_Meq_to_Mw,Mendoza/YPF 2022,converted_regional,ISC,ISC,1,642980002,,inside_rectangle,single_source,yes,yes,
MZA-04539,2024-03-16T13:08:14.000Z,2024,3,-33.703,-68.735,20.8,3.5,ML,ML,3.4975,Mendoza2022_Meq_to_Mw,Mendoza/YPF 2022,converted_regional,ISC,ISC,1,642980008,,inside_rectangle,single_source,yes,yes,
MZA-04540,2024-03-26T07:59:13.950Z,2024,3,-35.3433,-69.596,191.7,4.4,mb,mb,4.2026,Mendoza2022_mb_to_Mw,Mendoza/YPF 2022,converted_regional,ISC,ISC + USGS,2,637097095,us7000m81k,inside_rectangle,accepted_auto,yes,yes,
MZA-04541,2024-05-05T02:50:48.400Z,2024,5,-32.771,-69.113,16.9,3.5,ML,ML,3.4975,Mendoza2022_Meq_to_Mw,Mendoza/YPF 2022,converted_regional,ISC,ISC,1,642980078,,inside_rectangle,single_source,yes,yes,
MZA-04542,2024-05-09T01:43:37.300Z,2024,5,-32.893,-69.195,16.8,2.4,ML,ML,2.4305,Mendoza2022_Meq_to_Mw,Mendoza/YPF 2022,converted_regional,ISC,ISC,1,643525776,,inside_rectangle,single_source,yes,yes,
MZA-04543,2024-05-13T00:33:52.560Z,2024,5,-33.3886,-68.5274,12.8,5,mb,mb,4.535,Mendoza2022_mb_to_Mw,Mendoza/YPF 2022,converted_regional,ISC,ISC + USGS,2,641538204,us6000my6r,inside_rectangle,accepted_auto,yes,yes,
MZA-04544,2024-05-14T07:37:16.200Z,2024,5,-33.61,-69.909,10.9,2.8,ML,ML,2.8185,Mendoza2022_Meq_to_Mw,Mendoza/YPF 2022,converted_regional,ISC,ISC,1,643525883,,inside_rectangle,single_source,yes,yes,
MZA-04545,2024-05-14T14:16:01.400Z,2024,5,-33.616,-69.901,9.6,2.6,ML,ML,2.6245,Mendoza2022_Meq_to_Mw,Mendoza/YPF 2022,converted_regional,ISC,ISC,1,643525889,,inside_rectangle,single_source,yes,yes,
MZA-04546,2024-05-16T19:31:18.810Z,2024,5,-32.3362,-67.3423,0,3.7,mb,mb,3.8148,Mendoza2022_mb_to_Mw,Mendoza/YPF 2022,converted_regional,ISC,ISC,1,641560792,,inside_rectangle,single_source,yes,yes,
MZA-04547,2024-05-22T06:30:45.400Z,2024,5,-32.666,-68.852,130.1,3.4,ML,ML,3.4005,Mendoza2022_Meq_to_Mw,Mendoza/YPF 2022,converted_regional,ISC,ISC,1,642980108,,inside_rectangle,single_source,yes,yes,
MZA-04548,2024-05-27T00:18:59.130Z,2024,5,-32.3584,-69.5191,118.9,4.5,mb,mb,4.258,Mendoza2022_mb_to_Mw,Mendoza/YPF 2022,converted_regional,ISC,ISC + USGS,2,641556463,us6000n16j,inside_rectangle,accepted_auto,yes,yes,
MZA-04549,2024-05-27T06:54:47.750Z,2024,5,-32.0286,-68.0709,118,4.2,mb,mb,4.0918,Mendoza2022_mb_to_Mw,Mendoza/YPF 2022,converted_regional,ISC,ISC + USGS,2,641573277,us6000n188,inside_rectangle,accepted_auto,yes,yes,
MZA-04550,2024-06-01T21:14:39.309Z,2024,6,-32.4798,-69.774,117.6,3.5,ML,ML,3.4975,Mendoza2022_Meq_to_Mw,Mendoza/YPF 2022,converted_regional,ISC,ISC,1,642980126,,inside_rectangle,single_source,yes,yes,
MZA-04551,2024-06-07T02:44:15.300Z,2024,6,-33.601,-69.925,15.7,2.1,ML,ML,2.1395,Mendoza2022_Meq_to_Mw,Mendoza/YPF 2022,converted_regional,ISC,ISC,1,643774757,,inside_rectangle,single_source,yes,yes,
MZA-04552,2024-06-10T06:20:10.400Z,2024,6,-33.495,-69.442,1.7,2.3,ML,ML,2.3335,Mendoza2022_Meq_to_Mw,Mendoza/YPF 2022,converted_regional,ISC,ISC,1,643774816,,inside_rectangle,single_source,yes,yes,
MZA-04553,2024-06-10T16:45:38.690Z,2024,6,-33.6021,-69.2974,1.1,3.6,ML,ML,3.5945,Mendoza2022_Meq_to_Mw,Mendoza/YPF 2022,converted_regional,ISC,ISC,1,642980136,,inside_rectangle,single_source,yes,yes,
MZA-04554,2024-06-17T22:19:30.829Z,2024,6,-32.7372,-68.4379,2.1,3.9,mb,mb,3.9256,Mendoza2022_mb_to_Mw,Mendoza/YPF 2022,converted_regional,ISC,ISC,1,641621324,,inside_rectangle,single_source,yes,yes,
MZA-04555,2024-06-19T13:49:07.320Z,2024,6,-32.4455,-69.6376,126,4.1,mb,mb,4.0364,Mendoza2022_mb_to_Mw,Mendoza/YPF 2022,converted_regional,ISC,ISC + USGS,2,641628230,us7000mtez,inside_rectangle,accepted_auto,yes,yes,
MZA-04556,2024-06-20T20:01:57.940Z,2024,6,-32.042,-69.3608,121.6,3.6,mb,mb,3.7594,Mendoza2022_mb_to_Mw,Mendoza/YPF 2022,converted_regional,ISC,ISC,1,641628290,,inside_rectangle,single_source,yes,yes,
MZA-04557,2024-06-27T08:39:41.400Z,2024,6,-33.093,-69.9272,119.1,4.5,mb,mb,4.258,Mendoza2022_mb_to_Mw,Mendoza/YPF 2022,converted_regional,ISC,ISC + USGS,2,641613603,us6000n8k8,inside_rectangle,accepted_auto,yes,yes,
MZA-04558,2024-07-01T13:04:09.600Z,2024,7,-32.5707,-69.2827,8.7,4.2,mb,mb,4.0918,Mendoza2022_mb_to_Mw,Mendoza/YPF 2022,converted_regional,ISC,ISC + USGS,2,641617467,us6000n9kn,inside_rectangle,accepted_auto,yes,yes,
MZA-04559,2024-07-12T06:39:47.700Z,2024,7,-32.7183,-68.7775,24.3,3.8,ML,ML,3.7885,Mendoza2022_Meq_to_Mw,Mendoza/YPF 2022,converted_regional,ISC,ISC + USGS,2,641646456,us7000mysi,inside_rectangle,accepted_auto,yes,yes,
MZA-04560,2024-07-27T02:47:35.462Z,2024,7,-33.3514,-68.9252,2.448,3,ml,ML,3.0125,Mendoza2022_Meq_to_Mw,Mendoza/YPF 2022,converted_regional,USGS,USGS,1,,usd0011its,inside_rectangle,single_source,yes,yes,
MZA-04561,2024-08-28T16:15:10.300Z,2024,8,-33.568,-68.925,422,4.3,mb,mb,4.1472,Mendoza2022_mb_to_Mw,Mendoza/YPF 2022,converted_regional,ISC,ISC,1,643864678,,inside_rectangle,single_source,no,no,Fuente no revisada/provisional; excluir del subconjunto primario.
MZA-04562,2024-09-01T01:46:02.470Z,2024,9,-32.3823,-67.6124,34.9,3.1,mb,mb,3.4824,Mendoza2022_mb_to_Mw,Mendoza/YPF 2022,converted_regional,ISC,ISC,1,642179507,,inside_rectangle,single_source,no,no,Fuente no revisada/provisional; excluir del subconjunto primario.
MZA-04563,2024-09-04T23:31:10.000Z,2024,9,-35.122,-67.856,24.9,3.2,ML,ML,3.2065,Mendoza2022_Meq_to_Mw,Mendoza/YPF 2022,converted_regional,ISC,ISC,1,643079905,,inside_rectangle,single_source,no,no,Fuente no revisada/provisional; excluir del subconjunto primario.
MZA-04564,2024-09-21T13:46:07.500Z,2024,9,-32.2,-69.978,151.2,2.7,ML,ML,2.7215,Mendoza2022_Meq_to_Mw,Mendoza/YPF 2022,converted_regional,ISC,ISC,1,644217973,,inside_rectangle,single_source,no,no,Fuente no revisada/provisional; excluir del subconjunto primario.
MZA-04565,2024-10-08T16:08:16.100Z,2024,10,-35.549,-69.81,45.1,2.5,ML,ML,2.5275,Mendoza2022_Meq_to_Mw,Mendoza/YPF 2022,converted_regional,ISC,ISC,1,644656206,,inside_rectangle,single_source,no,no,Fuente no revisada/provisional; excluir del subconjunto primario.
MZA-04566,2024-10-10T23:57:08.100Z,2024,10,-32.967,-69.027,8.9,3.5,ML,ML,3.4975,Mendoza2022_Meq_to_Mw,Mendoza/YPF 2022,converted_regional,ISC,ISC,1,642152366,,inside_rectangle,single_source,no,no,Fuente no revisada/provisional; excluir del subconjunto primario.
MZA-04567,2024-10-22T04:14:29.099Z,2024,10,-32.085,-69.911,154.1,3.1,ML,ML,3.1095,Mendoza2022_Meq_to_Mw,Mendoza/YPF 2022,converted_regional,ISC,ISC,1,644656394,,inside_rectangle,single_source,no,no,Fuente no revisada/provisional; excluir del subconjunto primario.
MZA-04568,2024-11-03T04:04:04.506Z,2024,11,-35.6965,-69.4927,188.15,5.4,mww,Mw,5.4,reported_Mw,ISC/USGS,direct,USGS,ISC + USGS,2,642434205,us7000npn0,inside_rectangle,accepted_manual_strong,yes,yes,
MZA-04569,2024-11-03T04:04:04.800Z,2024,11,-35.708,-69.322,189,5.5,mb,mb,4.812,Mendoza2022_mb_to_Mw,Mendoza/YPF 2022,converted_regional,ISC,ISC,1,642434203,,inside_rectangle,single_source,no,no,Fuente no revisada/provisional; excluir del subconjunto primario.
MZA-04570,2024-11-04T13:15:49.700Z,2024,11,-33.846,-68.603,5.8,3.6,ML,ML,3.5945,Mendoza2022_Meq_to_Mw,Mendoza/YPF 2022,converted_regional,ISC,ISC,1,642980661,,inside_rectangle,single_source,no,no,Fuente no revisada/provisional; excluir del subconjunto primario.
MZA-04571,2024-11-07T17:49:46.700Z,2024,11,-32.38,-69.75,134.2,3.5,ML,ML,3.4975,Mendoza2022_Meq_to_Mw,Mendoza/YPF 2022,converted_regional,ISC,ISC,1,644990577,,inside_rectangle,single_source,no,no,Fuente no revisada/provisional; excluir del subconjunto primario.
MZA-04572,2024-11-13T07:51:29.500Z,2024,11,-34.676,-69.867,5.7,2.9,ML,ML,2.9155,Mendoza2022_Meq_to_Mw,Mendoza/YPF 2022,converted_regional,ISC,ISC,1,644990811,,inside_rectangle,single_source,no,no,Fuente no revisada/provisional; excluir del subconjunto primario.
MZA-04573,2024-11-25T12:58:27.200Z,2024,11,-32.16,-69.325,105.4,2.8,ML,ML,2.8185,Mendoza2022_Meq_to_Mw,Mendoza/YPF 2022,converted_regional,ISC,ISC,1,644965150,,inside_rectangle,single_source,no,no,Fuente no revisada/provisional; excluir del subconjunto primario.
MZA-04574,2024-12-03T05:23:48.815Z,2024,12,-32.4393,-69.8895,135.744,4.1,mb,mb,4.0364,Mendoza2022_mb_to_Mw,Mendoza/YPF 2022,converted_regional,USGS,ISC + USGS,2,642626194,us7000nvk6,inside_rectangle,accepted_auto,yes,yes,
MZA-04575,2024-12-04T00:19:34.932Z,2024,12,-32.2802,-69.2117,10,4.1,mb,mb,4.0364,Mendoza2022_mb_to_Mw,Mendoza/YPF 2022,converted_regional,USGS,ISC + USGS,2,642627055,us7000nvrt,inside_rectangle,accepted_auto,yes,yes,
MZA-04576,2024-12-06T00:08:11.364Z,2024,12,-33.502,-68.7095,35.561,4.3,mb,mb,4.1472,Mendoza2022_mb_to_Mw,Mendoza/YPF 2022,converted_regional,USGS,ISC + USGS,2,642630605,us7000nwds,inside_rectangle,accepted_auto,yes,yes,
MZA-04577,2024-12-06T18:00:22.200Z,2024,12,-32.887,-68.349,16,4,ML,ML,3.9825,Mendoza2022_Meq_to_Mw,Mendoza/YPF 2022,converted_regional,ISC,ISC,1,642662012,,inside_rectangle,single_source,no,no,Fuente no revisada/provisional; excluir del subconjunto primario.
MZA-04578,2024-12-09T14:45:59.700Z,2024,12,-32.979,-69.89,22.6,2.6,ML,ML,2.6245,Mendoza2022_Meq_to_Mw,Mendoza/YPF 2022,converted_regional,ISC,ISC,1,645092595,,inside_rectangle,single_source,no,no,Fuente no revisada/provisional; excluir del subconjunto primario.
MZA-04579,2024-12-12T08:34:01.599Z,2024,12,-33.146,-69.592,10,2.9,ML,ML,2.9155,Mendoza2022_Meq_to_Mw,Mendoza/YPF 2022,converted_regional,ISC,ISC,1,645092650,,inside_rectangle,single_source,no,no,Fuente no revisada/provisional; excluir del subconjunto primario.
MZA-04580,2024-12-13T21:06:31.800Z,2024,12,-33.37,-68.965,4.3,2.9,ML,ML,2.9155,Mendoza2022_Meq_to_Mw,Mendoza/YPF 2022,converted_regional,ISC,ISC,1,645092680,,inside_rectangle,single_source,no,no,Fuente no revisada/provisional; excluir del subconjunto primario.
MZA-04581,2024-12-13T23:38:14.960Z,2024,12,-33.8671,-69.8711,15.1,,,,,not_harmonized,,excluded_missing_or_invalid,ISC,ISC,1,644406031,,inside_rectangle,single_source,no,no,Fuente no revisada/provisional; excluir del subconjunto primario. Magnitud QC: missing.
MZA-04582,2024-12-16T00:11:35.700Z,2024,12,-32.573,-69.948,138,2.9,ML,ML,2.9155,Mendoza2022_Meq_to_Mw,Mendoza/YPF 2022,converted_regional,ISC,ISC,1,645092716,,inside_rectangle,single_source,no,no,Fuente no revisada/provisional; excluir del subconjunto primario.
MZA-04583,2024-12-20T05:32:42.009Z,2024,12,-33.6134,-67.9604,178.378,4.8,mb,mb,4.4242,Mendoza2022_mb_to_Mw,Mendoza/YPF 2022,converted_regional,USGS,ISC + USGS,2,642654384,us7000p08b,inside_rectangle,accepted_manual_strong,yes,yes,
MZA-04584,2024-12-20T05:32:43.130Z,2024,12,-33.5378,-67.9878,188.3,4.1,mb,mb,4.0364,Mendoza2022_mb_to_Mw,Mendoza/YPF 2022,converted_regional,ISC,ISC,1,642654387,,inside_rectangle,single_source,no,no,Fuente no revisada/provisional; excluir del subconjunto primario.
MZA-04585,2025-01-01T09:09:01.697Z,2025,1,-32.4128,-69.7916,118.551,4.5,mb,mb,4.258,Mendoza2022_mb_to_Mw,Mendoza/YPF 2022,converted_regional,USGS,ISC + USGS,2,642666236,us6000pgtu,inside_rectangle,accepted_auto,yes,yes,
MZA-04586,2025-01-18T02:08:26.990Z,2025,1,-32.0848,-67.8563,95.9,3.3,mb,mb,3.5932,Mendoza2022_mb_to_Mw,Mendoza/YPF 2022,converted_regional,ISC,ISC,1,642816723,,inside_rectangle,single_source,no,no,Fuente no revisada/provisional; excluir del subconjunto primario.
MZA-04587,2025-01-22T05:13:07.499Z,2025,1,-32.351,-69.796,126.7,2.9,ML,ML,2.9155,Mendoza2022_Meq_to_Mw,Mendoza/YPF 2022,converted_regional,ISC,ISC,1,645318434,,inside_rectangle,single_source,no,no,Fuente no revisada/provisional; excluir del subconjunto primario.
MZA-04588,2025-01-25T13:30:09.800Z,2025,1,-32.242,-69.949,119.1,3.5,ML,ML,3.4975,Mendoza2022_Meq_to_Mw,Mendoza/YPF 2022,converted_regional,ISC,ISC,1,645318493,,inside_rectangle,single_source,no,no,Fuente no revisada/provisional; excluir del subconjunto primario.
MZA-04589,2025-02-05T16:49:51.300Z,2025,2,-32.158,-69.461,105.1,2.6,ML,ML,2.6245,Mendoza2022_Meq_to_Mw,Mendoza/YPF 2022,converted_regional,ISC,ISC,1,645532870,,inside_rectangle,single_source,no,no,Fuente no revisada/provisional; excluir del subconjunto primario.
MZA-04590,2025-02-18T15:35:27.770Z,2025,2,-32.0443,-67.5286,0,3.8,mbtmp,mb_tmp,,not_harmonized,,excluded_type_not_supported,ISC,ISC,1,642961810,,inside_rectangle,single_source,no,no,Fuente no revisada/provisional; excluir del subconjunto primario.
MZA-04591,2025-03-07T13:09:05.600Z,2025,3,-34.025,-69.885,11.5,1.6,ML,ML,1.6545,Mendoza2022_Meq_to_Mw,Mendoza/YPF 2022,converted_regional,ISC,ISC,1,645609181,,inside_rectangle,single_source,no,no,Fuente no revisada/provisional; excluir del subconjunto primario.
MZA-04592,2025-03-24T02:17:04.000Z,2025,3,-33.332,-69.791,11.2,2.5,ML,ML,2.5275,Mendoza2022_Meq_to_Mw,Mendoza/YPF 2022,converted_regional,ISC,ISC,1,645609582,,inside_rectangle,single_source,no,no,Fuente no revisada/provisional; excluir del subconjunto primario.
MZA-04593,2025-03-24T07:13:56.200Z,2025,3,-33.31,-69.833,7.2,2.4,ML,ML,2.4305,Mendoza2022_Meq_to_Mw,Mendoza/YPF 2022,converted_regional,ISC,ISC,1,645609585,,inside_rectangle,single_source,no,no,Fuente no revisada/provisional; excluir del subconjunto primario.
MZA-04594,2025-03-27T06:49:13.100Z,2025,3,-33.356,-69.999,7,1.8,ML,ML,1.8485,Mendoza2022_Meq_to_Mw,Mendoza/YPF 2022,converted_regional,ISC,ISC,1,645609689,,inside_rectangle,single_source,no,no,Fuente no revisada/provisional; excluir del subconjunto primario.
MZA-04595,2025-03-31T10:01:20.900Z,2025,3,-33.673,-69.043,0,2.5,ML,ML,2.5275,Mendoza2022_Meq_to_Mw,Mendoza/YPF 2022,converted_regional,ISC,ISC,1,645609770,,inside_rectangle,single_source,no,no,Fuente no revisada/provisional; excluir del subconjunto primario.
MZA-04596,2025-04-01T01:27:54.200Z,2025,4,-33.343,-69.761,3.7,1.5,ML,ML,1.5575,Mendoza2022_Meq_to_Mw,Mendoza/YPF 2022,converted_regional,ISC,ISC,1,645720408,,inside_rectangle,single_source,no,no,Fuente no revisada/provisional; excluir del subconjunto primario.
MZA-04597,2025-04-06T04:42:09.900Z,2025,4,-33.214,-69.98,130.7,2.3,ML,ML,2.3335,Mendoza2022_Meq_to_Mw,Mendoza/YPF 2022,converted_regional,ISC,ISC,1,645720538,,inside_rectangle,single_source,no,no,Fuente no revisada/provisional; excluir del subconjunto primario.
MZA-04598,2025-04-26T01:30:19.600Z,2025,4,-33.404,-69.837,9,2.3,ML,ML,2.3335,Mendoza2022_Meq_to_Mw,Mendoza/YPF 2022,converted_regional,ISC,ISC,1,645721009,,inside_rectangle,single_source,no,no,Fuente no revisada/provisional; excluir del subconjunto primario.
MZA-04599,2025-04-27T11:36:18.754Z,2025,4,-34.0359,-68.8467,10,4.5,mwr,Mw,4.5,reported_Mw,ISC/USGS,direct,USGS,ISC + USGS,2,643182011,us7000pve6,inside_rectangle,accepted_auto,yes,yes,
MZA-04600,2025-04-27T18:21:15.376Z,2025,4,-34.0979,-69.1956,167.959,4.3,mb,mb,4.1472,Mendoza2022_mb_to_Mw,Mendoza/YPF 2022,converted_regional,USGS,ISC + USGS,2,643182037,us7000pvfm,inside_rectangle,accepted_auto,yes,yes,
MZA-04601,2025-05-13T19:33:54.290Z,2025,5,-32.2675,-67.6567,253.3,3.5,mbtmp,mb_tmp,,not_harmonized,,excluded_type_not_supported,ISC,ISC,1,644514094,,inside_rectangle,single_source,no,no,Fuente no revisada/provisional; excluir del subconjunto primario.
MZA-04602,2025-05-16T19:13:53.170Z,2025,5,-32.5674,-68.6011,108.2,3.8,mb,mb,3.8702,Mendoza2022_mb_to_Mw,Mendoza/YPF 2022,converted_regional,ISC,ISC,1,644514262,,inside_rectangle,single_source,no,no,Fuente no revisada/provisional; excluir del subconjunto primario.
MZA-04603,2025-06-01T07:33:48.352Z,2025,6,-32.0064,-69.265,118.123,4.5,mb,mb,4.258,Mendoza2022_mb_to_Mw,Mendoza/YPF 2022,converted_regional,USGS,ISC + USGS,2,643486486,us6000qh7k,inside_rectangle,accepted_auto,yes,yes,
MZA-04604,2025-06-07T09:15:28.599Z,2025,6,-33.335,-69.815,4.6,0.8,ML,ML,0.8785,Mendoza2022_Meq_to_Mw,Mendoza/YPF 2022,converted_regional,ISC,ISC,1,646046655,,inside_rectangle,single_source,no,no,Fuente no revisada/provisional; excluir del subconjunto primario.
MZA-04605,2025-06-07T09:16:12.800Z,2025,6,-33.336,-69.814,4.4,1.3,ML,ML,1.3635,Mendoza2022_Meq_to_Mw,Mendoza/YPF 2022,converted_regional,ISC,ISC,1,646046652,,inside_rectangle,single_source,no,no,Fuente no revisada/provisional; excluir del subconjunto primario.
MZA-04606,2025-06-07T09:16:36.700Z,2025,6,-33.337,-69.816,3.7,1.3,ML,ML,1.3635,Mendoza2022_Meq_to_Mw,Mendoza/YPF 2022,converted_regional,ISC,ISC,1,646046658,,inside_rectangle,single_source,no,no,Fuente no revisada/provisional; excluir del subconjunto primario.
MZA-04607,2025-06-09T07:19:25.500Z,2025,6,-32.813,-69.811,144.4,2.7,ML,ML,2.7215,Mendoza2022_Meq_to_Mw,Mendoza/YPF 2022,converted_regional,ISC,ISC,1,646046693,,inside_rectangle,single_source,no,no,Fuente no revisada/provisional; excluir del subconjunto primario.
MZA-04608,2025-06-12T11:50:24.600Z,2025,6,-33.597,-69.962,4.6,2.4,ML,ML,2.4305,Mendoza2022_Meq_to_Mw,Mendoza/YPF 2022,converted_regional,ISC,ISC,1,646046773,,inside_rectangle,single_source,no,no,Fuente no revisada/provisional; excluir del subconjunto primario.
MZA-04609,2025-06-13T01:30:13.400Z,2025,6,-33.543,-69.992,12.1,2.5,ML,ML,2.5275,Mendoza2022_Meq_to_Mw,Mendoza/YPF 2022,converted_regional,ISC,ISC,1,646046791,,inside_rectangle,single_source,no,no,Fuente no revisada/provisional; excluir del subconjunto primario.
MZA-04610,2025-06-19T06:08:22.487Z,2025,6,-32.4483,-68.071,144.202,4.6,mb,mb,4.3134,Mendoza2022_mb_to_Mw,Mendoza/YPF 2022,converted_regional,USGS,ISC + USGS,2,643542095,us6000ql6l,inside_rectangle,accepted_auto,yes,yes,
MZA-04611,2025-06-20T16:09:00.600Z,2025,6,-32.46,-69.968,135.3,3.1,ML,ML,3.1095,Mendoza2022_Meq_to_Mw,Mendoza/YPF 2022,converted_regional,ISC,ISC,1,646046988,,inside_rectangle,single_source,no,no,Fuente no revisada/provisional; excluir del subconjunto primario.
MZA-04612,2025-07-12T06:52:33.630Z,2025,7,-32.1158,-68.3992,126.63,4.9,mb,mb,4.4796,Mendoza2022_mb_to_Mw,Mendoza/YPF 2022,converted_regional,USGS,ISC + USGS,2,643773650,us7000qc7z,inside_rectangle,accepted_auto,yes,yes,
MZA-04613,2025-08-11T12:29:14.590Z,2025,8,-32.8768,-68.602,0,3.5,mbtmp,mb_tmp,,not_harmonized,,excluded_type_not_supported,ISC,ISC,1,644521240,,inside_rectangle,single_source,no,no,Fuente no revisada/provisional; excluir del subconjunto primario.
MZA-04614,2025-08-26T17:15:20.220Z,2025,8,-32.9238,-68.1615,13.9,3.6,mb,mb,3.7594,Mendoza2022_mb_to_Mw,Mendoza/YPF 2022,converted_regional,ISC,ISC,1,644522518,,inside_rectangle,single_source,no,no,Fuente no revisada/provisional; excluir del subconjunto primario.
MZA-04615,2025-09-11T17:23:28.524Z,2025,9,-32.0933,-69.4191,119.797,4.4,mb,mb,4.2026,Mendoza2022_mb_to_Mw,Mendoza/YPF 2022,converted_regional,USGS,ISC + USGS,2,644523705,us7000qvii,inside_rectangle,accepted_auto,yes,yes,
MZA-04616,2025-09-18T18:03:20.816Z,2025,9,-32.8568,-69.3216,121.245,4.5,mb,mb,4.258,Mendoza2022_mb_to_Mw,Mendoza/YPF 2022,converted_regional,USGS,ISC + USGS,2,644158084,us7000qx1v,inside_rectangle,accepted_auto,yes,yes,
MZA-04617,2025-10-13T18:58:40.261Z,2025,10,-32.0649,-69.4448,112.926,4.6,mwr,Mw,4.6,reported_Mw,ISC/USGS,direct,USGS,ISC + USGS,2,644381063,us6000rgxx,inside_rectangle,accepted_auto,yes,yes,
MZA-04618,2025-10-21T14:08:37.149Z,2025,10,-32.3756,-69.7362,118.266,4.8,mww,Mw,4.8,reported_Mw,ISC/USGS,direct,USGS,ISC + USGS,2,644472320,us6000rigb,inside_rectangle,accepted_auto,yes,yes,
MZA-04619,2025-11-06T17:55:33.690Z,2025,11,-32.2087,-68.5352,128.9,3.6,mb,mb,3.7594,Mendoza2022_mb_to_Mw,Mendoza/YPF 2022,converted_regional,ISC,ISC,1,644640690,,inside_rectangle,single_source,no,no,Fuente no revisada/provisional; excluir del subconjunto primario.
MZA-04620,2025-12-02T23:28:31.827Z,2025,12,-32.2965,-68.5182,37.463,4.4,mwr,Mw,4.4,reported_Mw,ISC/USGS,direct,USGS,ISC + USGS,2,644707866,us6000rs3h,inside_rectangle,accepted_auto,yes,yes,
MZA-04621,2025-12-07T18:25:10.030Z,2025,12,-32.004,-69.533,101.4,4.5,M,M,4.4675,Mendoza2022_Meq_to_Mw,Mendoza/YPF 2022,converted_regional,ISC,ISC,1,644816773,,inside_rectangle,single_source,no,no,Fuente no revisada/provisional; excluir del subconjunto primario.
MZA-04622,2025-12-25T09:58:17.400Z,2025,12,-32.5824,-69.5589,114.4,2.8,mb,mb,3.3162,Mendoza2022_mb_to_Mw,Mendoza/YPF 2022,converted_regional,ISC,ISC,1,645094989,,inside_rectangle,single_source,no,no,Fuente no revisada/provisional; excluir del subconjunto primario.
MZA-04623,2025-12-29T02:06:38.539Z,2025,12,-33.49,-69.99,105.2,5,M,M,4.9525,Mendoza2022_Meq_to_Mw,Mendoza/YPF 2022,converted_regional,ISC,ISC,1,644880207,,inside_rectangle,single_source,no,no,Fuente no revisada/provisional; excluir del subconjunto primario.
